account_id,account_number,person_id,bank_name
A00001,42832670116781,P01127,Fictional National Bank
A00002,78629025153864,P01600,Synthetic Cooperative Bank
A00003,30220994175304,P00856,Fictional National Bank
A00004,31984105075508,P00713,Mock Union Bank
A00005,28467703784679,P00996,Sample Trust Bank
A00006,08307644058355,P00095,Fictional National Bank
A00007,27279732829018,P00166,Synthetic Cooperative Bank
A00008,51121340636801,P00253,Fictional National Bank
A00009,24065117471170,P00719,Sample Trust Bank
A00010,57968863124079,P00534,Fictional National Bank
A00011,48138819011456,P00602,Sample Trust Bank
A00012,67761952496017,P01584,Fictional National Bank
A00013,17645177022380,P01135,Mock Union Bank
A00014,53478277253209,P01405,Mock Union Bank
A00015,28489873587272,P01270,Synthetic Cooperative Bank
A00016,57024093986639,P00425,Mock Union Bank
A00017,48442739835652,P01523,Synthetic Cooperative Bank
A00018,88676227353340,P01207,Sample Trust Bank
A00019,01663340142156,P01260,Synthetic Cooperative Bank
A00020,52636288623357,P00500,Fictional National Bank
A00021,45514344211175,P00556,Mock Union Bank
A00022,44957421884246,P01773,Synthetic Cooperative Bank
A00023,51291164792464,P01005,Synthetic Cooperative Bank
A00024,87247353998759,P01173,Fictional National Bank
A00025,00751451834792,P00711,Synthetic Cooperative Bank
A00026,78245310812464,P00094,Synthetic Cooperative Bank
A00027,86243014606696,P01481,Fictional National Bank
A00028,69637491218790,P01444,Sample Trust Bank
A00029,61471590112502,P00668,Synthetic Cooperative Bank
A00030,00402728986832,P00162,Fictional National Bank
A00031,08614984250796,P01845,Sample Trust Bank
A00032,78420014144246,P01234,Fictional National Bank
A00033,37238615952859,P01282,Mock Union Bank
A00034,57637982930557,P00904,Sample Trust Bank
A00035,98367607410593,P01149,Mock Union Bank
A00036,81504390356028,P01454,Mock Union Bank
A00037,69660963547607,P01527,Mock Union Bank
A00038,21018426226441,P01686,Fictional National Bank
A00039,24594085935653,P01749,Mock Union Bank
A00040,43779507655737,P00309,Mock Union Bank
A00041,52512258467901,P01119,Sample Trust Bank
A00042,22792949652396,P01604,Sample Trust Bank
A00043,99902038540700,P00499,Mock Union Bank
A00044,59124269575385,P01514,Fictional National Bank
A00045,39763529461426,P01412,Synthetic Cooperative Bank
A00046,08520633461189,P00046,Sample Trust Bank
A00047,37282659338041,P01047,Fictional National Bank
A00048,60333085441843,P00951,Sample Trust Bank
A00049,60209313788021,P01302,Fictional National Bank
A00050,67677773657645,P01159,Mock Union Bank
A00051,90348195435110,P00586,Synthetic Cooperative Bank
A00052,39553308923331,P00751,Synthetic Cooperative Bank
A00053,14855070264062,P00722,Sample Trust Bank
A00054,74151448762164,P00030,Synthetic Cooperative Bank
A00055,42797302940695,P01465,Sample Trust Bank
A00056,52023589377125,P01829,Synthetic Cooperative Bank
A00057,88919949516599,P01072,Fictional National Bank
A00058,94564464523900,P01495,Mock Union Bank
A00059,52428678554701,P00144,Sample Trust Bank
A00060,95014670936725,P01517,Fictional National Bank
A00061,80041770734603,P01481,Fictional National Bank
A00062,34079921645752,P00814,Sample Trust Bank
A00063,28328678515066,P00684,Fictional National Bank
A00064,71556616689409,P00689,Synthetic Cooperative Bank
A00065,36460595516113,P00830,Synthetic Cooperative Bank
A00066,63224518256961,P01174,Synthetic Cooperative Bank
A00067,26974869784879,P00162,Sample Trust Bank
A00068,19630527043692,P01473,Synthetic Cooperative Bank
A00069,91642301274690,P01517,Fictional National Bank
A00070,31919863708553,P00966,Sample Trust Bank
A00071,22306356735775,P00010,Sample Trust Bank
A00072,42984104003273,P01237,Fictional National Bank
A00073,24827463523561,P00430,Fictional National Bank
A00074,20380695862185,P01113,Synthetic Cooperative Bank
A00075,11128177903666,P01829,Sample Trust Bank
A00076,94728132659845,P00449,Fictional National Bank
A00077,79029403753531,P00380,Synthetic Cooperative Bank
A00078,45275671950305,P00304,Sample Trust Bank
A00079,80712652494891,P00995,Mock Union Bank
A00080,98388201514977,P00314,Sample Trust Bank
A00081,91361657652822,P00815,Sample Trust Bank
A00082,95490294849434,P00209,Mock Union Bank
A00083,66138865500915,P00906,Mock Union Bank
A00084,78323959360194,P01437,Fictional National Bank
A00085,70661853608780,P00302,Sample Trust Bank
A00086,20338811209966,P00263,Sample Trust Bank
A00087,37203734483656,P00847,Sample Trust Bank
A00088,19056574396770,P00003,Mock Union Bank
A00089,73931649095468,P00510,Sample Trust Bank
A00090,30588681025312,P01488,Synthetic Cooperative Bank
A00091,62547800958040,P00834,Fictional National Bank
A00092,61597000190073,P01554,Mock Union Bank
A00093,73474369390894,P00503,Fictional National Bank
A00094,98596718321305,P00416,Mock Union Bank
A00095,84251119035940,P00243,Mock Union Bank
A00096,94125979990323,P00326,Sample Trust Bank
A00097,76606289513403,P01355,Sample Trust Bank
A00098,87443081836329,P01099,Synthetic Cooperative Bank
A00099,70266382071548,P01267,Fictional National Bank
A00100,13311786057767,P01101,Sample Trust Bank
A00101,28892030287574,P00143,Fictional National Bank
A00102,92303606778719,P00705,Synthetic Cooperative Bank
A00103,97265571364967,P00522,Mock Union Bank
A00104,14537525744882,P01392,Mock Union Bank
A00105,69901851115673,P00271,Synthetic Cooperative Bank
A00106,51576467050680,P01086,Synthetic Cooperative Bank
A00107,31934650275860,P01001,Synthetic Cooperative Bank
A00108,45633389234952,P01836,Mock Union Bank
A00109,70515578263880,P01531,Synthetic Cooperative Bank
A00110,42716186286974,P01602,Sample Trust Bank
A00111,23703854787268,P00824,Fictional National Bank
A00112,31922941232806,P01140,Synthetic Cooperative Bank
A00113,94185455418925,P00690,Synthetic Cooperative Bank
A00114,00356303282673,P00169,Mock Union Bank
A00115,90479865716896,P01332,Synthetic Cooperative Bank
A00116,25086286856434,P00182,Sample Trust Bank
A00117,88230925872894,P00759,Sample Trust Bank
A00118,36316330846017,P00924,Synthetic Cooperative Bank
A00119,28033649084749,P01484,Fictional National Bank
A00120,63430310166366,P01262,Synthetic Cooperative Bank
A00121,28455414085796,P01969,Synthetic Cooperative Bank
A00122,95110848610660,P00319,Fictional National Bank
A00123,60469017495389,P00358,Fictional National Bank
A00124,62441066788457,P01812,Synthetic Cooperative Bank
A00125,21650242389354,P01693,Mock Union Bank
A00126,07110729850230,P01690,Mock Union Bank
A00127,06671485333171,P01276,Mock Union Bank
A00128,55412982492202,P00900,Fictional National Bank
A00129,20895217680126,P00705,Sample Trust Bank
A00130,05073249139430,P00326,Synthetic Cooperative Bank
A00131,25027496238384,P01633,Mock Union Bank
A00132,37654399942858,P00093,Fictional National Bank
A00133,08641486329085,P00377,Fictional National Bank
A00134,04871590518237,P00656,Sample Trust Bank
A00135,09074447939117,P00333,Fictional National Bank
A00136,40034568848657,P00958,Synthetic Cooperative Bank
A00137,49666072366047,P00946,Mock Union Bank
A00138,08180368938252,P00200,Mock Union Bank
A00139,39351602695775,P00011,Synthetic Cooperative Bank
A00140,66848031636781,P01376,Sample Trust Bank
A00141,48135376429839,P00618,Synthetic Cooperative Bank
A00142,95395260885329,P00024,Sample Trust Bank
A00143,40114997475473,P01754,Sample Trust Bank
A00144,04990967819456,P01708,Mock Union Bank
A00145,73961034057368,P01149,Fictional National Bank
A00146,80417569430721,P01838,Sample Trust Bank
A00147,16991658723634,P01320,Fictional National Bank
A00148,48578671265728,P00229,Fictional National Bank
A00149,29127898852499,P01106,Fictional National Bank
A00150,60841585537304,P01246,Synthetic Cooperative Bank
A00151,63185596707169,P00901,Mock Union Bank
A00152,14400040756023,P00500,Fictional National Bank
A00153,64079729682288,P00099,Mock Union Bank
A00154,42734497992519,P01495,Sample Trust Bank
A00155,66547587837105,P01376,Synthetic Cooperative Bank
A00156,25906771853601,P01947,Sample Trust Bank
A00157,30402560041316,P00567,Sample Trust Bank
A00158,75270712797176,P01689,Synthetic Cooperative Bank
A00159,50642729904388,P01477,Fictional National Bank
A00160,67622702543163,P00964,Fictional National Bank
A00161,46472560467820,P00625,Synthetic Cooperative Bank
A00162,06155026134097,P00861,Synthetic Cooperative Bank
A00163,22066766540532,P00184,Mock Union Bank
A00164,16943532861780,P00307,Mock Union Bank
A00165,13805732136788,P01107,Sample Trust Bank
A00166,55261510705570,P00581,Mock Union Bank
A00167,29508687441235,P01925,Sample Trust Bank
A00168,58692635600625,P01309,Mock Union Bank
A00169,17975193784953,P00125,Fictional National Bank
A00170,27344580197621,P01664,Synthetic Cooperative Bank
A00171,61646152653222,P01872,Mock Union Bank
A00172,70810148129719,P01799,Mock Union Bank
A00173,89437481268179,P00086,Synthetic Cooperative Bank
A00174,08058899058081,P00017,Mock Union Bank
A00175,34050810563586,P00034,Fictional National Bank
A00176,13116694602124,P01267,Sample Trust Bank
A00177,64281259836207,P01923,Mock Union Bank
A00178,84959126092033,P01241,Fictional National Bank
A00179,46565716657813,P01443,Fictional National Bank
A00180,99504389641645,P00560,Fictional National Bank
A00181,29532230724876,P01053,Mock Union Bank
A00182,26139557458618,P00185,Fictional National Bank
A00183,83934083544278,P01373,Mock Union Bank
A00184,81920696569325,P01129,Sample Trust Bank
A00185,76223683127534,P01615,Fictional National Bank
A00186,99557802280177,P01062,Fictional National Bank
A00187,06294502694473,P01354,Mock Union Bank
A00188,41439103231866,P01331,Sample Trust Bank
A00189,06674772011040,P01709,Synthetic Cooperative Bank
A00190,37826018777953,P01013,Synthetic Cooperative Bank
A00191,42253939224257,P01729,Sample Trust Bank
A00192,27745750218852,P00891,Fictional National Bank
A00193,48460363839687,P00194,Mock Union Bank
A00194,04759835894770,P00344,Sample Trust Bank
A00195,39285320254616,P01150,Sample Trust Bank
A00196,46778189863613,P01183,Mock Union Bank
A00197,45921185723501,P01235,Mock Union Bank
A00198,77962638965499,P00912,Sample Trust Bank
A00199,91782200810014,P01355,Synthetic Cooperative Bank
A00200,66906251575951,P01003,Mock Union Bank
A00201,09671080045872,P01730,Mock Union Bank
A00202,27496652948305,P00307,Fictional National Bank
A00203,97251234335367,P00903,Mock Union Bank
A00204,77734265875031,P01349,Fictional National Bank
A00205,97914077128061,P00588,Fictional National Bank
A00206,46669747217124,P00952,Synthetic Cooperative Bank
A00207,68303253695255,P00728,Sample Trust Bank
A00208,67350781072839,P01449,Mock Union Bank
A00209,64612614993631,P01618,Sample Trust Bank
A00210,75644390951956,P00344,Sample Trust Bank
A00211,00636210516407,P00430,Sample Trust Bank
A00212,04811353739652,P01736,Sample Trust Bank
A00213,29598677705548,P01837,Fictional National Bank
A00214,29969915482700,P00938,Synthetic Cooperative Bank
A00215,31326893746021,P01147,Synthetic Cooperative Bank
A00216,88415771291842,P00860,Mock Union Bank
A00217,95617655892235,P00125,Mock Union Bank
A00218,85870630228293,P01761,Synthetic Cooperative Bank
A00219,28789715359647,P00705,Synthetic Cooperative Bank
A00220,47464550728310,P00808,Fictional National Bank
A00221,50880875645058,P01998,Fictional National Bank
A00222,58010886797447,P01300,Sample Trust Bank
A00223,37886636465333,P00159,Mock Union Bank
A00224,74963379226281,P01630,Fictional National Bank
A00225,23743873450521,P00683,Mock Union Bank
A00226,04726097962914,P00018,Mock Union Bank
A00227,77366098591981,P01895,Sample Trust Bank
A00228,73665397885874,P01498,Mock Union Bank
A00229,57131984449616,P01799,Synthetic Cooperative Bank
A00230,52574777437212,P01684,Synthetic Cooperative Bank
A00231,87756191898755,P01009,Sample Trust Bank
A00232,83229000590545,P01184,Fictional National Bank
A00233,65854059193442,P00865,Mock Union Bank
A00234,71239330653353,P00804,Mock Union Bank
A00235,75980962821960,P01224,Sample Trust Bank
A00236,57882737630977,P01119,Synthetic Cooperative Bank
A00237,83666097978550,P01161,Fictional National Bank
A00238,44507296290107,P01370,Synthetic Cooperative Bank
A00239,26527825463059,P01420,Mock Union Bank
A00240,56711775398724,P01338,Mock Union Bank
A00241,98708840755380,P01106,Mock Union Bank
A00242,65972683950705,P00387,Fictional National Bank
A00243,06967212815683,P01587,Sample Trust Bank
A00244,27853798214924,P01556,Fictional National Bank
A00245,17306390858306,P00440,Mock Union Bank
A00246,83681672386656,P01364,Fictional National Bank
A00247,77559573541057,P01864,Sample Trust Bank
A00248,25040258988108,P01793,Mock Union Bank
A00249,87235784572080,P01606,Synthetic Cooperative Bank
A00250,10415074931660,P00564,Fictional National Bank
A00251,11556613404750,P00846,Fictional National Bank
A00252,45840892270699,P00082,Fictional National Bank
A00253,64949356580363,P01848,Synthetic Cooperative Bank
A00254,72245581708335,P00792,Fictional National Bank
A00255,42449663900045,P01558,Synthetic Cooperative Bank
A00256,80488672514096,P01183,Fictional National Bank
A00257,09987317098166,P01472,Fictional National Bank
A00258,03846912815016,P00441,Mock Union Bank
A00259,66257312536127,P00641,Sample Trust Bank
A00260,76229579474508,P01186,Fictional National Bank
A00261,89717331571604,P01260,Synthetic Cooperative Bank
A00262,14471650441526,P00752,Mock Union Bank
A00263,58296945419137,P00557,Fictional National Bank
A00264,87620938373965,P00498,Synthetic Cooperative Bank
A00265,27607414644026,P00612,Fictional National Bank
A00266,34255561832621,P00375,Synthetic Cooperative Bank
A00267,15510954252750,P01064,Mock Union Bank
A00268,88084820727126,P00789,Synthetic Cooperative Bank
A00269,02937813267273,P00407,Synthetic Cooperative Bank
A00270,62776746958819,P00303,Mock Union Bank
A00271,87749294499313,P01518,Sample Trust Bank
A00272,72668490536678,P00968,Synthetic Cooperative Bank
A00273,03161317790534,P01519,Fictional National Bank
A00274,88333151801664,P01824,Fictional National Bank
A00275,62801938895311,P00309,Mock Union Bank
A00276,39781573415910,P00542,Sample Trust Bank
A00277,08623650460262,P01543,Synthetic Cooperative Bank
A00278,78922518261350,P00609,Sample Trust Bank
A00279,08401579970629,P00242,Fictional National Bank
A00280,97526866508368,P00072,Fictional National Bank
A00281,82140737308714,P01519,Synthetic Cooperative Bank
A00282,39092005626070,P01155,Synthetic Cooperative Bank
A00283,47485798889213,P01969,Synthetic Cooperative Bank
A00284,81522932297254,P00915,Fictional National Bank
A00285,93847543188645,P00215,Mock Union Bank
A00286,00792463669837,P00898,Mock Union Bank
A00287,50458387500770,P00709,Fictional National Bank
A00288,17211359804333,P01458,Fictional National Bank
A00289,56964010146019,P01606,Synthetic Cooperative Bank
A00290,35206226093164,P01978,Synthetic Cooperative Bank
A00291,63316140823101,P01516,Sample Trust Bank
A00292,71994574051995,P00169,Fictional National Bank
A00293,90056735263595,P01107,Fictional National Bank
A00294,63524130228671,P00933,Fictional National Bank
A00295,56024923577741,P00779,Mock Union Bank
A00296,57175322799752,P01158,Sample Trust Bank
A00297,58789891683171,P01970,Mock Union Bank
A00298,11142412484546,P01727,Sample Trust Bank
A00299,37174190669545,P00430,Fictional National Bank
A00300,70340117617061,P01085,Synthetic Cooperative Bank
A00301,01127383181720,P01299,Synthetic Cooperative Bank
A00302,79656400191542,P01927,Sample Trust Bank
A00303,78241164342411,P01441,Mock Union Bank
A00304,75466248223064,P01752,Synthetic Cooperative Bank
A00305,16846038951592,P01480,Synthetic Cooperative Bank
A00306,66521746453316,P00547,Mock Union Bank
A00307,50605411371346,P01160,Synthetic Cooperative Bank
A00308,07890786957601,P01265,Synthetic Cooperative Bank
A00309,41544747334359,P01967,Sample Trust Bank
A00310,97016852531750,P00485,Mock Union Bank
A00311,93701185968974,P01966,Fictional National Bank
A00312,52905509579281,P01470,Mock Union Bank
A00313,26680639924161,P00882,Fictional National Bank
A00314,40627890880683,P01194,Fictional National Bank
A00315,21795928223312,P01517,Mock Union Bank
A00316,72503856162714,P00767,Fictional National Bank
A00317,27732357374214,P00373,Synthetic Cooperative Bank
A00318,42079374158719,P00025,Mock Union Bank
A00319,05925309558779,P00280,Synthetic Cooperative Bank
A00320,27379572381612,P00776,Synthetic Cooperative Bank
A00321,51113301075350,P00168,Synthetic Cooperative Bank
A00322,69484123222320,P01733,Sample Trust Bank
A00323,85709439137085,P01564,Sample Trust Bank
A00324,37921316822608,P01916,Fictional National Bank
A00325,93715193178449,P01233,Synthetic Cooperative Bank
A00326,37473811337049,P01079,Mock Union Bank
A00327,45540770053558,P00777,Synthetic Cooperative Bank
A00328,48118082938502,P01703,Mock Union Bank
A00329,98258753715641,P00975,Mock Union Bank
A00330,33070666706331,P01764,Fictional National Bank
A00331,16119553093731,P01145,Synthetic Cooperative Bank
A00332,03779170379306,P00501,Fictional National Bank
A00333,92004582072162,P01616,Mock Union Bank
A00334,42468473255065,P00886,Synthetic Cooperative Bank
A00335,90536791207209,P01150,Mock Union Bank
A00336,90355081996844,P00941,Mock Union Bank
A00337,78174420540515,P00860,Mock Union Bank
A00338,40920167599300,P00828,Fictional National Bank
A00339,41405806709144,P00441,Sample Trust Bank
A00340,84000040046454,P00709,Sample Trust Bank
A00341,34875256048992,P00758,Mock Union Bank
A00342,25760138079511,P00778,Fictional National Bank
A00343,16525081595904,P00334,Synthetic Cooperative Bank
A00344,07174164776310,P00210,Synthetic Cooperative Bank
A00345,23197670254616,P01548,Mock Union Bank
A00346,46964589244183,P01834,Synthetic Cooperative Bank
A00347,11372447929759,P01011,Fictional National Bank
A00348,44894009465846,P01433,Synthetic Cooperative Bank
A00349,92488780737676,P01759,Mock Union Bank
A00350,73780534251918,P01703,Sample Trust Bank
A00351,28974767666091,P00236,Fictional National Bank
A00352,52642599317697,P01204,Fictional National Bank
A00353,56759105639670,P01059,Mock Union Bank
A00354,77714057702501,P01707,Mock Union Bank
A00355,44940998575256,P00728,Synthetic Cooperative Bank
A00356,48455576633542,P00972,Fictional National Bank
A00357,50953072772827,P01415,Sample Trust Bank
A00358,88708942660366,P01142,Fictional National Bank
A00359,27644829435007,P01568,Sample Trust Bank
A00360,65377784247164,P01597,Fictional National Bank
A00361,63695072592501,P01173,Sample Trust Bank
A00362,56978079823070,P01211,Fictional National Bank
A00363,33490237432692,P01043,Mock Union Bank
A00364,18016959911294,P01244,Sample Trust Bank
A00365,03118287914659,P01795,Mock Union Bank
A00366,12033905966694,P00189,Synthetic Cooperative Bank
A00367,43837542884637,P00430,Sample Trust Bank
A00368,85030277217931,P00471,Sample Trust Bank
A00369,05532679924483,P00311,Sample Trust Bank
A00370,87793889491286,P00280,Sample Trust Bank
A00371,77478691040762,P00325,Sample Trust Bank
A00372,65241573180204,P01728,Fictional National Bank
A00373,07191294337026,P00517,Mock Union Bank
A00374,14963550193531,P00865,Fictional National Bank
A00375,15845673137001,P00061,Sample Trust Bank
A00376,31756073021737,P00542,Synthetic Cooperative Bank
A00377,97010149262189,P00462,Synthetic Cooperative Bank
A00378,24006138654966,P01831,Fictional National Bank
A00379,51435804711800,P00334,Mock Union Bank
A00380,15311959602769,P00670,Synthetic Cooperative Bank
A00381,47796605485625,P01590,Sample Trust Bank
A00382,42246406948617,P00692,Mock Union Bank
A00383,18277114881605,P01701,Fictional National Bank
A00384,97557082678650,P01890,Mock Union Bank
A00385,41442942670880,P00532,Mock Union Bank
A00386,15137862684970,P01692,Mock Union Bank
A00387,16981420768170,P00279,Fictional National Bank
A00388,14365972397661,P00849,Fictional National Bank
A00389,17150076017518,P00613,Fictional National Bank
A00390,77842845576186,P00012,Sample Trust Bank
A00391,06672192283491,P00953,Mock Union Bank
A00392,92152725978336,P00406,Sample Trust Bank
A00393,40891205994476,P01816,Fictional National Bank
A00394,25620836108802,P00179,Mock Union Bank
A00395,01620637035595,P00972,Fictional National Bank
A00396,67616629658636,P00624,Fictional National Bank
A00397,53687320922545,P00257,Fictional National Bank
A00398,06940978738718,P01604,Synthetic Cooperative Bank
A00399,41000665848439,P01270,Synthetic Cooperative Bank
A00400,04603560897064,P01907,Synthetic Cooperative Bank
A00401,90447905830470,P00929,Synthetic Cooperative Bank
A00402,89027645130050,P00967,Fictional National Bank
A00403,85754738808427,P01782,Mock Union Bank
A00404,28285072553205,P00052,Synthetic Cooperative Bank
A00405,51550135247117,P01921,Sample Trust Bank
A00406,50513918418051,P01342,Mock Union Bank
A00407,00740451569933,P00199,Synthetic Cooperative Bank
A00408,92689947387930,P00935,Synthetic Cooperative Bank
A00409,23906056360712,P01346,Mock Union Bank
A00410,13739491258193,P01653,Sample Trust Bank
A00411,43643653145945,P00765,Sample Trust Bank
A00412,15089514631879,P01103,Sample Trust Bank
A00413,33023042333883,P01751,Fictional National Bank
A00414,60250927040043,P01320,Sample Trust Bank
A00415,68470726027578,P01852,Sample Trust Bank
A00416,36805373808823,P01902,Synthetic Cooperative Bank
A00417,09701998247707,P01761,Mock Union Bank
A00418,62109863678281,P00193,Sample Trust Bank
A00419,96006688127904,P01088,Synthetic Cooperative Bank
A00420,84658068179224,P00729,Fictional National Bank
A00421,97970310808348,P01329,Fictional National Bank
A00422,54487890483346,P01234,Mock Union Bank
A00423,72602131806664,P01077,Fictional National Bank
A00424,99743087803782,P00629,Mock Union Bank
A00425,37126887041557,P01410,Fictional National Bank
A00426,73142175624799,P00459,Mock Union Bank
A00427,43317827305976,P01929,Sample Trust Bank
A00428,84078464015774,P00261,Sample Trust Bank
A00429,21997856525542,P01940,Mock Union Bank
A00430,66729299072267,P00660,Mock Union Bank
A00431,01541382738688,P00087,Synthetic Cooperative Bank
A00432,92389862254686,P01978,Synthetic Cooperative Bank
A00433,61035657480843,P01125,Sample Trust Bank
A00434,14926273506001,P01302,Synthetic Cooperative Bank
A00435,64609614909100,P01641,Fictional National Bank
A00436,59545430017846,P00850,Synthetic Cooperative Bank
A00437,74205225898730,P01306,Sample Trust Bank
A00438,32166569107086,P01541,Fictional National Bank
A00439,71340250064227,P01724,Sample Trust Bank
A00440,43494652650534,P01810,Sample Trust Bank
A00441,41160285953887,P01772,Mock Union Bank
A00442,87592041552823,P00709,Fictional National Bank
A00443,16430329774443,P01605,Synthetic Cooperative Bank
A00444,29457867404772,P01545,Mock Union Bank
A00445,64972834190671,P01270,Fictional National Bank
A00446,97844298299316,P00063,Mock Union Bank
A00447,28265859702489,P00255,Fictional National Bank
A00448,57999158434565,P00004,Fictional National Bank
A00449,34344070806313,P01300,Mock Union Bank
A00450,43578459073128,P01219,Synthetic Cooperative Bank
A00451,11264218154478,P00146,Synthetic Cooperative Bank
A00452,70705070950626,P01526,Synthetic Cooperative Bank
A00453,62432657207980,P00365,Mock Union Bank
A00454,07893798775239,P01472,Sample Trust Bank
A00455,36918454419838,P01665,Mock Union Bank
A00456,92826290165159,P00894,Mock Union Bank
A00457,47871553331793,P00326,Fictional National Bank
A00458,34756196176502,P01579,Fictional National Bank
A00459,00278649958700,P01598,Mock Union Bank
A00460,25380631905376,P00232,Synthetic Cooperative Bank
A00461,87927462268975,P00334,Synthetic Cooperative Bank
A00462,52438720757931,P00176,Mock Union Bank
A00463,44941996459624,P01717,Synthetic Cooperative Bank
A00464,09277157368507,P01105,Fictional National Bank
A00465,18251103186720,P00630,Sample Trust Bank
A00466,14456619667601,P00702,Mock Union Bank
A00467,43401026557647,P00107,Mock Union Bank
A00468,65732977410506,P00827,Mock Union Bank
A00469,23309462147061,P01228,Sample Trust Bank
A00470,53730534289078,P01898,Fictional National Bank
A00471,62930961507106,P01267,Sample Trust Bank
A00472,90367059041179,P00234,Sample Trust Bank
A00473,63199467099608,P00873,Sample Trust Bank
A00474,61229830878847,P00533,Sample Trust Bank
A00475,88824375968686,P01695,Synthetic Cooperative Bank
A00476,48230097154759,P00882,Mock Union Bank
A00477,33672115678140,P00034,Synthetic Cooperative Bank
A00478,24649137165094,P01806,Synthetic Cooperative Bank
A00479,31596378131915,P01325,Fictional National Bank
A00480,13690047904644,P01020,Mock Union Bank
A00481,58151939427891,P00118,Fictional National Bank
A00482,26890098606814,P01241,Mock Union Bank
A00483,66611772942067,P01715,Fictional National Bank
A00484,05858240497795,P01114,Sample Trust Bank
A00485,00303151861759,P00345,Sample Trust Bank
A00486,24947641949583,P00348,Synthetic Cooperative Bank
A00487,19901026334922,P01992,Sample Trust Bank
A00488,77085942682395,P01831,Mock Union Bank
A00489,44821380115576,P00517,Mock Union Bank
A00490,51398553237508,P01552,Synthetic Cooperative Bank
A00491,31752523243421,P01218,Synthetic Cooperative Bank
A00492,79656280733500,P01136,Sample Trust Bank
A00493,55804829407828,P01417,Sample Trust Bank
A00494,58729370625873,P00368,Sample Trust Bank
A00495,05582262316750,P00041,Fictional National Bank
A00496,32703414775688,P00166,Sample Trust Bank
A00497,71379987080538,P00418,Synthetic Cooperative Bank
A00498,98122396575376,P01078,Mock Union Bank
A00499,51256222083464,P01607,Mock Union Bank
A00500,29961380718606,P01592,Synthetic Cooperative Bank
A00501,45106838292162,P01210,Sample Trust Bank
A00502,27857103630569,P00031,Mock Union Bank
A00503,62509694123528,P01301,Fictional National Bank
A00504,88860811071492,P01353,Synthetic Cooperative Bank
A00505,03680858844437,P01405,Synthetic Cooperative Bank
A00506,32677638319180,P01554,Mock Union Bank
A00507,43097975684218,P00457,Fictional National Bank
A00508,01874729131126,P01112,Mock Union Bank
A00509,74603023121781,P01237,Sample Trust Bank
A00510,04232758881185,P01565,Synthetic Cooperative Bank
A00511,30416527261891,P00052,Fictional National Bank
A00512,31001792513622,P01149,Synthetic Cooperative Bank
A00513,01370209819401,P01086,Mock Union Bank
A00514,61360772720450,P00762,Fictional National Bank
A00515,35333501626251,P00859,Fictional National Bank
A00516,94617305151332,P00612,Fictional National Bank
A00517,73092407413596,P01183,Sample Trust Bank
A00518,39036385743391,P00667,Mock Union Bank
A00519,00084162675014,P01742,Sample Trust Bank
A00520,14650039455846,P01035,Mock Union Bank
A00521,01819023201651,P01285,Fictional National Bank
A00522,09175075192677,P00798,Mock Union Bank
A00523,46162284396568,P01598,Sample Trust Bank
A00524,20204871036534,P01563,Sample Trust Bank
A00525,41442719745314,P00741,Mock Union Bank
A00526,50800290695473,P01160,Mock Union Bank
A00527,42729436109098,P00839,Synthetic Cooperative Bank
A00528,08146470236074,P00511,Fictional National Bank
A00529,60225255313417,P00975,Sample Trust Bank
A00530,28095417540163,P00367,Sample Trust Bank
A00531,58482817393396,P01227,Fictional National Bank
A00532,82965612064646,P00054,Sample Trust Bank
A00533,78562508450143,P00741,Synthetic Cooperative Bank
A00534,09928610285514,P00704,Synthetic Cooperative Bank
A00535,25520328659181,P01054,Fictional National Bank
A00536,28390530673083,P01552,Fictional National Bank
A00537,84016776921910,P00448,Mock Union Bank
A00538,71970957445406,P00026,Fictional National Bank
A00539,38767384315567,P01774,Sample Trust Bank
A00540,97929626327324,P01215,Synthetic Cooperative Bank
A00541,03919056651413,P00968,Mock Union Bank
A00542,76832987681605,P00377,Fictional National Bank
A00543,70242363743738,P01165,Fictional National Bank
A00544,18434135716826,P00135,Fictional National Bank
A00545,47620734787354,P00130,Fictional National Bank
A00546,55647311688592,P00550,Sample Trust Bank
A00547,70088943830148,P00790,Mock Union Bank
A00548,16560880418902,P00937,Mock Union Bank
A00549,62882617346087,P00558,Synthetic Cooperative Bank
A00550,63149318137229,P01520,Synthetic Cooperative Bank
A00551,04503083491164,P01035,Sample Trust Bank
A00552,92738681337227,P00812,Fictional National Bank
A00553,55392588302136,P01117,Sample Trust Bank
A00554,03384178760287,P00126,Mock Union Bank
A00555,07264881050391,P01196,Sample Trust Bank
A00556,12883793985930,P00950,Synthetic Cooperative Bank
A00557,27814695395369,P01929,Synthetic Cooperative Bank
A00558,20724861156230,P00475,Sample Trust Bank
A00559,01946701412804,P00989,Mock Union Bank
A00560,20836248748562,P00865,Synthetic Cooperative Bank
A00561,88617327760639,P01628,Mock Union Bank
A00562,36899065741698,P01280,Mock Union Bank
A00563,66337561845357,P01288,Sample Trust Bank
A00564,78592945836188,P00952,Synthetic Cooperative Bank
A00565,48923960424450,P00866,Synthetic Cooperative Bank
A00566,67021782959881,P00696,Sample Trust Bank
A00567,03763294038043,P01512,Sample Trust Bank
A00568,26980865510861,P00501,Sample Trust Bank
A00569,07839313294027,P01828,Mock Union Bank
A00570,25016575557486,P01176,Synthetic Cooperative Bank
A00571,81070560557384,P01267,Fictional National Bank
A00572,60066161531766,P00098,Fictional National Bank
A00573,24456979181433,P01602,Sample Trust Bank
A00574,75755460683426,P01729,Fictional National Bank
A00575,38824996966081,P00736,Sample Trust Bank
A00576,88041403634874,P01510,Mock Union Bank
A00577,61937902293094,P00204,Mock Union Bank
A00578,12134557999007,P00426,Synthetic Cooperative Bank
A00579,68723063657837,P00678,Fictional National Bank
A00580,51041367776795,P01293,Synthetic Cooperative Bank
A00581,24967371967557,P01482,Fictional National Bank
A00582,09454028944388,P01612,Synthetic Cooperative Bank
A00583,97694136674886,P00742,Sample Trust Bank
A00584,08786391418359,P01206,Fictional National Bank
A00585,94904447427072,P01487,Mock Union Bank
A00586,52786109547287,P00589,Mock Union Bank
A00587,75193914603782,P01803,Fictional National Bank
A00588,68991085877707,P00449,Mock Union Bank
A00589,39939256797463,P00059,Fictional National Bank
A00590,77186266786163,P01519,Synthetic Cooperative Bank
A00591,63813032624986,P01523,Mock Union Bank
A00592,46654977053644,P00055,Synthetic Cooperative Bank
A00593,95412176208012,P01630,Synthetic Cooperative Bank
A00594,82800920536504,P01785,Mock Union Bank
A00595,69690019233152,P00783,Mock Union Bank
A00596,41575842768612,P00031,Sample Trust Bank
A00597,93333569420184,P00886,Mock Union Bank
A00598,76616295064103,P01585,Fictional National Bank
A00599,17326523465546,P01067,Fictional National Bank
A00600,03846726440198,P00247,Synthetic Cooperative Bank
A00601,89143535425628,P01408,Sample Trust Bank
A00602,07813847513407,P01606,Mock Union Bank
A00603,85058240554651,P01235,Synthetic Cooperative Bank
A00604,90611959737253,P00117,Fictional National Bank
A00605,58464394428054,P00455,Fictional National Bank
A00606,23195078730539,P00121,Fictional National Bank
A00607,34329262055556,P01695,Synthetic Cooperative Bank
A00608,49756578339399,P01770,Mock Union Bank
A00609,09518885787828,P00409,Fictional National Bank
A00610,95728397830189,P01355,Sample Trust Bank
A00611,98460745625670,P01622,Synthetic Cooperative Bank
A00612,71887587509802,P01817,Fictional National Bank
A00613,20469074390648,P00961,Mock Union Bank
A00614,73920244407319,P00949,Sample Trust Bank
A00615,89011203672916,P00162,Mock Union Bank
A00616,61666471079352,P01850,Sample Trust Bank
A00617,52083130016183,P00676,Synthetic Cooperative Bank
A00618,29007416643086,P00179,Fictional National Bank
A00619,28316723246447,P01599,Fictional National Bank
A00620,06067377889214,P00074,Fictional National Bank
A00621,00729084798011,P01086,Sample Trust Bank
A00622,56476585757903,P00121,Synthetic Cooperative Bank
A00623,75947910999937,P00781,Mock Union Bank
A00624,65230804533430,P01078,Mock Union Bank
A00625,82070002675547,P01223,Mock Union Bank
A00626,96416382511723,P00400,Fictional National Bank
A00627,58217263308048,P00380,Fictional National Bank
A00628,86112580443065,P01068,Sample Trust Bank
A00629,21127168109817,P01838,Sample Trust Bank
A00630,35215267371107,P01793,Fictional National Bank
A00631,86864641473594,P01868,Sample Trust Bank
A00632,53742525776899,P01099,Sample Trust Bank
A00633,39516603237014,P01433,Fictional National Bank
A00634,50715199632304,P01759,Sample Trust Bank
A00635,25961159533841,P01814,Sample Trust Bank
A00636,90628815660309,P00243,Fictional National Bank
A00637,18343493635680,P00695,Sample Trust Bank
A00638,34724416762187,P00873,Mock Union Bank
A00639,96474293268348,P00472,Sample Trust Bank
A00640,29516289084548,P00052,Synthetic Cooperative Bank
A00641,77331258128766,P00743,Synthetic Cooperative Bank
A00642,41974476522469,P00522,Sample Trust Bank
A00643,51692175171352,P01028,Mock Union Bank
A00644,70500574580766,P00645,Mock Union Bank
A00645,84138312760783,P01067,Synthetic Cooperative Bank
A00646,48224524881603,P00693,Mock Union Bank
A00647,41765461411910,P01608,Fictional National Bank
A00648,73912983584480,P00573,Fictional National Bank
A00649,71277156853909,P00261,Fictional National Bank
A00650,44794080308922,P01359,Fictional National Bank
A00651,41996584029376,P01719,Mock Union Bank
A00652,65872802386562,P00633,Sample Trust Bank
A00653,08059801888003,P00087,Fictional National Bank
A00654,37828687220307,P00002,Fictional National Bank
A00655,81692239766215,P00122,Mock Union Bank
A00656,19807027292942,P00139,Sample Trust Bank
A00657,83492638987495,P00429,Mock Union Bank
A00658,09233558857283,P01216,Mock Union Bank
A00659,38916190558753,P00785,Fictional National Bank
A00660,29614990941679,P01393,Mock Union Bank
A00661,20279891454811,P01252,Fictional National Bank
A00662,28458487494009,P00936,Synthetic Cooperative Bank
A00663,88658072008057,P00830,Fictional National Bank
A00664,74357529255568,P00161,Fictional National Bank
A00665,84690015812362,P01401,Mock Union Bank
A00666,49470025190672,P01405,Mock Union Bank
A00667,60957724877476,P01386,Synthetic Cooperative Bank
A00668,08357289091006,P01902,Synthetic Cooperative Bank
A00669,74180420223059,P00524,Sample Trust Bank
A00670,73368287657555,P01747,Synthetic Cooperative Bank
A00671,68568506648782,P00655,Sample Trust Bank
A00672,87130002554645,P00606,Synthetic Cooperative Bank
A00673,79852948447041,P00467,Mock Union Bank
A00674,56337069511819,P00735,Sample Trust Bank
A00675,38759559422981,P01295,Synthetic Cooperative Bank
A00676,24199771180167,P00480,Sample Trust Bank
A00677,36048909859271,P00576,Mock Union Bank
A00678,69474934768893,P00441,Sample Trust Bank
A00679,18776458084319,P00162,Sample Trust Bank
A00680,21790053126055,P01267,Sample Trust Bank
A00681,28459587695591,P00587,Synthetic Cooperative Bank
A00682,13078373183594,P00819,Fictional National Bank
A00683,34592325802455,P00334,Sample Trust Bank
A00684,16274351492863,P00155,Synthetic Cooperative Bank
A00685,02317402810607,P00983,Sample Trust Bank
A00686,44334602633564,P00456,Fictional National Bank
A00687,29870252151435,P01419,Fictional National Bank
A00688,36850448526023,P00939,Mock Union Bank
A00689,72240553061139,P00564,Fictional National Bank
A00690,58927523408705,P00010,Sample Trust Bank
A00691,33555638598182,P01124,Mock Union Bank
A00692,99748698005573,P01761,Synthetic Cooperative Bank
A00693,07926609404475,P01809,Fictional National Bank
A00694,50566558990658,P00199,Sample Trust Bank
A00695,72232420430063,P01731,Fictional National Bank
A00696,06971363591142,P01148,Fictional National Bank
A00697,28612232861402,P01952,Mock Union Bank
A00698,42249224302320,P01854,Fictional National Bank
A00699,32789282435097,P00055,Fictional National Bank
A00700,35329561762948,P01428,Mock Union Bank
A00701,76408977953614,P00802,Fictional National Bank
A00702,07090633602731,P01103,Mock Union Bank
A00703,26173629245989,P00835,Sample Trust Bank
A00704,73824382146292,P01413,Synthetic Cooperative Bank
A00705,28338138522359,P00366,Fictional National Bank
A00706,70940144124522,P00757,Synthetic Cooperative Bank
A00707,56708939350462,P00492,Synthetic Cooperative Bank
A00708,74153583387895,P00389,Fictional National Bank
A00709,90530945875950,P01458,Synthetic Cooperative Bank
A00710,72323007086186,P00684,Mock Union Bank
A00711,46747529148356,P00999,Mock Union Bank
A00712,69227025254110,P00081,Mock Union Bank
A00713,62412667680940,P00702,Mock Union Bank
A00714,47033642453206,P01135,Mock Union Bank
A00715,32614340371524,P00532,Synthetic Cooperative Bank
A00716,09156830953122,P01583,Mock Union Bank
A00717,64974787067644,P00320,Synthetic Cooperative Bank
A00718,30707810101244,P01006,Fictional National Bank
A00719,94211874900449,P00735,Fictional National Bank
A00720,07231492049930,P01651,Sample Trust Bank
A00721,41210704310550,P00567,Synthetic Cooperative Bank
A00722,88785066067514,P00174,Fictional National Bank
A00723,35156095142770,P00519,Synthetic Cooperative Bank
A00724,38611511162714,P00130,Synthetic Cooperative Bank
A00725,93410616504725,P01498,Mock Union Bank
A00726,07371220725084,P00426,Mock Union Bank
A00727,24088609692533,P01623,Sample Trust Bank
A00728,09993191400998,P00076,Fictional National Bank
A00729,97192288741594,P00323,Synthetic Cooperative Bank
A00730,43450266427386,P01594,Sample Trust Bank
A00731,48110512927243,P01674,Fictional National Bank
A00732,77798367781070,P01467,Synthetic Cooperative Bank
A00733,08935133157920,P00492,Synthetic Cooperative Bank
A00734,66162017295126,P01341,Sample Trust Bank
A00735,86961108403909,P00114,Synthetic Cooperative Bank
A00736,76736086333995,P01313,Fictional National Bank
A00737,67605508005090,P00769,Synthetic Cooperative Bank
A00738,92509805564419,P00085,Mock Union Bank
A00739,24361605029990,P01543,Sample Trust Bank
A00740,91814983678490,P00782,Synthetic Cooperative Bank
A00741,17749117675500,P00259,Mock Union Bank
A00742,75315752295083,P00371,Sample Trust Bank
A00743,39036748675675,P00069,Synthetic Cooperative Bank
A00744,51534743927081,P01537,Synthetic Cooperative Bank
A00745,80037810103208,P00111,Synthetic Cooperative Bank
A00746,41609909757885,P01690,Fictional National Bank
A00747,61907644490439,P01767,Mock Union Bank
A00748,61622277261054,P01485,Fictional National Bank
A00749,60284655921895,P00331,Sample Trust Bank
A00750,64993397453918,P01081,Fictional National Bank
A00751,84876144433736,P00344,Fictional National Bank
A00752,08575379476318,P01238,Synthetic Cooperative Bank
A00753,29002492785234,P01305,Sample Trust Bank
A00754,15121676089601,P01443,Fictional National Bank
A00755,65897824256582,P00744,Synthetic Cooperative Bank
A00756,54044503986383,P01113,Mock Union Bank
A00757,69081449860296,P00742,Mock Union Bank
A00758,28315307079190,P01977,Mock Union Bank
A00759,78601508334512,P01409,Synthetic Cooperative Bank
A00760,45418337881474,P01207,Synthetic Cooperative Bank
A00761,07438203950078,P01762,Sample Trust Bank
A00762,55005357603673,P00882,Synthetic Cooperative Bank
A00763,14247415163295,P01995,Sample Trust Bank
A00764,14824364851782,P00819,Sample Trust Bank
A00765,77306146017419,P01359,Sample Trust Bank
A00766,00925683596278,P00601,Synthetic Cooperative Bank
A00767,87776540234714,P01249,Mock Union Bank
A00768,37402826565293,P00220,Sample Trust Bank
A00769,62754540349893,P00946,Sample Trust Bank
A00770,55364220947054,P00713,Mock Union Bank
A00771,65839018769270,P00981,Mock Union Bank
A00772,88528715834430,P01709,Synthetic Cooperative Bank
A00773,97385442402948,P01643,Fictional National Bank
A00774,68869890876342,P00592,Sample Trust Bank
A00775,77115787378156,P00325,Fictional National Bank
A00776,62173671387314,P01672,Fictional National Bank
A00777,31916661624698,P01394,Sample Trust Bank
A00778,62182247922476,P00947,Sample Trust Bank
A00779,71671489579257,P00866,Mock Union Bank
A00780,35298009341373,P01381,Mock Union Bank
A00781,24711558221819,P00675,Mock Union Bank
A00782,19070677693131,P00166,Sample Trust Bank
A00783,45383364255035,P01796,Synthetic Cooperative Bank
A00784,21012546759149,P00475,Mock Union Bank
A00785,77031705682583,P01694,Synthetic Cooperative Bank
A00786,43545636798836,P00081,Sample Trust Bank
A00787,44498106326739,P00460,Synthetic Cooperative Bank
A00788,60429429921192,P01267,Mock Union Bank
A00789,35069782099387,P00882,Synthetic Cooperative Bank
A00790,12038299839901,P01745,Mock Union Bank
A00791,59547616806803,P01772,Fictional National Bank
A00792,00546801314336,P00607,Fictional National Bank
A00793,74321115495992,P01825,Fictional National Bank
A00794,79196909136417,P01511,Sample Trust Bank
A00795,92059483609016,P00622,Fictional National Bank
A00796,15360964394534,P00207,Sample Trust Bank
A00797,00960153530532,P00409,Mock Union Bank
A00798,24888804970464,P01928,Mock Union Bank
A00799,16932405741193,P00634,Mock Union Bank
A00800,10389166770952,P00394,Fictional National Bank
A00801,58680439429008,P01964,Synthetic Cooperative Bank
A00802,85783980370377,P00643,Synthetic Cooperative Bank
A00803,20588694853074,P01498,Sample Trust Bank
A00804,13409514050181,P01891,Synthetic Cooperative Bank
A00805,61700048541234,P01419,Fictional National Bank
A00806,94525539625561,P00017,Mock Union Bank
A00807,29870109321529,P00528,Mock Union Bank
A00808,61114832409652,P00208,Sample Trust Bank
A00809,21669481001123,P01622,Synthetic Cooperative Bank
A00810,01679655673238,P01954,Synthetic Cooperative Bank
A00811,41434462280749,P00763,Fictional National Bank
A00812,38905950942816,P00615,Synthetic Cooperative Bank
A00813,57721087274105,P00779,Fictional National Bank
A00814,57981555184955,P01826,Synthetic Cooperative Bank
A00815,43522173284248,P01242,Sample Trust Bank
A00816,29802029172651,P01846,Synthetic Cooperative Bank
A00817,20457813145625,P01436,Synthetic Cooperative Bank
A00818,02413001131464,P00120,Mock Union Bank
A00819,43778055922770,P00363,Synthetic Cooperative Bank
A00820,49769799872569,P00845,Sample Trust Bank
A00821,41135076499672,P01294,Sample Trust Bank
A00822,33968007119475,P01411,Fictional National Bank
A00823,52201127042259,P01312,Synthetic Cooperative Bank
A00824,23814331616697,P00461,Mock Union Bank
A00825,69707119895111,P01355,Mock Union Bank
A00826,72390371558602,P00979,Sample Trust Bank
A00827,36245884693714,P00592,Sample Trust Bank
A00828,75080571178444,P01292,Fictional National Bank
A00829,74894244379366,P00119,Sample Trust Bank
A00830,44867118816182,P01912,Sample Trust Bank
A00831,34774967845273,P01432,Synthetic Cooperative Bank
A00832,18815675413545,P01283,Mock Union Bank
A00833,97079077045530,P01321,Fictional National Bank
A00834,31412725921298,P00143,Mock Union Bank
A00835,24055525177485,P00751,Sample Trust Bank
A00836,64243742822022,P00630,Fictional National Bank
A00837,06496072652014,P00542,Sample Trust Bank
A00838,96737250093219,P00827,Mock Union Bank
A00839,93205065069615,P00766,Mock Union Bank
A00840,52364941100208,P00536,Sample Trust Bank
A00841,04062321517519,P00974,Sample Trust Bank
A00842,29605865314342,P00935,Synthetic Cooperative Bank
A00843,04310772228749,P00065,Mock Union Bank
A00844,93674286017678,P01818,Sample Trust Bank
A00845,88011130529238,P01908,Synthetic Cooperative Bank
A00846,22377504480632,P00720,Mock Union Bank
A00847,96846041261655,P00547,Mock Union Bank
A00848,93399702146169,P00252,Fictional National Bank
A00849,61029654419043,P00611,Sample Trust Bank
A00850,02967050356237,P00920,Synthetic Cooperative Bank
A00851,46456048511990,P01961,Sample Trust Bank
A00852,63226791117851,P00629,Synthetic Cooperative Bank
A00853,27291694222925,P00689,Synthetic Cooperative Bank
A00854,18757617657224,P01092,Mock Union Bank
A00855,83660798334083,P01676,Synthetic Cooperative Bank
A00856,36159266866808,P00933,Fictional National Bank
A00857,56530002275093,P00951,Sample Trust Bank
A00858,04709280337142,P01314,Fictional National Bank
A00859,74727939226894,P00428,Mock Union Bank
A00860,76293369832407,P00509,Synthetic Cooperative Bank
A00861,81959816180980,P01589,Fictional National Bank
A00862,93362724452275,P00515,Mock Union Bank
A00863,73272221553250,P00264,Fictional National Bank
A00864,93297451165160,P00772,Sample Trust Bank
A00865,49513396605752,P00338,Sample Trust Bank
A00866,47118132072391,P00776,Fictional National Bank
A00867,65506369851676,P01073,Mock Union Bank
A00868,99196697602236,P00702,Mock Union Bank
A00869,99514370434249,P01966,Fictional National Bank
A00870,26317774422212,P01699,Mock Union Bank
A00871,19738190347317,P00255,Mock Union Bank
A00872,29583850833271,P00197,Fictional National Bank
A00873,35135634317191,P00585,Sample Trust Bank
A00874,35471543382541,P00452,Sample Trust Bank
A00875,89220682994580,P01594,Synthetic Cooperative Bank
A00876,45718691981625,P01853,Mock Union Bank
A00877,31453651338613,P01194,Sample Trust Bank
A00878,46161605433707,P00922,Synthetic Cooperative Bank
A00879,12747069531217,P00752,Mock Union Bank
A00880,69729672041862,P01708,Synthetic Cooperative Bank
A00881,16787586474019,P00130,Synthetic Cooperative Bank
A00882,53175504616143,P01275,Mock Union Bank
A00883,97267545769094,P00094,Fictional National Bank
A00884,50956360385528,P00504,Synthetic Cooperative Bank
A00885,32996783435859,P00374,Fictional National Bank
A00886,77638586922543,P01738,Sample Trust Bank
A00887,36628711716535,P01382,Mock Union Bank
A00888,39450698958294,P00688,Sample Trust Bank
A00889,09972855417939,P00461,Mock Union Bank
A00890,14914215440967,P01818,Sample Trust Bank
A00891,28574040527703,P00286,Mock Union Bank
A00892,76630779975109,P00492,Fictional National Bank
A00893,51940723461504,P00776,Fictional National Bank
A00894,17082922092513,P01423,Fictional National Bank
A00895,95011474729905,P00010,Mock Union Bank
A00896,37839049757456,P00633,Mock Union Bank
A00897,63333884651903,P00556,Mock Union Bank
A00898,08241301606449,P01122,Fictional National Bank
A00899,93417733430718,P00397,Synthetic Cooperative Bank
A00900,18216063923186,P01658,Sample Trust Bank
A00901,81108023883697,P01984,Fictional National Bank
A00902,25795356441193,P01533,Mock Union Bank
A00903,72863996240238,P00571,Mock Union Bank
A00904,20317591450909,P01934,Fictional National Bank
A00905,95728693953910,P01307,Sample Trust Bank
A00906,73338276534802,P01697,Mock Union Bank
A00907,68992385855201,P01151,Fictional National Bank
A00908,15444847920740,P01357,Mock Union Bank
A00909,87032217759902,P00203,Mock Union Bank
A00910,98391032041037,P01549,Synthetic Cooperative Bank
A00911,10297295755126,P01011,Synthetic Cooperative Bank
A00912,07963302251766,P00918,Sample Trust Bank
A00913,99212746213345,P01665,Mock Union Bank
A00914,95656219295909,P01122,Mock Union Bank
A00915,14753763782564,P01745,Mock Union Bank
A00916,47669557705186,P01086,Mock Union Bank
A00917,06799645115905,P01879,Synthetic Cooperative Bank
A00918,56870426469795,P01742,Fictional National Bank
A00919,80466063828504,P01692,Fictional National Bank
A00920,75020922521238,P00823,Fictional National Bank
A00921,44627635148749,P00341,Sample Trust Bank
A00922,51295458938533,P01259,Mock Union Bank
A00923,49999169535952,P00993,Synthetic Cooperative Bank
A00924,75120901817497,P01099,Synthetic Cooperative Bank
A00925,11496336098910,P01524,Mock Union Bank
A00926,45961974005975,P01335,Synthetic Cooperative Bank
A00927,45942104208418,P00512,Synthetic Cooperative Bank
A00928,65490787255054,P01090,Fictional National Bank
A00929,19093757707960,P00661,Sample Trust Bank
A00930,69413512848369,P00182,Mock Union Bank
A00931,59582770699226,P01957,Fictional National Bank
A00932,69490608276100,P01638,Synthetic Cooperative Bank
A00933,51209459691573,P01422,Mock Union Bank
A00934,38563375984913,P01202,Sample Trust Bank
A00935,87018811133795,P01775,Synthetic Cooperative Bank
A00936,14324170712787,P00411,Sample Trust Bank
A00937,87908132208220,P00468,Mock Union Bank
A00938,43519788164957,P00553,Fictional National Bank
A00939,04259900284224,P01599,Fictional National Bank
A00940,18313774340305,P00989,Sample Trust Bank
A00941,51733358136822,P01147,Fictional National Bank
A00942,52979685462116,P00162,Sample Trust Bank
A00943,06208212407664,P00018,Mock Union Bank
A00944,36292135011344,P01332,Sample Trust Bank
A00945,95092918489945,P01082,Mock Union Bank
A00946,94972547204744,P01333,Synthetic Cooperative Bank
A00947,75639490465144,P01355,Mock Union Bank
A00948,57481452528886,P00598,Mock Union Bank
A00949,08930431784213,P00746,Fictional National Bank
A00950,69975483937772,P00441,Sample Trust Bank
A00951,54224125038341,P01470,Synthetic Cooperative Bank
A00952,22372074197537,P00564,Fictional National Bank
A00953,06323998877335,P01883,Synthetic Cooperative Bank
A00954,08583755826321,P00190,Mock Union Bank
A00955,51088589981811,P01593,Mock Union Bank
A00956,17834206433955,P00355,Synthetic Cooperative Bank
A00957,33497197204093,P01616,Synthetic Cooperative Bank
A00958,43009173163324,P00570,Synthetic Cooperative Bank
A00959,87244783907121,P00009,Synthetic Cooperative Bank
A00960,98969102419827,P00723,Synthetic Cooperative Bank
A00961,49520769915283,P01993,Fictional National Bank
A00962,97789516650180,P00179,Fictional National Bank
A00963,40277601231625,P00736,Sample Trust Bank
A00964,00036685743973,P00728,Mock Union Bank
A00965,71845816302129,P01709,Fictional National Bank
A00966,36372511298031,P01070,Fictional National Bank
A00967,23705067482522,P00302,Synthetic Cooperative Bank
A00968,65476316914559,P00642,Fictional National Bank
A00969,53542372466762,P00408,Synthetic Cooperative Bank
A00970,76174790455224,P00805,Synthetic Cooperative Bank
A00971,59642549780643,P01381,Sample Trust Bank
A00972,60348973116015,P00164,Sample Trust Bank
A00973,39952115424015,P01687,Fictional National Bank
A00974,43790868088358,P01351,Mock Union Bank
A00975,83645487597997,P01778,Mock Union Bank
A00976,42904368275684,P00257,Sample Trust Bank
A00977,85078672530815,P01766,Fictional National Bank
A00978,67894511932467,P01086,Fictional National Bank
A00979,99927523710029,P01289,Mock Union Bank
A00980,63518757053209,P01733,Synthetic Cooperative Bank
A00981,30144641972941,P00741,Fictional National Bank
A00982,75806932894011,P00417,Sample Trust Bank
A00983,30370971846790,P00155,Sample Trust Bank
A00984,37316927592746,P00941,Fictional National Bank
A00985,06977400970183,P00166,Synthetic Cooperative Bank
A00986,66180610853700,P00731,Sample Trust Bank
A00987,01022212683905,P00124,Fictional National Bank
A00988,01181693491067,P01685,Sample Trust Bank
A00989,71014941163282,P01232,Synthetic Cooperative Bank
A00990,96429586167211,P00717,Sample Trust Bank
A00991,25449655024218,P00042,Synthetic Cooperative Bank
A00992,48057595024242,P01826,Sample Trust Bank
A00993,52317548771320,P00426,Synthetic Cooperative Bank
A00994,13920318676744,P00035,Synthetic Cooperative Bank
A00995,78073900496309,P00348,Sample Trust Bank
A00996,76296029649910,P00823,Mock Union Bank
A00997,71649545844657,P01577,Sample Trust Bank
A00998,13715342789328,P01432,Sample Trust Bank
A00999,22766548427494,P01532,Sample Trust Bank
A01000,54030021436659,P01373,Mock Union Bank
A01001,38823234533566,P00709,Synthetic Cooperative Bank
A01002,89657549203980,P01971,Fictional National Bank
A01003,76191577014111,P00399,Mock Union Bank
A01004,81623153942811,P01494,Mock Union Bank
A01005,65091639750579,P01090,Synthetic Cooperative Bank
A01006,51098100944300,P00232,Synthetic Cooperative Bank
A01007,32065694276380,P00909,Synthetic Cooperative Bank
A01008,32676311431075,P00752,Synthetic Cooperative Bank
A01009,87141426429306,P01714,Mock Union Bank
A01010,14383816742895,P01456,Mock Union Bank
A01011,58474389475289,P01739,Sample Trust Bank
A01012,24597989822455,P01595,Mock Union Bank
A01013,42100149961177,P00055,Mock Union Bank
A01014,53905798662692,P01593,Synthetic Cooperative Bank
A01015,53002553952563,P00464,Sample Trust Bank
A01016,73125245870131,P01680,Fictional National Bank
A01017,51733583624921,P00124,Mock Union Bank
A01018,69443878717135,P00171,Synthetic Cooperative Bank
A01019,89105482562739,P00690,Sample Trust Bank
A01020,33161209928687,P01564,Mock Union Bank
A01021,77515367209750,P00299,Sample Trust Bank
A01022,91285685944164,P00741,Synthetic Cooperative Bank
A01023,11568540262180,P00407,Sample Trust Bank
A01024,03632351852291,P01431,Sample Trust Bank
A01025,61307398714845,P01635,Mock Union Bank
A01026,30074577741465,P00602,Fictional National Bank
A01027,16332533630575,P00996,Sample Trust Bank
A01028,66070250766606,P01373,Mock Union Bank
A01029,52610689655326,P00041,Mock Union Bank
A01030,14124043968483,P00985,Mock Union Bank
A01031,60001820871638,P01165,Fictional National Bank
A01032,92719189938198,P01184,Sample Trust Bank
A01033,21650181757601,P01746,Fictional National Bank
A01034,67522624915289,P01928,Synthetic Cooperative Bank
A01035,16651773131974,P00328,Synthetic Cooperative Bank
A01036,52762559376511,P00223,Synthetic Cooperative Bank
A01037,65163917271548,P00630,Synthetic Cooperative Bank
A01038,81341350334607,P00814,Mock Union Bank
A01039,68757446544821,P01984,Sample Trust Bank
A01040,82125588774050,P00430,Synthetic Cooperative Bank
A01041,51346508656996,P01531,Synthetic Cooperative Bank
A01042,44771341253834,P01091,Fictional National Bank
A01043,57299766562067,P00053,Fictional National Bank
A01044,93367774410843,P01730,Sample Trust Bank
A01045,18200340935827,P01797,Fictional National Bank
A01046,73203106664651,P01831,Mock Union Bank
A01047,87978884587957,P00939,Sample Trust Bank
A01048,49179461906923,P00168,Mock Union Bank
A01049,83278668689984,P00190,Synthetic Cooperative Bank
A01050,32650305241142,P00038,Fictional National Bank
A01051,65133529495760,P01464,Synthetic Cooperative Bank
A01052,96108492970453,P01423,Sample Trust Bank
A01053,61297676213545,P01085,Sample Trust Bank
A01054,43153834899531,P01496,Synthetic Cooperative Bank
A01055,00859040024170,P01736,Synthetic Cooperative Bank
A01056,42373313424147,P00794,Fictional National Bank
A01057,97621779429210,P01597,Fictional National Bank
A01058,74821517507963,P00982,Fictional National Bank
A01059,40496196519662,P00443,Sample Trust Bank
A01060,57065868623785,P00181,Sample Trust Bank
A01061,71219993917670,P00916,Sample Trust Bank
A01062,02279624452784,P01272,Synthetic Cooperative Bank
A01063,03987806465949,P00001,Fictional National Bank
A01064,86849874932039,P01314,Synthetic Cooperative Bank
A01065,86870375578545,P00327,Sample Trust Bank
A01066,65309246430813,P01408,Synthetic Cooperative Bank
A01067,57504122664350,P00293,Mock Union Bank
A01068,55731492662247,P01671,Sample Trust Bank
A01069,38280710024588,P00847,Sample Trust Bank
A01070,79399697933933,P00537,Synthetic Cooperative Bank
A01071,87688386898258,P01443,Fictional National Bank
A01072,38681652235079,P01918,Synthetic Cooperative Bank
A01073,73521998068496,P00948,Fictional National Bank
A01074,34299508672266,P01331,Synthetic Cooperative Bank
A01075,07677786739718,P01067,Fictional National Bank
A01076,05974689933053,P01966,Sample Trust Bank
A01077,62426103324877,P00550,Synthetic Cooperative Bank
A01078,18849198661329,P00765,Mock Union Bank
A01079,35724763985726,P00046,Mock Union Bank
A01080,72843858009998,P00066,Sample Trust Bank
A01081,92450514904873,P00859,Mock Union Bank
A01082,75434536499610,P01438,Sample Trust Bank
A01083,99772222646153,P00991,Synthetic Cooperative Bank
A01084,02702750769769,P01896,Synthetic Cooperative Bank
A01085,05145386901681,P01709,Synthetic Cooperative Bank
A01086,07500069915585,P01517,Synthetic Cooperative Bank
A01087,22445565232214,P01729,Mock Union Bank
A01088,13999517699330,P00548,Synthetic Cooperative Bank
A01089,56959070569510,P01102,Sample Trust Bank
A01090,36112874081173,P01641,Fictional National Bank
A01091,99382145287899,P01372,Sample Trust Bank
A01092,93028405218505,P00261,Sample Trust Bank
A01093,83191260485896,P01724,Mock Union Bank
A01094,81844093865471,P00516,Synthetic Cooperative Bank
A01095,05487487056623,P01802,Fictional National Bank
A01096,05609446150123,P01710,Mock Union Bank
A01097,65660505908557,P00102,Sample Trust Bank
A01098,89379391947437,P00650,Synthetic Cooperative Bank
A01099,90352196091027,P01748,Sample Trust Bank
A01100,47142432111902,P01807,Sample Trust Bank
A01101,23773813309831,P01294,Mock Union Bank
A01102,23780346332874,P00730,Synthetic Cooperative Bank
A01103,65686680580005,P01599,Mock Union Bank
A01104,38157501543857,P01834,Fictional National Bank
A01105,07794914881514,P01118,Mock Union Bank
A01106,19954171006562,P00845,Sample Trust Bank
A01107,88545536377665,P00768,Mock Union Bank
A01108,02344238162266,P01235,Mock Union Bank
A01109,49186146288363,P01015,Mock Union Bank
A01110,05331513135611,P01073,Sample Trust Bank
A01111,27847344793722,P01785,Synthetic Cooperative Bank
A01112,17619682258858,P01532,Mock Union Bank
A01113,13574087474073,P01320,Sample Trust Bank
A01114,61756577990618,P00296,Synthetic Cooperative Bank
A01115,42511809545519,P01476,Synthetic Cooperative Bank
A01116,52863484016170,P00567,Sample Trust Bank
A01117,14453375201569,P00493,Fictional National Bank
A01118,16415733768409,P00542,Fictional National Bank
A01119,17810907195714,P00398,Mock Union Bank
A01120,95149558387368,P00198,Fictional National Bank
A01121,72966180843881,P01909,Sample Trust Bank
A01122,48272309907046,P01652,Mock Union Bank
A01123,03006045199081,P00490,Sample Trust Bank
A01124,00276327223736,P00452,Mock Union Bank
A01125,32605904735352,P00117,Synthetic Cooperative Bank
A01126,54930539734513,P00825,Mock Union Bank
A01127,96426060098972,P01613,Sample Trust Bank
A01128,05143164119913,P00500,Sample Trust Bank
A01129,40254260062892,P00726,Synthetic Cooperative Bank
A01130,43579938959458,P00373,Synthetic Cooperative Bank
A01131,17475294977565,P00305,Mock Union Bank
A01132,88956383676657,P00199,Fictional National Bank
A01133,01221338753421,P00415,Mock Union Bank
A01134,83545749883968,P00564,Synthetic Cooperative Bank
A01135,25254309353521,P01123,Mock Union Bank
A01136,34660689924715,P00125,Sample Trust Bank
A01137,61080103022123,P01553,Mock Union Bank
A01138,12169832328541,P01919,Mock Union Bank
A01139,26326214453715,P01952,Fictional National Bank
A01140,19678778801159,P00523,Fictional National Bank
A01141,68423263554690,P00410,Synthetic Cooperative Bank
A01142,69310571973238,P00379,Fictional National Bank
A01143,55278762602356,P00699,Mock Union Bank
A01144,93099986891950,P00047,Sample Trust Bank
A01145,67969999381919,P01387,Mock Union Bank
A01146,74612319002415,P01123,Mock Union Bank
A01147,58637353327028,P00217,Sample Trust Bank
A01148,68685843116210,P00803,Sample Trust Bank
A01149,14947396543105,P00700,Mock Union Bank
A01150,10302759608895,P00866,Sample Trust Bank
A01151,93584342314945,P01218,Synthetic Cooperative Bank
A01152,25860620981804,P01478,Fictional National Bank
A01153,99151414050850,P01304,Fictional National Bank
A01154,47429636412264,P01405,Sample Trust Bank
A01155,43924539604240,P00263,Fictional National Bank
A01156,42539685276820,P00896,Fictional National Bank
A01157,81224661428097,P01096,Fictional National Bank
A01158,97909635159117,P00318,Mock Union Bank
A01159,31702533797086,P01297,Fictional National Bank
A01160,37758725371720,P00603,Fictional National Bank
A01161,33003256964741,P00636,Synthetic Cooperative Bank
A01162,31151968394842,P01841,Synthetic Cooperative Bank
A01163,63154309903491,P00811,Synthetic Cooperative Bank
A01164,65366713646351,P00152,Mock Union Bank
A01165,28232534852979,P00639,Synthetic Cooperative Bank
A01166,96577583352197,P01423,Fictional National Bank
A01167,64064123154024,P01959,Mock Union Bank
A01168,83075016327034,P01960,Fictional National Bank
A01169,05269636427212,P00494,Sample Trust Bank
A01170,45436768796746,P01890,Sample Trust Bank
A01171,26986301333279,P01258,Synthetic Cooperative Bank
A01172,70267199614949,P01618,Fictional National Bank
A01173,51475616038495,P01709,Synthetic Cooperative Bank
A01174,68228795614109,P00781,Sample Trust Bank
A01175,59293257890885,P00752,Fictional National Bank
A01176,03034711202730,P00836,Synthetic Cooperative Bank
A01177,85951292072230,P01801,Synthetic Cooperative Bank
A01178,82339895111399,P00474,Sample Trust Bank
A01179,73879278767823,P01519,Sample Trust Bank
A01180,84229665144486,P00015,Mock Union Bank
A01181,30620681484991,P00909,Sample Trust Bank
A01182,29811300843391,P00275,Mock Union Bank
A01183,98117963305074,P01789,Mock Union Bank
A01184,44327192980284,P00103,Mock Union Bank
A01185,16169362408851,P01517,Sample Trust Bank
A01186,38137057410376,P00456,Synthetic Cooperative Bank
A01187,59415258385163,P00342,Mock Union Bank
A01188,11644668471329,P00977,Fictional National Bank
A01189,10291585118581,P01578,Fictional National Bank
A01190,01460235359682,P01651,Fictional National Bank
A01191,40812356316766,P00191,Fictional National Bank
A01192,16892788847871,P00279,Fictional National Bank
A01193,38347705104730,P01703,Fictional National Bank
A01194,82131148241430,P00363,Mock Union Bank
A01195,46978942596349,P01515,Fictional National Bank
A01196,19768933450041,P01516,Mock Union Bank
A01197,13030766170616,P00177,Sample Trust Bank
A01198,46482098728481,P01112,Fictional National Bank
A01199,96923444055724,P01067,Sample Trust Bank
A01200,21396362091604,P01508,Mock Union Bank
A01201,72319017066863,P01901,Sample Trust Bank
A01202,85893584047057,P00260,Fictional National Bank
A01203,26565641656667,P01651,Fictional National Bank
A01204,11120701805893,P00662,Mock Union Bank
A01205,79262552576150,P01138,Synthetic Cooperative Bank
A01206,98480861868304,P00369,Synthetic Cooperative Bank
A01207,22997853210133,P00549,Synthetic Cooperative Bank
A01208,04003765849014,P00020,Fictional National Bank
A01209,65025787090959,P01747,Fictional National Bank
A01210,79904636919918,P00279,Synthetic Cooperative Bank
A01211,64883626961636,P01529,Sample Trust Bank
A01212,71775296942691,P01340,Mock Union Bank
A01213,89788141245277,P01705,Fictional National Bank
A01214,87550562448188,P00714,Sample Trust Bank
A01215,95013919387074,P00871,Fictional National Bank
A01216,20134984382814,P00586,Fictional National Bank
A01217,24786357236273,P00573,Synthetic Cooperative Bank
A01218,90345446843210,P00093,Mock Union Bank
A01219,96861773079099,P00580,Fictional National Bank
A01220,99846761709951,P01386,Fictional National Bank
A01221,35625762109028,P01500,Fictional National Bank
A01222,95500044415663,P00687,Fictional National Bank
A01223,57275622021758,P01888,Synthetic Cooperative Bank
A01224,83905370137607,P01642,Synthetic Cooperative Bank
A01225,32489323775677,P00011,Mock Union Bank
A01226,68532414842689,P01867,Fictional National Bank
A01227,75746585785645,P01769,Fictional National Bank
A01228,92427934682985,P01545,Fictional National Bank
A01229,22873511877863,P00781,Mock Union Bank
A01230,14487774763971,P01989,Fictional National Bank
A01231,88727796068886,P00382,Sample Trust Bank
A01232,42050578462216,P01331,Synthetic Cooperative Bank
A01233,65186515312141,P00513,Synthetic Cooperative Bank
A01234,29879086865146,P01424,Sample Trust Bank
A01235,17059396701552,P01610,Synthetic Cooperative Bank
A01236,12465529578735,P00761,Fictional National Bank
A01237,32022711318002,P00747,Fictional National Bank
A01238,98008475557734,P01489,Synthetic Cooperative Bank
A01239,23913218366949,P00292,Synthetic Cooperative Bank
A01240,80846987329758,P00707,Mock Union Bank
A01241,62713702446984,P01509,Mock Union Bank
A01242,90906609478306,P01127,Synthetic Cooperative Bank
A01243,64658899872444,P01837,Sample Trust Bank
A01244,31284209274939,P01810,Fictional National Bank
A01245,11220215128513,P01178,Sample Trust Bank
A01246,05416523700877,P01014,Sample Trust Bank
A01247,90032260734784,P00734,Synthetic Cooperative Bank
A01248,74846431032338,P00316,Mock Union Bank
A01249,37673058582196,P01617,Mock Union Bank
A01250,99682243121255,P01517,Synthetic Cooperative Bank
A01251,23078141257067,P01466,Fictional National Bank
A01252,92445475971131,P00904,Mock Union Bank
A01253,68731024264596,P01611,Synthetic Cooperative Bank
A01254,46845831090358,P01143,Mock Union Bank
A01255,72632750271926,P01000,Mock Union Bank
A01256,02387288073664,P00362,Sample Trust Bank
A01257,95990196433562,P00083,Synthetic Cooperative Bank
A01258,02111870000822,P01161,Synthetic Cooperative Bank
A01259,53220893956089,P01976,Fictional National Bank
A01260,61710147824759,P00570,Fictional National Bank
A01261,73906650688857,P01530,Sample Trust Bank
A01262,27316035024506,P01552,Synthetic Cooperative Bank
A01263,70524169456468,P00245,Sample Trust Bank
A01264,64691428400001,P00746,Synthetic Cooperative Bank
A01265,74378471073823,P01515,Synthetic Cooperative Bank
A01266,83376223345015,P00286,Mock Union Bank
A01267,76578661000059,P00229,Fictional National Bank
A01268,18624793933489,P01700,Fictional National Bank
A01269,26963155580087,P00560,Mock Union Bank
A01270,57513183823708,P00989,Mock Union Bank
A01271,68501381385418,P00541,Mock Union Bank
A01272,32645701773370,P00346,Fictional National Bank
A01273,53605497127931,P00092,Fictional National Bank
A01274,62775699906041,P01065,Sample Trust Bank
A01275,60956611828921,P01232,Fictional National Bank
A01276,58643583097533,P01974,Sample Trust Bank
A01277,49289691861756,P00393,Sample Trust Bank
A01278,54964220699255,P00430,Synthetic Cooperative Bank
A01279,35808756344910,P00106,Mock Union Bank
A01280,48831927277834,P01681,Fictional National Bank
A01281,32818167177110,P00985,Synthetic Cooperative Bank
A01282,20736174574179,P00558,Fictional National Bank
A01283,80000013302148,P00997,Fictional National Bank
A01284,01139215819277,P00500,Synthetic Cooperative Bank
A01285,37645618468915,P00523,Synthetic Cooperative Bank
A01286,65974709148719,P00408,Synthetic Cooperative Bank
A01287,90833826561978,P01391,Sample Trust Bank
A01288,12666991699277,P01086,Fictional National Bank
A01289,86657486597759,P01348,Sample Trust Bank
A01290,73800750682337,P00971,Synthetic Cooperative Bank
A01291,39347412678865,P01670,Sample Trust Bank
A01292,38546052173213,P00101,Synthetic Cooperative Bank
A01293,58789288022955,P00007,Sample Trust Bank
A01294,30888370799190,P00781,Sample Trust Bank
A01295,15434491974708,P00247,Mock Union Bank
A01296,67117249859634,P01081,Synthetic Cooperative Bank
A01297,09416267240896,P00834,Synthetic Cooperative Bank
A01298,70132156670191,P01118,Sample Trust Bank
A01299,10459992071898,P00229,Fictional National Bank
A01300,13189605034611,P00292,Sample Trust Bank
A01301,17414655451233,P00466,Mock Union Bank
A01302,16491566303633,P00720,Sample Trust Bank
A01303,86500744352501,P01429,Fictional National Bank
A01304,36470669677813,P00814,Mock Union Bank
A01305,52448649153509,P00128,Fictional National Bank
A01306,35184063929465,P01334,Fictional National Bank
A01307,32710049912643,P01554,Mock Union Bank
A01308,09819205091633,P01508,Synthetic Cooperative Bank
A01309,62593286571192,P01314,Mock Union Bank
A01310,12830062381839,P01957,Synthetic Cooperative Bank
A01311,16791776196079,P00527,Fictional National Bank
A01312,29233591335315,P00187,Synthetic Cooperative Bank
A01313,28724504094147,P00697,Sample Trust Bank
A01314,68289821824468,P00179,Synthetic Cooperative Bank
A01315,16362970386473,P01621,Synthetic Cooperative Bank
A01316,23224263783681,P01941,Synthetic Cooperative Bank
A01317,14528784759044,P00673,Sample Trust Bank
A01318,17643441057940,P00555,Sample Trust Bank
A01319,25329324448345,P01380,Fictional National Bank
A01320,95508977547281,P01151,Mock Union Bank
A01321,06625016220437,P01334,Sample Trust Bank
A01322,49487248492615,P01978,Synthetic Cooperative Bank
A01323,30568208082078,P01845,Fictional National Bank
A01324,82209252109423,P01187,Mock Union Bank
A01325,79130279299025,P01355,Fictional National Bank
A01326,22798257998835,P00049,Mock Union Bank
A01327,26032240807700,P01851,Synthetic Cooperative Bank
A01328,81715068524608,P00951,Mock Union Bank
A01329,20851512286600,P01641,Sample Trust Bank
A01330,49411715903648,P01931,Sample Trust Bank
A01331,25901259968483,P00484,Mock Union Bank
A01332,29786715429599,P01515,Mock Union Bank
A01333,19477007191035,P01600,Synthetic Cooperative Bank
A01334,35921723405155,P00432,Sample Trust Bank
A01335,14387061154211,P00830,Mock Union Bank
A01336,91926595173366,P01223,Sample Trust Bank
A01337,14313740019801,P00599,Fictional National Bank
A01338,63822443265495,P00011,Fictional National Bank
A01339,98197855179154,P01330,Synthetic Cooperative Bank
A01340,80345948930494,P00786,Fictional National Bank
A01341,91006956981983,P01044,Synthetic Cooperative Bank
A01342,31679266403075,P01864,Fictional National Bank
A01343,99064081067109,P00665,Fictional National Bank
A01344,65105920865374,P00870,Mock Union Bank
A01345,58393185665493,P00699,Mock Union Bank
A01346,81268881078632,P01830,Fictional National Bank
A01347,70307817623255,P00162,Fictional National Bank
A01348,91277615180784,P00167,Mock Union Bank
A01349,67600425976571,P00245,Synthetic Cooperative Bank
A01350,45847951961499,P00669,Fictional National Bank
A01351,14090544496252,P01939,Fictional National Bank
A01352,38973907666752,P00831,Mock Union Bank
A01353,20315799706581,P01288,Fictional National Bank
A01354,45077836350968,P01996,Fictional National Bank
A01355,92271662393526,P01744,Fictional National Bank
A01356,72655813261354,P00167,Synthetic Cooperative Bank
A01357,01823320025304,P01648,Sample Trust Bank
A01358,40718533115648,P00931,Synthetic Cooperative Bank
A01359,62875318483364,P00637,Synthetic Cooperative Bank
A01360,29645871663930,P00212,Synthetic Cooperative Bank
A01361,21688070182155,P01991,Sample Trust Bank
A01362,12512188334017,P00515,Fictional National Bank
A01363,44557669625367,P01185,Fictional National Bank
A01364,12034574175659,P00199,Synthetic Cooperative Bank
A01365,00224223716643,P00411,Synthetic Cooperative Bank
A01366,35199972111529,P01321,Synthetic Cooperative Bank
A01367,09930676420117,P00871,Synthetic Cooperative Bank
A01368,10910460052049,P00150,Mock Union Bank
A01369,68651038953722,P01652,Sample Trust Bank
A01370,83929025324488,P01538,Fictional National Bank
A01371,69657765439592,P00974,Fictional National Bank
A01372,31245347491160,P00502,Mock Union Bank
A01373,78182223449447,P01355,Mock Union Bank
A01374,85694451421572,P01069,Fictional National Bank
A01375,60713391438276,P00502,Mock Union Bank
A01376,12395545259137,P01323,Synthetic Cooperative Bank
A01377,06773097803993,P01672,Mock Union Bank
A01378,62075391919382,P00785,Fictional National Bank
A01379,35073984855050,P01015,Sample Trust Bank
A01380,51146278566217,P01013,Sample Trust Bank
A01381,72438144565149,P01846,Sample Trust Bank
A01382,01446338455450,P00679,Fictional National Bank
A01383,22198848131205,P00242,Synthetic Cooperative Bank
A01384,98930922202417,P00110,Sample Trust Bank
A01385,97068382826674,P00801,Fictional National Bank
A01386,00977354962595,P01365,Fictional National Bank
A01387,21355301253436,P01456,Mock Union Bank
A01388,93706756440314,P00764,Synthetic Cooperative Bank
A01389,19457205553216,P00360,Mock Union Bank
A01390,55026945058360,P01753,Sample Trust Bank
A01391,88499392886689,P00312,Fictional National Bank
A01392,65285443052361,P00192,Mock Union Bank
A01393,16370727420050,P01732,Synthetic Cooperative Bank
A01394,40799397788104,P01298,Mock Union Bank
A01395,59054248784041,P01171,Mock Union Bank
A01396,14088779515699,P00991,Synthetic Cooperative Bank
A01397,13790168840476,P00259,Synthetic Cooperative Bank
A01398,99479141592842,P00452,Sample Trust Bank
A01399,67741653746678,P01753,Mock Union Bank
A01400,37164361116859,P01651,Mock Union Bank
A01401,24171687478256,P01982,Synthetic Cooperative Bank
A01402,32510110288314,P00537,Fictional National Bank
A01403,01120174748157,P00530,Sample Trust Bank
A01404,94238021245824,P00190,Sample Trust Bank
A01405,80709278574364,P01495,Synthetic Cooperative Bank
A01406,24702691546669,P00651,Synthetic Cooperative Bank
A01407,07297223187086,P01837,Synthetic Cooperative Bank
A01408,44539750829038,P00410,Mock Union Bank
A01409,98028440278362,P00765,Sample Trust Bank
A01410,49414790447515,P01103,Synthetic Cooperative Bank
A01411,92606082382000,P01783,Synthetic Cooperative Bank
A01412,80678246553092,P01187,Synthetic Cooperative Bank
A01413,21288169035832,P00355,Synthetic Cooperative Bank
A01414,72344241608388,P00448,Fictional National Bank
A01415,89948223322846,P00498,Sample Trust Bank
A01416,99710818632133,P00229,Sample Trust Bank
A01417,52145544722700,P01869,Mock Union Bank
A01418,99744225973037,P01982,Mock Union Bank
A01419,50837432006083,P01026,Fictional National Bank
A01420,77366758598771,P01276,Mock Union Bank
A01421,33353837902389,P00926,Mock Union Bank
A01422,05694761927812,P01555,Fictional National Bank
A01423,62480995224275,P00914,Sample Trust Bank
A01424,73720170117555,P00223,Sample Trust Bank
A01425,47351067444998,P00899,Fictional National Bank
A01426,71677880302492,P01564,Synthetic Cooperative Bank
A01427,00833418715503,P01346,Synthetic Cooperative Bank
A01428,38035431373129,P00107,Mock Union Bank
A01429,04888198759973,P01584,Synthetic Cooperative Bank
A01430,92780992839863,P01386,Fictional National Bank
A01431,62046786303816,P01256,Fictional National Bank
A01432,48670769864449,P01820,Fictional National Bank
A01433,51015427255730,P00231,Fictional National Bank
A01434,08725842302272,P01985,Sample Trust Bank
A01435,52152723114341,P01379,Sample Trust Bank
A01436,38267759727771,P00755,Mock Union Bank
A01437,53465740968348,P00801,Sample Trust Bank
A01438,98716462929177,P01555,Synthetic Cooperative Bank
A01439,05390811000778,P00766,Synthetic Cooperative Bank
A01440,18263741987032,P01944,Synthetic Cooperative Bank
A01441,81933922744545,P00623,Mock Union Bank
A01442,72787924477174,P01530,Fictional National Bank
A01443,68679942061376,P00802,Synthetic Cooperative Bank
A01444,61825930878790,P00377,Fictional National Bank
A01445,12126358156710,P00345,Synthetic Cooperative Bank
A01446,62251933562844,P01919,Synthetic Cooperative Bank
A01447,28284012520043,P00965,Synthetic Cooperative Bank
A01448,18281247966678,P00091,Synthetic Cooperative Bank
A01449,17294099375137,P00054,Sample Trust Bank
A01450,84814196799184,P01767,Mock Union Bank
A01451,20849653851940,P00137,Mock Union Bank
A01452,84593401075287,P01868,Sample Trust Bank
A01453,57502259312272,P00323,Mock Union Bank
A01454,49550307958254,P00528,Sample Trust Bank
A01455,72396778390751,P00929,Sample Trust Bank
A01456,06626794099073,P00398,Sample Trust Bank
A01457,29176480361454,P01437,Mock Union Bank
A01458,29195650584841,P00052,Mock Union Bank
A01459,28356022935117,P01140,Mock Union Bank
A01460,86369380584607,P01752,Fictional National Bank
A01461,43517593172610,P01319,Mock Union Bank
A01462,31479612650889,P00643,Sample Trust Bank
A01463,58537997881668,P00711,Fictional National Bank
A01464,51198887447321,P01245,Sample Trust Bank
A01465,85457477060855,P01279,Synthetic Cooperative Bank
A01466,56432754115652,P00611,Sample Trust Bank
A01467,15626699818052,P00897,Sample Trust Bank
A01468,92008546316460,P01974,Sample Trust Bank
A01469,64932375583883,P01950,Synthetic Cooperative Bank
A01470,14932548592820,P00447,Sample Trust Bank
A01471,53479710900281,P00850,Fictional National Bank
A01472,32666178088644,P00077,Fictional National Bank
A01473,27765029425012,P00770,Synthetic Cooperative Bank
A01474,91535375927197,P01621,Sample Trust Bank
A01475,16242933801070,P01486,Fictional National Bank
A01476,44608348649175,P00865,Fictional National Bank
A01477,31233153497621,P00901,Sample Trust Bank
A01478,03751416486689,P00563,Synthetic Cooperative Bank
A01479,39732786028496,P01830,Synthetic Cooperative Bank
A01480,55012199149952,P01768,Mock Union Bank
A01481,59530196549705,P00377,Mock Union Bank
A01482,59914521020388,P01940,Sample Trust Bank
A01483,71360421210046,P00004,Sample Trust Bank
A01484,52100848654255,P01216,Sample Trust Bank
A01485,86222905441710,P01879,Mock Union Bank
A01486,67392936907064,P01924,Sample Trust Bank
A01487,35838951752047,P00276,Sample Trust Bank
A01488,48307627325538,P00050,Synthetic Cooperative Bank
A01489,43832622506348,P00911,Synthetic Cooperative Bank
A01490,23014646750380,P00901,Mock Union Bank
A01491,18520397101044,P01474,Synthetic Cooperative Bank
A01492,50980993409600,P00430,Sample Trust Bank
A01493,68486558422527,P01750,Sample Trust Bank
A01494,57556442927750,P00767,Fictional National Bank
A01495,25267494222166,P01207,Fictional National Bank
A01496,52381498714203,P01225,Mock Union Bank
A01497,77931240493863,P00903,Sample Trust Bank
A01498,31755337347763,P00286,Fictional National Bank
A01499,65858276546991,P01742,Mock Union Bank
A01500,89730378581442,P01349,Synthetic Cooperative Bank
A01501,76190750561155,P00803,Mock Union Bank
A01502,07498188696115,P01600,Fictional National Bank
A01503,18729701268315,P00128,Sample Trust Bank
A01504,42060511697690,P00330,Mock Union Bank
A01505,52682194719023,P00521,Synthetic Cooperative Bank
A01506,10732575921230,P00985,Synthetic Cooperative Bank
A01507,89905643172104,P01716,Sample Trust Bank
A01508,11867019878350,P00413,Mock Union Bank
A01509,45931813125470,P00591,Sample Trust Bank
A01510,13505407647186,P00381,Synthetic Cooperative Bank
A01511,43681314539480,P01258,Sample Trust Bank
A01512,07845845840222,P01656,Sample Trust Bank
A01513,60218066725279,P01437,Synthetic Cooperative Bank
A01514,44451906774210,P01497,Synthetic Cooperative Bank
A01515,34437108425754,P00031,Synthetic Cooperative Bank
A01516,73534972486898,P01617,Synthetic Cooperative Bank
A01517,53502277469033,P00325,Mock Union Bank
A01518,13705877522212,P00975,Fictional National Bank
A01519,40234203387384,P00066,Mock Union Bank
A01520,35002156383666,P01831,Mock Union Bank
A01521,36586949199785,P01278,Fictional National Bank
A01522,44553296773759,P01674,Mock Union Bank
A01523,28318886166633,P01738,Mock Union Bank
A01524,80911541682497,P00363,Sample Trust Bank
A01525,54911406547651,P00013,Synthetic Cooperative Bank
A01526,67490753513834,P01851,Mock Union Bank
A01527,93349565158223,P00814,Fictional National Bank
A01528,47605967656124,P01187,Synthetic Cooperative Bank
A01529,44146796938925,P00452,Synthetic Cooperative Bank
A01530,14937352908311,P01691,Sample Trust Bank
A01531,86744786873207,P01373,Fictional National Bank
A01532,16944182697187,P01061,Fictional National Bank
A01533,53987405419199,P01426,Mock Union Bank
A01534,98511742614227,P01434,Mock Union Bank
A01535,51228589370810,P00057,Synthetic Cooperative Bank
A01536,43189100492460,P00685,Fictional National Bank
A01537,28549972631508,P01772,Fictional National Bank
A01538,66704295790354,P00016,Fictional National Bank
A01539,64282359848876,P01655,Fictional National Bank
A01540,64841212349605,P01073,Synthetic Cooperative Bank
A01541,06272352643611,P01509,Synthetic Cooperative Bank
A01542,88705716298475,P01688,Mock Union Bank
A01543,00964614699483,P01001,Mock Union Bank
A01544,01668586778953,P00795,Synthetic Cooperative Bank
A01545,75393036199932,P00601,Sample Trust Bank
A01546,38615742368378,P01458,Fictional National Bank
A01547,71718658807461,P01346,Synthetic Cooperative Bank
A01548,65456566363638,P00077,Fictional National Bank
A01549,92223042103799,P00412,Synthetic Cooperative Bank
A01550,48793701233579,P01801,Synthetic Cooperative Bank
A01551,75901292992920,P01475,Fictional National Bank
A01552,70457408507491,P00458,Fictional National Bank
A01553,92823696493826,P01963,Synthetic Cooperative Bank
A01554,80033833673614,P00173,Fictional National Bank
A01555,61945615818110,P00557,Sample Trust Bank
A01556,99429223197895,P01395,Synthetic Cooperative Bank
A01557,20108981072322,P01288,Sample Trust Bank
A01558,78301944108834,P00588,Mock Union Bank
A01559,53742494178584,P00489,Sample Trust Bank
A01560,02392831091571,P01494,Fictional National Bank
A01561,39792341024250,P00022,Mock Union Bank
A01562,63106268441877,P01212,Sample Trust Bank
A01563,89617687296204,P01661,Synthetic Cooperative Bank
A01564,75810141008259,P01529,Synthetic Cooperative Bank
A01565,65117682515288,P00418,Fictional National Bank
A01566,49605469050849,P01970,Mock Union Bank
A01567,17042047308788,P01312,Sample Trust Bank
A01568,26322844133358,P00654,Fictional National Bank
A01569,10377002335823,P01718,Mock Union Bank
A01570,06274157088328,P01603,Sample Trust Bank
A01571,41614354349189,P01701,Synthetic Cooperative Bank
A01572,55746433304030,P01676,Mock Union Bank
A01573,18158535062925,P01095,Fictional National Bank
A01574,99491943733312,P01463,Synthetic Cooperative Bank
A01575,65568502208053,P01390,Mock Union Bank
A01576,92795132465183,P01507,Mock Union Bank
A01577,91461201407983,P01752,Mock Union Bank
A01578,77160108317349,P00039,Sample Trust Bank
A01579,15533975317528,P00401,Sample Trust Bank
A01580,22400025937581,P00195,Synthetic Cooperative Bank
A01581,02287408975784,P00681,Synthetic Cooperative Bank
A01582,51802642149288,P01824,Mock Union Bank
A01583,34477927969392,P00144,Fictional National Bank
A01584,15704533043494,P00686,Fictional National Bank
A01585,98826874433731,P00714,Mock Union Bank
A01586,02903008103911,P01260,Fictional National Bank
A01587,07559786216348,P01285,Mock Union Bank
A01588,43053447550823,P01473,Synthetic Cooperative Bank
A01589,88161371958807,P01053,Synthetic Cooperative Bank
A01590,27146355428468,P01575,Sample Trust Bank
A01591,87203238322704,P00425,Mock Union Bank
A01592,27402655859245,P00467,Fictional National Bank
A01593,31081854805143,P00325,Synthetic Cooperative Bank
A01594,74909944718132,P00937,Mock Union Bank
A01595,62146133547337,P01514,Fictional National Bank
A01596,55563481415771,P00330,Fictional National Bank
A01597,49223966528514,P01490,Fictional National Bank
A01598,82745745659925,P01186,Fictional National Bank
A01599,33736435371214,P00966,Sample Trust Bank
A01600,70095830428632,P00477,Synthetic Cooperative Bank
A01601,26557474493667,P00132,Synthetic Cooperative Bank
A01602,21608340289740,P00641,Synthetic Cooperative Bank
A01603,93496479353956,P01521,Synthetic Cooperative Bank
A01604,54262671889267,P01593,Fictional National Bank
A01605,61916673221775,P00178,Mock Union Bank
A01606,44772045337697,P01617,Fictional National Bank
A01607,27624396063007,P01388,Synthetic Cooperative Bank
A01608,38917873563921,P00410,Fictional National Bank
A01609,78162698773510,P01000,Mock Union Bank
A01610,97344685009479,P01685,Mock Union Bank
A01611,92936166290879,P00903,Synthetic Cooperative Bank
A01612,86367763966352,P01137,Sample Trust Bank
A01613,00755040841383,P00467,Fictional National Bank
A01614,75282079077988,P00191,Sample Trust Bank
A01615,82561664028028,P00238,Fictional National Bank
A01616,24466165175866,P00283,Sample Trust Bank
A01617,65704388339238,P01987,Mock Union Bank
A01618,91269176498577,P00052,Mock Union Bank
A01619,35984070547209,P00327,Synthetic Cooperative Bank
A01620,65296794718916,P00858,Sample Trust Bank
A01621,73100179776600,P01080,Synthetic Cooperative Bank
A01622,03642382235522,P00315,Fictional National Bank
A01623,12456212025409,P01206,Mock Union Bank
A01624,39654525517656,P00206,Synthetic Cooperative Bank
A01625,95092628975720,P00832,Synthetic Cooperative Bank
A01626,14306143288589,P01422,Mock Union Bank
A01627,99069981892371,P00895,Fictional National Bank
A01628,90711364689068,P00504,Sample Trust Bank
A01629,80391277905387,P01025,Mock Union Bank
A01630,89534297039773,P00151,Synthetic Cooperative Bank
A01631,00414326944104,P01883,Synthetic Cooperative Bank
A01632,20086586233487,P01883,Fictional National Bank
A01633,42114746757325,P01231,Fictional National Bank
A01634,41561731243219,P01415,Sample Trust Bank
A01635,24761740353005,P01144,Sample Trust Bank
A01636,41727340697541,P01036,Synthetic Cooperative Bank
A01637,26301508922983,P01979,Fictional National Bank
A01638,21337045038607,P01182,Synthetic Cooperative Bank
A01639,30628734512951,P01237,Sample Trust Bank
A01640,28558679316027,P01345,Sample Trust Bank
A01641,48765612806955,P00388,Synthetic Cooperative Bank
A01642,10953161566785,P01761,Sample Trust Bank
A01643,34112928810423,P01504,Mock Union Bank
A01644,47965545085548,P01251,Mock Union Bank
A01645,06904398788899,P01202,Mock Union Bank
A01646,84406026909594,P01240,Fictional National Bank
A01647,21989902077730,P00684,Fictional National Bank
A01648,02933367705297,P00650,Synthetic Cooperative Bank
A01649,84127913253325,P00698,Mock Union Bank
A01650,04162742212115,P01534,Mock Union Bank
A01651,48502461016810,P01302,Sample Trust Bank
A01652,77973095146073,P00199,Sample Trust Bank
A01653,40324044012178,P00335,Mock Union Bank
A01654,34361455012904,P01907,Synthetic Cooperative Bank
A01655,28686677564698,P00164,Synthetic Cooperative Bank
A01656,32094816853199,P00753,Fictional National Bank
A01657,70146187027392,P01373,Mock Union Bank
A01658,78314642508823,P01591,Synthetic Cooperative Bank
A01659,39696477323724,P01541,Synthetic Cooperative Bank
A01660,13324061869460,P01208,Mock Union Bank
A01661,27450569582616,P00778,Fictional National Bank
A01662,38125802562197,P00394,Mock Union Bank
A01663,04404241426562,P00940,Sample Trust Bank
A01664,60464300724766,P00141,Fictional National Bank
A01665,53139783747669,P01920,Synthetic Cooperative Bank
A01666,72424278412876,P00977,Fictional National Bank
A01667,82612499877999,P00258,Mock Union Bank
A01668,81940681275610,P01314,Mock Union Bank
A01669,86732586848106,P01819,Synthetic Cooperative Bank
A01670,16569386512054,P00542,Fictional National Bank
A01671,28078647701696,P00701,Synthetic Cooperative Bank
A01672,23362706538137,P01831,Mock Union Bank
A01673,23543512904589,P01888,Sample Trust Bank
A01674,85952405004510,P00432,Sample Trust Bank
A01675,60588095924398,P01284,Fictional National Bank
A01676,88322570211686,P00666,Sample Trust Bank
A01677,02892814989656,P01940,Fictional National Bank
A01678,78154836115383,P01651,Synthetic Cooperative Bank
A01679,64493474303426,P01893,Sample Trust Bank
A01680,45661155681609,P01094,Sample Trust Bank
A01681,05787660178296,P00601,Fictional National Bank
A01682,47307480279727,P01727,Synthetic Cooperative Bank
A01683,99699465217456,P00026,Mock Union Bank
A01684,88438684438068,P01111,Mock Union Bank
A01685,45795573815679,P00206,Sample Trust Bank
A01686,81561302327639,P01285,Fictional National Bank
A01687,94973976876596,P00776,Mock Union Bank
A01688,71817534096199,P01970,Sample Trust Bank
A01689,51175634406021,P01537,Fictional National Bank
A01690,62696967278332,P01177,Synthetic Cooperative Bank
A01691,37319682436981,P00747,Synthetic Cooperative Bank
A01692,06789726715691,P01769,Mock Union Bank
A01693,70129839454164,P01443,Sample Trust Bank
A01694,15006652853004,P00055,Mock Union Bank
A01695,86859222200659,P00738,Sample Trust Bank
A01696,41442018034206,P01291,Sample Trust Bank
A01697,21704668708179,P01692,Sample Trust Bank
A01698,16712304658365,P00276,Fictional National Bank
A01699,16658136622208,P01492,Sample Trust Bank
A01700,02130509639947,P01723,Synthetic Cooperative Bank
A01701,88146082474079,P01779,Mock Union Bank
A01702,44417566619621,P01845,Synthetic Cooperative Bank
A01703,39295019761032,P00333,Fictional National Bank
A01704,80872670511938,P00771,Synthetic Cooperative Bank
A01705,09045816729193,P01854,Fictional National Bank
A01706,01859052731187,P00533,Sample Trust Bank
A01707,67224128650384,P00695,Fictional National Bank
A01708,95992224924440,P00107,Sample Trust Bank
A01709,15922209764861,P00855,Synthetic Cooperative Bank
A01710,82559143211724,P01494,Mock Union Bank
A01711,05182080861780,P00743,Sample Trust Bank
A01712,35384732420570,P01829,Synthetic Cooperative Bank
A01713,95925707279290,P00852,Mock Union Bank
A01714,99811721370261,P01415,Sample Trust Bank
A01715,67270224102621,P00969,Fictional National Bank
A01716,08320914319384,P01066,Fictional National Bank
A01717,31189230731397,P01557,Synthetic Cooperative Bank
A01718,87287713042387,P01134,Sample Trust Bank
A01719,09007796427709,P01002,Sample Trust Bank
A01720,52539913854131,P01056,Sample Trust Bank
A01721,44851954423344,P01252,Fictional National Bank
A01722,88551088921710,P00342,Sample Trust Bank
A01723,53159964608725,P00538,Mock Union Bank
A01724,77538817683532,P00991,Mock Union Bank
A01725,11016219897446,P00932,Synthetic Cooperative Bank
A01726,81516491907044,P00179,Mock Union Bank
A01727,64923066190174,P00224,Mock Union Bank
A01728,52467193064739,P00321,Fictional National Bank
A01729,75358983243595,P01533,Fictional National Bank
A01730,31695432324693,P00461,Mock Union Bank
A01731,69788377720439,P00704,Sample Trust Bank
A01732,88842716965645,P01708,Mock Union Bank
A01733,92840347696454,P01463,Mock Union Bank
A01734,68994253283693,P00001,Fictional National Bank
A01735,80118721398302,P01733,Fictional National Bank
A01736,56572386160186,P01386,Fictional National Bank
A01737,36406958051840,P01162,Mock Union Bank
A01738,73503188497416,P01287,Synthetic Cooperative Bank
A01739,85563366023521,P00358,Sample Trust Bank
A01740,21182891305102,P01260,Sample Trust Bank
A01741,05814796056233,P00169,Fictional National Bank
A01742,79768854346458,P01182,Synthetic Cooperative Bank
A01743,46373330030471,P01220,Sample Trust Bank
A01744,23425301281940,P01331,Fictional National Bank
A01745,29520781874146,P00209,Mock Union Bank
A01746,63707043737514,P00820,Synthetic Cooperative Bank
A01747,35546222847660,P00737,Fictional National Bank
A01748,49091261935815,P01221,Fictional National Bank
A01749,85940048965608,P00583,Mock Union Bank
A01750,54495697755612,P00759,Synthetic Cooperative Bank
A01751,01522904015076,P00570,Synthetic Cooperative Bank
A01752,42012172209434,P01186,Synthetic Cooperative Bank
A01753,82419857787341,P00369,Synthetic Cooperative Bank
A01754,23073571361877,P01919,Mock Union Bank
A01755,89535258535599,P01154,Mock Union Bank
A01756,41436043872430,P00230,Mock Union Bank
A01757,60641442509693,P01117,Synthetic Cooperative Bank
A01758,57901550880639,P01555,Mock Union Bank
A01759,54505296537047,P01036,Sample Trust Bank
A01760,09856835051834,P01445,Mock Union Bank
A01761,27554701429503,P01998,Synthetic Cooperative Bank
A01762,36834021104549,P00846,Fictional National Bank
A01763,46065349309666,P01254,Synthetic Cooperative Bank
A01764,16605577390455,P00606,Mock Union Bank
A01765,23319312108110,P00379,Synthetic Cooperative Bank
A01766,73800778981968,P01084,Sample Trust Bank
A01767,66688433165098,P01828,Synthetic Cooperative Bank
A01768,81272490140543,P00444,Synthetic Cooperative Bank
A01769,98984738439537,P00547,Synthetic Cooperative Bank
A01770,80153584962003,P01960,Synthetic Cooperative Bank
A01771,02019268601738,P01674,Mock Union Bank
A01772,55505181761426,P00636,Sample Trust Bank
A01773,43677041108002,P00269,Sample Trust Bank
A01774,91359748956425,P01780,Synthetic Cooperative Bank
A01775,31779105372565,P00974,Sample Trust Bank
A01776,37343488919000,P00441,Fictional National Bank
A01777,20127760662595,P00329,Sample Trust Bank
A01778,44112848421727,P01087,Mock Union Bank
A01779,21940478913671,P01531,Sample Trust Bank
A01780,68498991263827,P00141,Mock Union Bank
A01781,55097333098703,P00171,Synthetic Cooperative Bank
A01782,29852704973444,P01406,Sample Trust Bank
A01783,46474965913110,P01752,Fictional National Bank
A01784,52218159588123,P01894,Sample Trust Bank
A01785,88660882323511,P01588,Synthetic Cooperative Bank
A01786,52254945703176,P01310,Fictional National Bank
A01787,13247073081414,P00110,Synthetic Cooperative Bank
A01788,75745451733016,P01894,Mock Union Bank
A01789,48765781591665,P01392,Mock Union Bank
A01790,17286421360171,P01270,Mock Union Bank
A01791,22294531965164,P01873,Mock Union Bank
A01792,18054008538094,P01752,Synthetic Cooperative Bank
A01793,79619909798965,P00040,Fictional National Bank
A01794,18708781574916,P00446,Sample Trust Bank
A01795,56709866788516,P00135,Synthetic Cooperative Bank
A01796,85285794015415,P00049,Fictional National Bank
A01797,98511881167873,P00782,Mock Union Bank
A01798,08514966757169,P01017,Mock Union Bank
A01799,23134268396995,P00569,Sample Trust Bank
A01800,39570016845122,P00188,Mock Union Bank
A01801,02387893038147,P01764,Sample Trust Bank
A01802,04096262922595,P01891,Synthetic Cooperative Bank
A01803,21098532727206,P00871,Sample Trust Bank
A01804,49059730375374,P00917,Mock Union Bank
A01805,08830682948170,P01965,Mock Union Bank
A01806,67294279191637,P01883,Fictional National Bank
A01807,72028882397970,P00069,Sample Trust Bank
A01808,15242443102993,P00941,Synthetic Cooperative Bank
A01809,36740092542709,P00187,Synthetic Cooperative Bank
A01810,81803430714883,P00208,Fictional National Bank
A01811,45082759868581,P01860,Sample Trust Bank
A01812,84674822328642,P00549,Mock Union Bank
A01813,64717426588406,P00017,Sample Trust Bank
A01814,24501160124181,P01581,Fictional National Bank
A01815,07621096926216,P01378,Mock Union Bank
A01816,02063141092443,P00928,Synthetic Cooperative Bank
A01817,40568642961724,P01170,Sample Trust Bank
A01818,27318897060446,P01809,Synthetic Cooperative Bank
A01819,74457199167342,P00037,Fictional National Bank
A01820,11407813664929,P00498,Fictional National Bank
A01821,38394271342470,P00981,Sample Trust Bank
A01822,49222571640048,P01331,Mock Union Bank
A01823,41434564663971,P01642,Fictional National Bank
A01824,20633575997949,P01676,Sample Trust Bank
A01825,67564667667491,P00618,Synthetic Cooperative Bank
A01826,81694032422164,P00593,Mock Union Bank
A01827,24421461004983,P00394,Mock Union Bank
A01828,00581983651469,P01886,Fictional National Bank
A01829,18376539790057,P00634,Synthetic Cooperative Bank
A01830,10807509503545,P01523,Fictional National Bank
A01831,64029422085950,P00413,Synthetic Cooperative Bank
A01832,12155959959241,P01982,Sample Trust Bank
A01833,65536018117032,P00213,Fictional National Bank
A01834,25383614491792,P01338,Fictional National Bank
A01835,51481114687261,P01306,Fictional National Bank
A01836,70215384503559,P00978,Sample Trust Bank
A01837,31312131243466,P01848,Sample Trust Bank
A01838,91362153944060,P00248,Fictional National Bank
A01839,46120584984475,P01674,Synthetic Cooperative Bank
A01840,60074813353336,P01236,Mock Union Bank
A01841,75180075658255,P00125,Mock Union Bank
A01842,38686123587905,P01016,Fictional National Bank
A01843,30907294856366,P00947,Sample Trust Bank
A01844,13962863389754,P00871,Sample Trust Bank
A01845,12143593939427,P00049,Synthetic Cooperative Bank
A01846,28815659604028,P01018,Sample Trust Bank
A01847,77064813357829,P00552,Synthetic Cooperative Bank
A01848,42350688439393,P00526,Sample Trust Bank
A01849,26382391929478,P00055,Sample Trust Bank
A01850,45603186865927,P00547,Mock Union Bank
A01851,12964548277195,P01846,Fictional National Bank
A01852,19941364477291,P01900,Fictional National Bank
A01853,44014708231961,P01084,Sample Trust Bank
A01854,58828442718045,P01297,Mock Union Bank
A01855,12899512174475,P01223,Sample Trust Bank
A01856,36518370470237,P01496,Fictional National Bank
A01857,25068212035813,P01310,Sample Trust Bank
A01858,95196245240558,P01973,Sample Trust Bank
A01859,59199885522929,P00339,Sample Trust Bank
A01860,02598458554220,P00954,Mock Union Bank
A01861,87291298967335,P00576,Synthetic Cooperative Bank
A01862,63230017195576,P00902,Synthetic Cooperative Bank
A01863,51662156748637,P00256,Mock Union Bank
A01864,03036638602687,P01629,Fictional National Bank
A01865,58405318865852,P01358,Synthetic Cooperative Bank
A01866,76172746003410,P01008,Mock Union Bank
A01867,82870351719949,P01727,Sample Trust Bank
A01868,00970644071253,P00504,Mock Union Bank
A01869,11555240278201,P01934,Mock Union Bank
A01870,13083953116951,P01104,Mock Union Bank
A01871,23450896071376,P01601,Sample Trust Bank
A01872,08060605064051,P01610,Fictional National Bank
A01873,28401440790438,P01079,Synthetic Cooperative Bank
A01874,17324615522411,P00631,Synthetic Cooperative Bank
A01875,14812689265835,P01858,Synthetic Cooperative Bank
A01876,83968856069456,P00932,Mock Union Bank
A01877,93195799659123,P00866,Mock Union Bank
A01878,94930784578449,P01736,Fictional National Bank
A01879,23077146502860,P01466,Fictional National Bank
A01880,83769108189813,P01997,Sample Trust Bank
A01881,11047084444532,P01052,Mock Union Bank
A01882,21195110945265,P00798,Synthetic Cooperative Bank
A01883,55146200088887,P00142,Sample Trust Bank
A01884,14377222855693,P00585,Fictional National Bank
A01885,49354881073276,P01676,Fictional National Bank
A01886,90377731102537,P01182,Mock Union Bank
A01887,93358515149400,P01710,Sample Trust Bank
A01888,67239798811882,P00519,Fictional National Bank
A01889,07605955870425,P01509,Synthetic Cooperative Bank
A01890,76967325496607,P01382,Fictional National Bank
A01891,73723805712166,P00344,Synthetic Cooperative Bank
A01892,68273428904268,P01207,Mock Union Bank
A01893,44606889589932,P01471,Fictional National Bank
A01894,33044217953485,P01244,Sample Trust Bank
A01895,50446240441631,P00492,Sample Trust Bank
A01896,64170003379047,P01443,Mock Union Bank
A01897,12066058085690,P01588,Synthetic Cooperative Bank
A01898,91708880724207,P01443,Mock Union Bank
A01899,87722696673495,P00459,Sample Trust Bank
A01900,15008585491465,P01947,Fictional National Bank
A01901,79212719526171,P00863,Sample Trust Bank
A01902,96837201648547,P00929,Fictional National Bank
A01903,25819634813004,P00481,Synthetic Cooperative Bank
A01904,25691539305818,P01763,Sample Trust Bank
A01905,24046610106195,P01383,Fictional National Bank
A01906,18932986536614,P01579,Mock Union Bank
A01907,18187850374361,P00037,Synthetic Cooperative Bank
A01908,42618912415212,P00671,Fictional National Bank
A01909,93387300603289,P01582,Sample Trust Bank
A01910,57377564108945,P01205,Synthetic Cooperative Bank
A01911,25940376494133,P00062,Fictional National Bank
A01912,84552255494228,P01865,Mock Union Bank
A01913,14136325586133,P01996,Synthetic Cooperative Bank
A01914,30561311137236,P01850,Sample Trust Bank
A01915,90821352211118,P01432,Fictional National Bank
A01916,83087993330913,P01887,Fictional National Bank
A01917,98602082896818,P01259,Fictional National Bank
A01918,35862835880588,P00522,Sample Trust Bank
A01919,96807687902446,P00962,Mock Union Bank
A01920,35986484092702,P00538,Fictional National Bank
A01921,54224898014768,P01609,Synthetic Cooperative Bank
A01922,39159658668140,P01647,Synthetic Cooperative Bank
A01923,84545367932633,P01663,Mock Union Bank
A01924,70811759661446,P00683,Sample Trust Bank
A01925,49089571070611,P00736,Mock Union Bank
A01926,22359606585522,P01734,Mock Union Bank
A01927,44360488486181,P00049,Sample Trust Bank
A01928,75768263690089,P00558,Sample Trust Bank
A01929,30365907746743,P01883,Synthetic Cooperative Bank
A01930,09705550133343,P00583,Fictional National Bank
A01931,72749631885340,P01962,Synthetic Cooperative Bank
A01932,10158526323107,P00769,Mock Union Bank
A01933,88462054201186,P00929,Sample Trust Bank
A01934,27263401881497,P01745,Sample Trust Bank
A01935,18182715131948,P01441,Synthetic Cooperative Bank
A01936,82763439463571,P01475,Sample Trust Bank
A01937,35473745714727,P01271,Mock Union Bank
A01938,79319807123367,P01877,Fictional National Bank
A01939,15542373997704,P01365,Fictional National Bank
A01940,58861364323590,P00490,Sample Trust Bank
A01941,87755484004210,P00474,Sample Trust Bank
A01942,88576019666793,P01182,Synthetic Cooperative Bank
A01943,83607989097892,P00978,Fictional National Bank
A01944,98338101362408,P00992,Synthetic Cooperative Bank
A01945,52646744563225,P00162,Fictional National Bank
A01946,67884880595474,P00723,Synthetic Cooperative Bank
A01947,28923437142438,P00015,Fictional National Bank
A01948,37249288409696,P01570,Mock Union Bank
A01949,85375122072159,P00974,Fictional National Bank
A01950,02224703213378,P00650,Fictional National Bank
A01951,84096429385550,P00118,Sample Trust Bank
A01952,32008224491306,P01253,Fictional National Bank
A01953,55704193640641,P00001,Mock Union Bank
A01954,18222413295010,P01675,Synthetic Cooperative Bank
A01955,32139928581427,P00477,Synthetic Cooperative Bank
A01956,22149161019953,P00622,Synthetic Cooperative Bank
A01957,05978428143519,P01925,Mock Union Bank
A01958,19979817630191,P01373,Fictional National Bank
A01959,31670141048820,P00690,Sample Trust Bank
A01960,56200983273652,P00514,Synthetic Cooperative Bank
A01961,25205656791671,P01218,Synthetic Cooperative Bank
A01962,94401305972533,P00919,Synthetic Cooperative Bank
A01963,97073068688786,P00605,Fictional National Bank
A01964,02285404026166,P01148,Mock Union Bank
A01965,01562258481906,P00628,Fictional National Bank
A01966,98278147056497,P00569,Fictional National Bank
A01967,29126981533453,P01682,Synthetic Cooperative Bank
A01968,30926978833102,P01088,Fictional National Bank
A01969,20564598034405,P01000,Mock Union Bank
A01970,95197439504449,P00864,Synthetic Cooperative Bank
A01971,09545549128311,P01505,Sample Trust Bank
A01972,94944228329958,P01772,Sample Trust Bank
A01973,42796304955094,P01980,Sample Trust Bank
A01974,64163882810592,P01060,Mock Union Bank
A01975,11894623116655,P00199,Sample Trust Bank
A01976,63004335901564,P00441,Fictional National Bank
A01977,55694146735928,P00907,Synthetic Cooperative Bank
A01978,96257741616566,P01439,Mock Union Bank
A01979,64063365586171,P01797,Fictional National Bank
A01980,96796939249623,P00109,Mock Union Bank
A01981,69285156283794,P00556,Sample Trust Bank
A01982,41733360107867,P00883,Sample Trust Bank
A01983,05345035816549,P01538,Fictional National Bank
A01984,61846487608576,P01253,Mock Union Bank
A01985,03632428662271,P00849,Synthetic Cooperative Bank
A01986,36656673906072,P00172,Sample Trust Bank
A01987,23657614766571,P01358,Sample Trust Bank
A01988,22612349457244,P00500,Fictional National Bank
A01989,48261481099578,P00900,Fictional National Bank
A01990,33807033156670,P01925,Mock Union Bank
A01991,30851983860696,P00382,Synthetic Cooperative Bank
A01992,98956911030897,P00601,Mock Union Bank
A01993,38040441616613,P01052,Fictional National Bank
A01994,54853961048088,P00779,Fictional National Bank
A01995,74987584024938,P00616,Sample Trust Bank
A01996,38992793544458,P00133,Fictional National Bank
A01997,73019952614578,P00677,Synthetic Cooperative Bank
A01998,56636305128163,P01654,Sample Trust Bank
A01999,63173338568369,P01233,Mock Union Bank
A02000,01503431629235,P00883,Sample Trust Bank
A02001,34335712057492,P00362,Fictional National Bank
A02002,86068289728702,P00433,Mock Union Bank
A02003,45310769070096,P00731,Fictional National Bank
A02004,67443593457161,P01099,Mock Union Bank
A02005,63360610132312,P01752,Synthetic Cooperative Bank
A02006,67268473081690,P00046,Synthetic Cooperative Bank
A02007,34206289580424,P00678,Mock Union Bank
A02008,11688392114367,P01623,Mock Union Bank
A02009,33466766829300,P01052,Sample Trust Bank
A02010,03877464385088,P00412,Synthetic Cooperative Bank
A02011,70445542835887,P00735,Mock Union Bank
A02012,09438054794898,P00335,Synthetic Cooperative Bank
A02013,18608075393985,P00014,Sample Trust Bank
A02014,60042709839654,P00892,Mock Union Bank
A02015,38053634716780,P01263,Mock Union Bank
A02016,78054452925824,P01555,Fictional National Bank
A02017,08745921893105,P00564,Sample Trust Bank
A02018,86946184165714,P00764,Fictional National Bank
A02019,87410566326246,P01321,Synthetic Cooperative Bank
A02020,02578653578666,P01859,Sample Trust Bank
A02021,60321124586154,P01796,Sample Trust Bank
A02022,84418519968327,P01221,Sample Trust Bank
A02023,89082371059602,P01880,Synthetic Cooperative Bank
A02024,98047327224375,P00445,Fictional National Bank
A02025,25969718511477,P00199,Sample Trust Bank
A02026,63159380962786,P01662,Fictional National Bank
A02027,91928344026083,P00184,Mock Union Bank
A02028,89743540858420,P01320,Mock Union Bank
A02029,54928767567538,P01221,Sample Trust Bank
A02030,81453924133733,P00804,Synthetic Cooperative Bank
A02031,40819444890208,P01925,Mock Union Bank
A02032,73599192157864,P00274,Mock Union Bank
A02033,29612052870019,P01422,Fictional National Bank
A02034,46521225624437,P00741,Sample Trust Bank
A02035,92066545667037,P01592,Fictional National Bank
A02036,10955753882578,P00866,Mock Union Bank
A02037,71171856911781,P01373,Sample Trust Bank
A02038,81589186239378,P01596,Mock Union Bank
A02039,71957156210004,P00112,Sample Trust Bank
A02040,19406568590037,P01412,Fictional National Bank
A02041,61463910274237,P01772,Synthetic Cooperative Bank
A02042,62314701260562,P00880,Synthetic Cooperative Bank
A02043,92362013421487,P00791,Sample Trust Bank
A02044,29862811803196,P00451,Mock Union Bank
A02045,91358263747888,P00379,Synthetic Cooperative Bank
A02046,91987813391723,P00582,Synthetic Cooperative Bank
A02047,23927541387055,P01106,Mock Union Bank
A02048,05475532413690,P01605,Sample Trust Bank
A02049,24991410717878,P00066,Sample Trust Bank
A02050,53600454579427,P00983,Mock Union Bank
A02051,37326953724449,P00452,Sample Trust Bank
A02052,12269514369200,P01442,Fictional National Bank
A02053,58534029708953,P01547,Sample Trust Bank
A02054,64013748967826,P00047,Synthetic Cooperative Bank
A02055,69246105993180,P01804,Mock Union Bank
A02056,79405051594906,P01331,Fictional National Bank
A02057,56270610500917,P00474,Fictional National Bank
A02058,95372817740898,P01946,Mock Union Bank
A02059,75311545164339,P00936,Synthetic Cooperative Bank
A02060,36700974188682,P01035,Sample Trust Bank
A02061,71988723075578,P01455,Sample Trust Bank
A02062,16584130093220,P01651,Sample Trust Bank
A02063,20667298361941,P00572,Fictional National Bank
A02064,82963802649280,P00356,Synthetic Cooperative Bank
A02065,12265817729257,P00148,Synthetic Cooperative Bank
A02066,68123053252600,P00838,Fictional National Bank
A02067,81230738880122,P01268,Fictional National Bank
A02068,36521010745205,P00264,Fictional National Bank
A02069,91197158085111,P00066,Mock Union Bank
A02070,41225011287508,P00050,Synthetic Cooperative Bank
A02071,03909738079914,P00776,Synthetic Cooperative Bank
A02072,19104514146881,P00977,Sample Trust Bank
A02073,61095834835912,P00624,Sample Trust Bank
A02074,36247990523347,P00663,Mock Union Bank
A02075,91783563640585,P00028,Fictional National Bank
A02076,55771707757662,P00195,Sample Trust Bank
A02077,61042030735386,P00143,Synthetic Cooperative Bank
A02078,15978007861690,P01713,Fictional National Bank
A02079,53475507481444,P01640,Synthetic Cooperative Bank
A02080,44692662639519,P01518,Fictional National Bank
A02081,38334941552992,P01429,Sample Trust Bank
A02082,71358996160013,P00913,Fictional National Bank
A02083,78718797892930,P00225,Fictional National Bank
A02084,77258400906250,P01838,Mock Union Bank
A02085,66050689025528,P00803,Sample Trust Bank
A02086,84070419024161,P00391,Sample Trust Bank
A02087,23797309053301,P00884,Synthetic Cooperative Bank
A02088,86470485502313,P00650,Sample Trust Bank
A02089,44715650371500,P01939,Sample Trust Bank
A02090,83826820120215,P00502,Synthetic Cooperative Bank
A02091,20767957571869,P00794,Sample Trust Bank
A02092,00697365879492,P00274,Synthetic Cooperative Bank
A02093,51108178313571,P00229,Fictional National Bank
A02094,36617658818837,P01183,Sample Trust Bank
A02095,61712550758493,P01955,Fictional National Bank
A02096,78264083444340,P01599,Synthetic Cooperative Bank
A02097,85599108771756,P01767,Sample Trust Bank
A02098,35790381868320,P01450,Fictional National Bank
A02099,38654370112699,P00925,Synthetic Cooperative Bank
A02100,72249761934877,P01046,Sample Trust Bank
A02101,31098624531157,P00086,Fictional National Bank
A02102,26522710684666,P01089,Mock Union Bank
A02103,58404291037497,P01712,Synthetic Cooperative Bank
A02104,56712124987641,P00838,Mock Union Bank
A02105,21319139683902,P00696,Synthetic Cooperative Bank
A02106,67220711350336,P01151,Sample Trust Bank
A02107,94949278367744,P01035,Sample Trust Bank
A02108,45719554968472,P00369,Sample Trust Bank
A02109,04128177171699,P01372,Mock Union Bank
A02110,28396324700429,P00534,Mock Union Bank
A02111,47120073168080,P01936,Sample Trust Bank
A02112,24239977675329,P01577,Synthetic Cooperative Bank
A02113,87599058841948,P01153,Synthetic Cooperative Bank
A02114,41188034670061,P00542,Sample Trust Bank
A02115,84738106370721,P01205,Mock Union Bank
A02116,22616340546498,P00071,Mock Union Bank
A02117,90175240017550,P01981,Mock Union Bank
A02118,35781412770153,P01183,Synthetic Cooperative Bank
A02119,87928392912381,P01917,Fictional National Bank
A02120,74007432628432,P01309,Synthetic Cooperative Bank
A02121,60356729442472,P01318,Synthetic Cooperative Bank
A02122,64728333432603,P00308,Synthetic Cooperative Bank
A02123,75617583441730,P00264,Fictional National Bank
A02124,81924241296359,P01456,Sample Trust Bank
A02125,28832093974980,P00732,Fictional National Bank
A02126,92936778514554,P01639,Mock Union Bank
A02127,42973726832334,P00558,Synthetic Cooperative Bank
A02128,55737851393116,P00401,Mock Union Bank
A02129,26456967570571,P00427,Sample Trust Bank
A02130,91833335625501,P00184,Synthetic Cooperative Bank
A02131,84103411373202,P00662,Synthetic Cooperative Bank
A02132,73822606868663,P00063,Fictional National Bank
A02133,09964886399875,P01495,Sample Trust Bank
A02134,19299591102984,P01120,Synthetic Cooperative Bank
A02135,35093275329694,P01048,Sample Trust Bank
A02136,20130653323969,P00377,Fictional National Bank
A02137,86641151644659,P01649,Synthetic Cooperative Bank
A02138,65978269008004,P00379,Sample Trust Bank
A02139,22600888439134,P00007,Sample Trust Bank
A02140,05388893129044,P00478,Synthetic Cooperative Bank
A02141,23616010972893,P00999,Synthetic Cooperative Bank
A02142,10151060978497,P00137,Fictional National Bank
A02143,20977663100945,P00552,Synthetic Cooperative Bank
A02144,42236532714725,P00153,Fictional National Bank
A02145,62332750944483,P00953,Fictional National Bank
A02146,49360161687630,P00983,Sample Trust Bank
A02147,22575848363917,P00395,Fictional National Bank
A02148,38988102957882,P00199,Synthetic Cooperative Bank
A02149,33586234223422,P01979,Sample Trust Bank
A02150,01442305665776,P00593,Fictional National Bank
A02151,61251743421084,P01450,Synthetic Cooperative Bank
A02152,88939031696466,P01991,Fictional National Bank
A02153,26874851176612,P01523,Mock Union Bank
A02154,68597664692659,P00974,Fictional National Bank
A02155,27746948254576,P00359,Synthetic Cooperative Bank
A02156,78200137683528,P00576,Fictional National Bank
A02157,24204653521705,P00458,Sample Trust Bank
A02158,77983002030433,P00260,Fictional National Bank
A02159,77900121532388,P01833,Mock Union Bank
A02160,99555062718106,P00124,Synthetic Cooperative Bank
A02161,85448066764629,P00142,Fictional National Bank
A02162,65165126547370,P01328,Mock Union Bank
A02163,14152387787000,P00322,Mock Union Bank
A02164,50693576338123,P00533,Mock Union Bank
A02165,33606203760207,P01657,Fictional National Bank
A02166,73668031697607,P00879,Fictional National Bank
A02167,66005593199493,P00527,Mock Union Bank
A02168,91615902879826,P00527,Synthetic Cooperative Bank
A02169,55574194508906,P00271,Sample Trust Bank
A02170,63409161693133,P00052,Synthetic Cooperative Bank
A02171,45280433264445,P00743,Fictional National Bank
A02172,94615286815915,P00796,Sample Trust Bank
A02173,07949179060812,P00922,Mock Union Bank
A02174,06029822489714,P00866,Sample Trust Bank
A02175,67596500021979,P00100,Sample Trust Bank
A02176,64704860165612,P01829,Mock Union Bank
A02177,25695125162802,P00863,Sample Trust Bank
A02178,42284746978513,P01808,Sample Trust Bank
A02179,19480446358002,P01919,Sample Trust Bank
A02180,29171411212905,P01907,Mock Union Bank
A02181,36263134946078,P00135,Fictional National Bank
A02182,29521938522293,P01437,Fictional National Bank
A02183,42311547970499,P01900,Synthetic Cooperative Bank
A02184,20605395432845,P00156,Fictional National Bank
A02185,99387884310749,P01853,Fictional National Bank
A02186,87642730092018,P00515,Sample Trust Bank
A02187,69832924011628,P00120,Fictional National Bank
A02188,68073281975077,P00174,Synthetic Cooperative Bank
A02189,89066505655340,P00148,Fictional National Bank
A02190,67161727753995,P01588,Mock Union Bank
A02191,16118698142185,P01751,Synthetic Cooperative Bank
A02192,30044922946897,P01131,Sample Trust Bank
A02193,66118570010920,P01257,Sample Trust Bank
A02194,86655719557290,P00453,Synthetic Cooperative Bank
A02195,38651767372725,P00520,Fictional National Bank
A02196,35931215100999,P00781,Fictional National Bank
A02197,98248613110358,P00341,Fictional National Bank
A02198,10912045938795,P00899,Sample Trust Bank
A02199,45354681966230,P00445,Fictional National Bank
A02200,73637570815180,P00376,Sample Trust Bank
A02201,83368261446455,P00982,Sample Trust Bank
A02202,31002668974275,P00694,Sample Trust Bank
A02203,48912552916539,P01865,Sample Trust Bank
A02204,47401586684927,P01133,Synthetic Cooperative Bank
A02205,52832402308912,P00712,Synthetic Cooperative Bank
A02206,94397150102394,P01757,Fictional National Bank
A02207,29009401774919,P00603,Synthetic Cooperative Bank
A02208,32495110967024,P01848,Fictional National Bank
A02209,69934787762974,P00146,Sample Trust Bank
A02210,30721782192790,P00869,Fictional National Bank
A02211,84642873457635,P00794,Sample Trust Bank
A02212,11354925867456,P00381,Mock Union Bank
A02213,31328156136823,P00612,Synthetic Cooperative Bank
A02214,29046084674072,P01956,Mock Union Bank
A02215,80187999717908,P01622,Mock Union Bank
A02216,52771152750736,P01114,Fictional National Bank
A02217,32040632236281,P01699,Sample Trust Bank
A02218,11130736619671,P01125,Sample Trust Bank
A02219,69781626671416,P01180,Synthetic Cooperative Bank
A02220,59700732127121,P00800,Mock Union Bank
A02221,97096273167349,P00238,Synthetic Cooperative Bank
A02222,42678617840548,P01108,Mock Union Bank
A02223,12061268737014,P01843,Mock Union Bank
A02224,87715892781259,P01235,Synthetic Cooperative Bank
A02225,99197936864215,P00425,Fictional National Bank
A02226,26109128277565,P00162,Synthetic Cooperative Bank
A02227,83767326426677,P01212,Synthetic Cooperative Bank
A02228,42352794340716,P00056,Synthetic Cooperative Bank
A02229,76647848605641,P01527,Synthetic Cooperative Bank
A02230,06660297294513,P00160,Mock Union Bank
A02231,09901480681065,P01736,Mock Union Bank
A02232,36326237505432,P01371,Synthetic Cooperative Bank
A02233,02784624068375,P01437,Mock Union Bank
A02234,87023071056400,P01432,Sample Trust Bank
A02235,41586795240874,P00889,Fictional National Bank
A02236,50757644963921,P00620,Mock Union Bank
A02237,19642404365451,P01109,Fictional National Bank
A02238,60022265679926,P01424,Sample Trust Bank
A02239,34178148089658,P00260,Sample Trust Bank
A02240,69211936875741,P00200,Synthetic Cooperative Bank
A02241,87670444718694,P01808,Fictional National Bank
A02242,90408086283557,P00448,Fictional National Bank
A02243,70931912125953,P00552,Mock Union Bank
A02244,24126662068566,P00424,Fictional National Bank
A02245,90288541111201,P01680,Mock Union Bank
A02246,61554277141045,P00066,Synthetic Cooperative Bank
A02247,87646880904952,P01742,Sample Trust Bank
A02248,18546413728112,P00055,Synthetic Cooperative Bank
A02249,44886366802955,P00412,Mock Union Bank
A02250,59975265700562,P01834,Mock Union Bank
A02251,43290811609629,P00089,Demo Cooperative Bank
A02252,39561361510037,P00748,Fictional City Bank
A02253,92120969860077,P01430,Demo Cooperative Bank
A02254,57155562394764,P01765,Fictional City Bank
A02255,91457859095198,P01781,Synthetic National Bank
A02256,95990560326625,P01889,Demo Cooperative Bank
