ownership_id,asset_type,asset_id,person_id,valid_from,valid_to
OWN00001,vehicle,V00716,P00089,2022-01-15,
OWN00002,phone,PH00019,P00772,2022-06-09,
OWN00003,vehicle,V00763,P00249,2023-05-04,
OWN00004,vehicle,V00180,P01426,2021-03-21,
OWN00005,phone,PH00924,P00547,2023-03-30,
OWN00006,bank_account,A00738,P00085,2020-04-10,
OWN00007,phone,PH01457,P01757,2018-10-03,
OWN00008,phone,PH01161,P00223,2023-09-15,
OWN00009,phone,PH00342,P00679,2021-12-08,
OWN00010,vehicle,V00621,P01933,2023-09-03,
OWN00011,bank_account,A01893,P01471,2018-11-14,
OWN00012,phone,PH02613,P00487,2023-12-19,
OWN00013,vehicle,V00266,P00035,2018-08-29,
OWN00014,phone,PH01315,P00690,2024-04-24,
OWN00015,vehicle,V00121,P01109,2022-06-03,
OWN00016,bank_account,A01399,P01753,2018-02-26,
OWN00017,bank_account,A00464,P01105,2023-10-13,
OWN00018,bank_account,A01634,P01415,2020-04-19,
OWN00019,bank_account,A01967,P01682,2023-11-20,
OWN00020,vehicle,V00207,P00959,2025-07-03,
OWN00021,bank_account,A01950,P00650,2023-06-03,
OWN00022,bank_account,A01560,P01494,2020-09-03,
OWN00023,phone,PH01846,P01348,2022-11-22,
OWN00024,phone,PH02292,P00199,2023-06-27,
OWN00025,vehicle,V00795,P00849,2023-12-06,
OWN00026,phone,PH01486,P01601,2019-03-24,
OWN00027,bank_account,A01885,P01676,2024-12-10,
OWN00028,vehicle,V00703,P00953,2021-11-08,
OWN00029,phone,PH01150,P01304,2024-06-20,
OWN00030,vehicle,V00337,P01555,2021-11-03,
OWN00031,phone,PH02608,P00855,2021-11-21,
OWN00032,phone,PH02610,P01584,2021-10-02,
OWN00033,vehicle,V00650,P00808,2025-10-19,
OWN00034,bank_account,A00275,P00309,2021-01-24,
OWN00035,vehicle,V00780,P00684,2022-07-21,
OWN00036,bank_account,A01813,P00017,2019-07-08,
OWN00037,bank_account,A00951,P01470,2018-01-07,
OWN00038,vehicle,V00005,P01690,2024-12-16,
OWN00039,bank_account,A00336,P00941,2023-03-22,
OWN00040,phone,PH00072,P01183,2023-01-30,
OWN00041,phone,PH02071,P01385,2019-06-09,
OWN00042,bank_account,A01729,P01533,2019-10-09,
OWN00043,vehicle,V00321,P01298,2024-06-08,
OWN00044,bank_account,A00950,P00441,2019-06-15,
OWN00045,vehicle,V00515,P00138,2022-02-14,
OWN00046,bank_account,A02140,P00478,2025-11-12,
OWN00047,vehicle,V00016,P00837,2025-09-01,
OWN00048,bank_account,A00564,P00952,2019-02-19,
OWN00049,phone,PH00577,P00051,2025-07-26,
OWN00050,bank_account,A01086,P01517,2024-10-14,
OWN00051,vehicle,V00822,P01034,2021-07-05,
OWN00052,vehicle,V00106,P00427,2024-04-02,
OWN00053,vehicle,V00792,P00947,2018-12-11,
OWN00054,bank_account,A01558,P00588,2021-03-31,
OWN00055,bank_account,A01097,P00102,2020-11-16,
OWN00056,bank_account,A01279,P00106,2022-04-22,
OWN00057,phone,PH00121,P01881,2022-01-20,
OWN00058,vehicle,V00091,P00904,2019-11-01,
OWN00059,bank_account,A00482,P01241,2023-11-15,
OWN00060,vehicle,V00704,P01297,2021-01-04,
OWN00061,vehicle,V00713,P01379,2024-06-23,
OWN00062,phone,PH00599,P01690,2022-05-04,
OWN00063,bank_account,A01932,P00769,2020-04-04,
OWN00064,phone,PH01054,P00292,2022-02-12,
OWN00065,vehicle,V00158,P01060,2023-01-13,
OWN00066,vehicle,V00100,P00106,2018-08-12,
OWN00067,bank_account,A01803,P00871,2019-01-06,
OWN00068,bank_account,A00973,P01687,2023-03-22,
OWN00069,vehicle,V00045,P01163,2025-10-05,
OWN00070,bank_account,A00796,P00207,2025-06-04,
OWN00071,bank_account,A00521,P01285,2018-08-01,
OWN00072,vehicle,V00439,P00327,2024-03-16,
OWN00073,phone,PH00530,P01970,2024-02-02,
OWN00074,vehicle,V00075,P01169,2025-10-18,
OWN00075,vehicle,V00381,P00430,2021-06-13,
OWN00076,vehicle,V00203,P01049,2022-04-27,
OWN00077,bank_account,A01758,P01555,2022-09-15,
OWN00078,bank_account,A00049,P01302,2020-10-11,
OWN00079,vehicle,V00069,P00487,2018-01-26,
OWN00080,vehicle,V00169,P01687,2019-01-23,
OWN00081,vehicle,V00702,P01744,2025-08-30,
OWN00082,vehicle,V00429,P00526,2019-08-01,
OWN00083,vehicle,V00615,P01377,2019-04-03,
OWN00084,phone,PH00915,P00851,2024-08-10,
OWN00085,bank_account,A00898,P01122,2024-03-22,
OWN00086,phone,PH00269,P00437,2019-04-05,
OWN00087,vehicle,V00429,P00526,2024-03-13,
OWN00088,vehicle,V00385,P02000,2025-02-14,
OWN00089,vehicle,V00510,P01411,2024-03-22,
OWN00090,phone,PH01795,P01961,2022-11-24,
OWN00091,bank_account,A00082,P00209,2024-09-12,
OWN00092,phone,PH02725,P01834,2025-07-04,
OWN00093,bank_account,A01248,P00316,2024-01-13,
OWN00094,bank_account,A00859,P00428,2022-05-14,
OWN00095,vehicle,V00575,P01806,2021-03-05,
OWN00096,phone,PH01510,P01247,2023-11-11,
OWN00097,bank_account,A01547,P01346,2023-01-21,
OWN00098,bank_account,A00422,P01234,2019-10-15,
OWN00099,phone,PH00684,P00987,2023-09-07,
OWN00100,phone,PH00691,P01173,2020-06-04,
OWN00101,bank_account,A01480,P01768,2020-05-01,
OWN00102,phone,PH02755,P00863,2019-05-30,
OWN00103,bank_account,A00101,P00143,2019-08-06,
OWN00104,phone,PH01369,P00055,2019-10-27,
OWN00105,vehicle,V00111,P01272,2020-08-26,
OWN00106,vehicle,V00228,P00888,2025-02-27,
OWN00107,bank_account,A00036,P01454,2020-12-05,
OWN00108,phone,PH01318,P01493,2022-04-17,
OWN00109,bank_account,A01354,P01996,2024-07-19,
OWN00110,bank_account,A00745,P00111,2021-10-25,
OWN00111,vehicle,V00529,P00324,2024-08-29,
OWN00112,phone,PH01197,P01862,2018-07-11,
OWN00113,vehicle,V00717,P01050,2021-06-25,
OWN00114,vehicle,V00361,P01779,2018-06-25,
OWN00115,vehicle,V00445,P00863,2025-01-05,
OWN00116,bank_account,A01008,P00752,2022-05-17,
OWN00117,phone,PH02172,P01948,2019-07-07,
OWN00118,phone,PH00691,P01173,2021-07-06,
OWN00119,vehicle,V00550,P00352,2018-05-01,
OWN00120,bank_account,A01552,P00458,2021-05-01,
OWN00121,phone,PH00337,P01928,2021-01-15,
OWN00122,phone,PH02624,P01982,2022-02-19,
OWN00123,phone,PH01817,P01331,2021-10-05,
OWN00124,vehicle,V00465,P00791,2020-06-13,
OWN00125,vehicle,V00400,P01167,2019-06-09,
OWN00126,bank_account,A00158,P01689,2025-06-14,
OWN00127,phone,PH01378,P00514,2021-06-29,
OWN00128,bank_account,A01554,P00173,2018-07-11,
OWN00129,bank_account,A01082,P01438,2020-04-28,
OWN00130,vehicle,V00627,P00913,2022-03-08,
OWN00131,bank_account,A01516,P01617,2024-10-22,
OWN00132,vehicle,V00051,P00535,2018-06-05,
OWN00133,vehicle,V00488,P00039,2023-04-18,
OWN00134,vehicle,V00156,P00828,2021-06-23,
OWN00135,phone,PH01496,P01533,2021-10-25,
OWN00136,bank_account,A01993,P01052,2021-06-18,
OWN00137,phone,PH02621,P01733,2021-03-13,
OWN00138,bank_account,A00600,P00247,2022-11-03,
OWN00139,vehicle,V00575,P01806,2023-03-19,
OWN00140,bank_account,A00315,P01517,2022-10-20,
OWN00141,phone,PH02230,P00253,2018-07-27,
OWN00142,phone,PH02074,P00052,2021-10-28,
OWN00143,phone,PH01999,P00293,2023-05-19,
OWN00144,vehicle,V00674,P01987,2022-08-17,
OWN00145,phone,PH00474,P01273,2020-12-20,
OWN00146,vehicle,V00843,P00494,2025-03-02,
OWN00147,vehicle,V00524,P01710,2022-08-29,
OWN00148,vehicle,V00564,P01282,2018-03-05,
OWN00149,phone,PH00703,P01846,2025-10-17,
OWN00150,vehicle,V00234,P01554,2020-05-18,
OWN00151,vehicle,V00109,P01287,2025-11-05,
OWN00152,vehicle,V00675,P01926,2018-12-21,
OWN00153,bank_account,A00333,P01616,2023-08-10,
OWN00154,phone,PH01619,P00759,2020-01-23,
OWN00155,phone,PH02766,P01422,2022-03-11,
OWN00156,vehicle,V00443,P01347,2019-07-16,
OWN00157,vehicle,V00006,P01057,2018-10-26,
OWN00158,bank_account,A00944,P01332,2021-01-22,
OWN00159,vehicle,V00829,P01125,2022-10-09,
OWN00160,vehicle,V00128,P01416,2024-07-27,
OWN00161,vehicle,V00017,P00345,2024-03-05,
OWN00162,bank_account,A01973,P01980,2018-07-12,
OWN00163,phone,PH01064,P01178,2021-02-09,
OWN00164,phone,PH01678,P01400,2025-05-20,
OWN00165,vehicle,V00572,P01651,2025-10-11,
OWN00166,phone,PH01164,P00229,2021-05-11,
OWN00167,bank_account,A01308,P01508,2025-01-22,
OWN00168,vehicle,V00337,P01555,2021-02-15,
OWN00169,vehicle,V00184,P01162,2021-03-24,
OWN00170,bank_account,A01791,P01873,2021-09-17,
OWN00171,vehicle,V00261,P01778,2023-12-04,
OWN00172,phone,PH01343,P00179,2025-06-03,
OWN00173,vehicle,V00469,P00596,2018-02-16,
OWN00174,bank_account,A00286,P00898,2023-04-03,
OWN00175,phone,PH01878,P00230,2025-01-07,
OWN00176,bank_account,A01145,P01387,2020-12-13,
OWN00177,bank_account,A00317,P00373,2021-12-06,
OWN00178,vehicle,V00685,P01361,2019-10-13,
OWN00179,bank_account,A00312,P01470,2024-06-11,
OWN00180,bank_account,A00126,P01690,2020-02-25,
OWN00181,bank_account,A00182,P00185,2024-09-07,
OWN00182,phone,PH02428,P01618,2020-10-22,
OWN00183,vehicle,V00800,P00567,2019-09-30,
OWN00184,bank_account,A01220,P01386,2024-11-10,
OWN00185,vehicle,V00729,P00786,2020-10-27,
OWN00186,phone,PH00616,P01065,2023-07-22,
OWN00187,phone,PH00355,P01670,2022-03-14,
OWN00188,bank_account,A02144,P00153,2020-03-14,
OWN00189,phone,PH01396,P01393,2018-09-25,
OWN00190,bank_account,A01650,P01534,2021-07-02,
OWN00191,phone,PH02001,P00256,2025-02-12,
OWN00192,vehicle,V00584,P01450,2021-08-28,
OWN00193,phone,PH00349,P01650,2023-08-14,
OWN00194,phone,PH01677,P01921,2024-04-10,
OWN00195,vehicle,V00206,P01065,2023-11-30,
OWN00196,bank_account,A01624,P00206,2024-02-15,
OWN00197,phone,PH00436,P00907,2023-06-07,
OWN00198,bank_account,A02018,P00764,2021-03-25,
OWN00199,vehicle,V00054,P00946,2019-08-28,
OWN00200,bank_account,A00945,P01082,2019-03-31,
OWN00201,vehicle,V00709,P01358,2019-01-26,
OWN00202,vehicle,V00714,P00326,2023-05-28,
OWN00203,vehicle,V00804,P00094,2018-07-25,
OWN00204,vehicle,V00738,P01035,2024-02-18,
OWN00205,phone,PH00390,P01819,2025-03-13,
OWN00206,vehicle,V00337,P01555,2020-06-10,
OWN00207,vehicle,V00534,P01039,2018-07-18,
OWN00208,vehicle,V00541,P01858,2023-01-15,
OWN00209,bank_account,A01645,P01202,2023-10-20,
OWN00210,vehicle,V00359,P00031,2019-04-03,
OWN00211,phone,PH02202,P01110,2021-05-08,
OWN00212,phone,PH00152,P00096,2021-10-26,
OWN00213,vehicle,V00444,P01131,2022-11-22,
OWN00214,vehicle,V00138,P00369,2025-12-12,
OWN00215,phone,PH01827,P00634,2018-04-03,
OWN00216,phone,PH02747,P00121,2018-06-11,
OWN00217,phone,PH02229,P00135,2024-09-13,
OWN00218,bank_account,A01123,P00490,2021-12-05,
OWN00219,bank_account,A01416,P00229,2021-10-31,
OWN00220,bank_account,A01625,P00832,2019-05-20,
OWN00221,phone,PH02073,P01355,2025-05-08,
OWN00222,bank_account,A00099,P01267,2022-07-03,
OWN00223,phone,PH02624,P01982,2021-06-24,
OWN00224,phone,PH01610,P00379,2018-04-27,
OWN00225,phone,PH00028,P01668,2022-11-17,
OWN00226,bank_account,A01677,P01940,2019-01-24,
OWN00227,bank_account,A01731,P00704,2022-09-17,
OWN00228,bank_account,A01754,P01919,2018-06-05,
OWN00229,vehicle,V00844,P01449,2020-04-30,
OWN00230,phone,PH02466,P00247,2023-08-30,
OWN00231,bank_account,A02035,P01592,2020-12-23,
OWN00232,vehicle,V00848,P01959,2018-07-13,
OWN00233,vehicle,V00120,P00125,2025-08-29,
OWN00234,bank_account,A01536,P00685,2018-10-28,
OWN00235,vehicle,V00523,P01429,2022-04-08,
OWN00236,bank_account,A01713,P00852,2019-06-30,
OWN00237,phone,PH01262,P01285,2019-10-23,
OWN00238,bank_account,A01853,P01084,2022-05-17,
OWN00239,bank_account,A00370,P00280,2024-10-18,
OWN00240,bank_account,A01297,P00834,2022-07-06,
OWN00241,phone,PH01210,P01484,2018-07-21,
OWN00242,phone,PH02208,P01482,2023-11-30,
OWN00243,bank_account,A00764,P00819,2021-04-22,
OWN00244,vehicle,V00146,P01736,2024-04-03,
OWN00245,vehicle,V00457,P01662,2021-01-18,
OWN00246,bank_account,A01734,P00001,2023-01-29,
OWN00247,phone,PH01819,P01200,2022-09-05,
OWN00248,bank_account,A00700,P01428,2019-09-09,
OWN00249,bank_account,A01085,P01709,2020-07-20,
OWN00250,bank_account,A02172,P00796,2023-11-05,
OWN00251,phone,PH02599,P00367,2024-02-07,
OWN00252,vehicle,V00544,P01233,2022-01-28,
OWN00253,phone,PH01117,P01850,2018-02-06,
OWN00254,vehicle,V00467,P01525,2018-07-28,
OWN00255,vehicle,V00631,P00778,2024-01-11,
OWN00256,bank_account,A01398,P00452,2021-11-14,
OWN00257,vehicle,V00750,P00550,2019-09-26,
OWN00258,bank_account,A01068,P01671,2021-06-04,
OWN00259,phone,PH01176,P00690,2019-09-01,
OWN00260,phone,PH01512,P01252,2019-07-12,
OWN00261,phone,PH02248,P00651,2023-06-23,
OWN00262,phone,PH01492,P00281,2025-05-09,
OWN00263,bank_account,A00205,P00588,2023-06-18,
OWN00264,phone,PH02418,P00182,2022-09-19,
OWN00265,phone,PH01357,P00564,2018-09-30,
OWN00266,vehicle,V00765,P00580,2025-05-27,
OWN00267,phone,PH02192,P01803,2018-09-15,
OWN00268,vehicle,V00467,P01525,2024-03-21,
OWN00269,bank_account,A00762,P00882,2024-04-22,
OWN00270,bank_account,A01823,P01642,2023-04-09,
OWN00271,vehicle,V00806,P00192,2021-05-24,
OWN00272,vehicle,V00073,P00951,2024-12-23,
OWN00273,phone,PH00204,P00089,2018-08-13,
OWN00274,phone,PH02076,P00126,2019-12-26,
OWN00275,bank_account,A01085,P01709,2020-04-23,
OWN00276,bank_account,A00678,P00441,2018-07-12,
OWN00277,bank_account,A01993,P01052,2023-05-08,
OWN00278,phone,PH00273,P00308,2018-03-14,
OWN00279,bank_account,A00891,P00286,2023-11-28,
OWN00280,vehicle,V00021,P00327,2024-04-09,
OWN00281,bank_account,A00028,P01444,2020-11-18,
OWN00282,phone,PH02030,P01651,2022-03-13,
OWN00283,bank_account,A02186,P00515,2020-09-20,
OWN00284,phone,PH02500,P01012,2025-05-26,
OWN00285,vehicle,V00368,P01347,2019-04-19,
OWN00286,bank_account,A01207,P00549,2020-08-21,
OWN00287,vehicle,V00296,P00390,2025-11-01,
OWN00288,phone,PH01567,P00784,2020-05-01,
OWN00289,bank_account,A02002,P00433,2025-06-19,
OWN00290,vehicle,V00447,P01299,2022-08-09,
OWN00291,bank_account,A01926,P01734,2023-01-06,
OWN00292,bank_account,A00240,P01338,2019-10-23,
OWN00293,phone,PH00901,P00938,2025-12-06,
OWN00294,bank_account,A02154,P00974,2020-07-17,
OWN00295,bank_account,A00472,P00234,2022-12-02,
OWN00296,vehicle,V00016,P00837,2018-02-28,
OWN00297,phone,PH00406,P01812,2024-07-21,
OWN00298,vehicle,V00715,P01685,2023-06-27,
OWN00299,bank_account,A01589,P01053,2023-01-28,
OWN00300,phone,PH02773,P00090,2021-01-02,
OWN00301,vehicle,V00086,P01656,2022-12-29,
OWN00302,bank_account,A00860,P00509,2019-06-28,
OWN00303,phone,PH02457,P01735,2022-09-29,
OWN00304,bank_account,A01013,P00055,2021-08-17,
OWN00305,vehicle,V00606,P00209,2020-10-14,
OWN00306,vehicle,V00173,P00517,2019-12-29,
OWN00307,vehicle,V00432,P00762,2019-06-19,
OWN00308,vehicle,V00730,P01064,2020-03-16,
OWN00309,phone,PH01837,P01596,2025-04-24,
OWN00310,bank_account,A01856,P01496,2025-03-16,
OWN00311,phone,PH01298,P00242,2021-11-17,
OWN00312,bank_account,A02194,P00453,2023-01-04,
OWN00313,bank_account,A00945,P01082,2022-03-23,
OWN00314,bank_account,A00189,P01709,2019-08-29,
OWN00315,bank_account,A01955,P00477,2019-03-12,
OWN00316,vehicle,V00138,P00369,2024-05-01,
OWN00317,phone,PH01909,P01538,2022-04-16,
OWN00318,bank_account,A00686,P00456,2023-02-22,
OWN00319,phone,PH02758,P01597,2024-04-25,
OWN00320,phone,PH01104,P00873,2020-08-16,
OWN00321,bank_account,A01842,P01016,2025-06-03,
OWN00322,bank_account,A01277,P00393,2021-12-24,
OWN00323,vehicle,V00615,P01377,2023-08-10,
OWN00324,phone,PH00577,P00051,2020-10-22,
OWN00325,bank_account,A01925,P00736,2019-07-21,
OWN00326,vehicle,V00051,P00535,2020-05-29,
OWN00327,vehicle,V00797,P01606,2023-03-11,
OWN00328,phone,PH02559,P01391,2019-02-25,
OWN00329,vehicle,V00691,P01840,2019-04-10,
OWN00330,bank_account,A00519,P01742,2022-06-29,
OWN00331,phone,PH00939,P00857,2022-12-25,
OWN00332,bank_account,A00143,P01754,2022-10-30,
OWN00333,bank_account,A00006,P00095,2019-04-28,
OWN00334,vehicle,V00661,P00328,2020-01-01,
OWN00335,vehicle,V00148,P00705,2020-02-14,
OWN00336,vehicle,V00567,P01124,2024-12-23,
OWN00337,vehicle,V00454,P00305,2025-12-04,
OWN00338,bank_account,A00404,P00052,2019-04-01,
OWN00339,vehicle,V00310,P01865,2022-12-11,
OWN00340,vehicle,V00495,P00846,2022-08-04,
OWN00341,vehicle,V00644,P00860,2024-10-10,
OWN00342,phone,PH01773,P00921,2022-05-13,
OWN00343,vehicle,V00421,P01797,2020-09-09,
OWN00344,vehicle,V00843,P00494,2024-04-09,
OWN00345,phone,PH01471,P00262,2023-11-10,
OWN00346,phone,PH02125,P01721,2020-05-19,
OWN00347,phone,PH00040,P01889,2020-07-20,
OWN00348,vehicle,V00250,P01237,2023-07-21,
OWN00349,vehicle,V00154,P00143,2020-05-05,
OWN00350,vehicle,V00272,P01828,2024-05-26,
OWN00351,vehicle,V00163,P00636,2019-05-06,
OWN00352,phone,PH00934,P01832,2023-03-18,
OWN00353,vehicle,V00575,P01806,2018-05-11,
OWN00354,vehicle,V00255,P00280,2024-08-31,
OWN00355,bank_account,A01011,P01739,2018-11-15,
OWN00356,bank_account,A02193,P01257,2021-03-08,
OWN00357,vehicle,V00249,P01474,2024-09-19,
OWN00358,vehicle,V00549,P00937,2025-02-12,
OWN00359,phone,PH02615,P00744,2021-08-12,
OWN00360,bank_account,A00702,P01103,2020-09-22,
OWN00361,bank_account,A01231,P00382,2024-09-05,
OWN00362,vehicle,V00546,P00456,2025-08-09,
OWN00363,bank_account,A00777,P01394,2022-07-31,
OWN00364,bank_account,A01366,P01321,2025-05-22,
OWN00365,phone,PH00364,P01700,2020-07-08,
OWN00366,bank_account,A01433,P00231,2021-11-20,
OWN00367,bank_account,A01368,P00150,2022-01-21,
OWN00368,vehicle,V00506,P01429,2021-05-24,
OWN00369,phone,PH00709,P00451,2024-07-19,
OWN00370,vehicle,V00289,P01080,2018-06-06,
OWN00371,phone,PH00440,P01509,2025-09-07,
OWN00372,vehicle,V00199,P01383,2019-07-11,
OWN00373,phone,PH01301,P01900,2024-03-28,
OWN00374,vehicle,V00539,P01733,2022-05-16,
OWN00375,phone,PH00917,P00062,2025-08-07,
OWN00376,vehicle,V00169,P01687,2018-11-23,
OWN00377,vehicle,V00820,P01350,2022-09-20,
OWN00378,bank_account,A01796,P00049,2022-10-02,
OWN00379,vehicle,V00305,P01785,2018-08-28,
OWN00380,bank_account,A01438,P01555,2024-12-22,
OWN00381,bank_account,A00196,P01183,2021-02-11,
OWN00382,vehicle,V00572,P01651,2024-04-12,
OWN00383,phone,PH02281,P01310,2025-10-26,
OWN00384,vehicle,V00745,P01447,2018-06-11,
OWN00385,vehicle,V00258,P01337,2022-07-18,
OWN00386,vehicle,V00828,P00759,2019-08-06,
OWN00387,bank_account,A02089,P01939,2021-03-13,
OWN00388,vehicle,V00788,P01417,2021-02-14,
OWN00389,vehicle,V00293,P00204,2019-03-15,
OWN00390,phone,PH02219,P01167,2020-01-18,
OWN00391,bank_account,A00699,P00055,2020-08-19,
OWN00392,vehicle,V00767,P01977,2019-07-28,
OWN00393,bank_account,A00086,P00263,2023-11-12,
OWN00394,bank_account,A00374,P00865,2021-12-23,
OWN00395,phone,PH02032,P01266,2025-03-22,
OWN00396,vehicle,V00684,P01283,2020-12-21,
OWN00397,phone,PH01536,P00221,2022-04-22,
OWN00398,bank_account,A00913,P01665,2023-01-11,
OWN00399,vehicle,V00177,P01330,2020-12-03,
OWN00400,bank_account,A01582,P01824,2019-07-23,
OWN00401,phone,PH01831,P00168,2020-06-29,
OWN00402,phone,PH00348,P01259,2023-09-27,
OWN00403,phone,PH00741,P01669,2018-12-04,
OWN00404,phone,PH02322,P01342,2020-09-15,
OWN00405,phone,PH00447,P00614,2021-05-29,
OWN00406,vehicle,V00207,P00959,2021-10-05,
OWN00407,vehicle,V00683,P00193,2024-12-23,
OWN00408,bank_account,A02032,P00274,2021-09-01,
OWN00409,phone,PH02577,P00534,2023-07-09,
OWN00410,phone,PH00184,P00599,2019-06-29,
OWN00411,phone,PH01361,P00670,2020-04-15,
OWN00412,vehicle,V00133,P01034,2020-01-23,
OWN00413,bank_account,A00960,P00723,2023-06-18,
OWN00414,vehicle,V00700,P00119,2021-10-12,
OWN00415,vehicle,V00553,P00334,2020-04-22,
OWN00416,phone,PH01908,P01302,2020-05-18,
OWN00417,phone,PH00514,P00125,2023-06-16,
OWN00418,vehicle,V00671,P00793,2024-08-15,
OWN00419,bank_account,A00068,P01473,2021-03-25,
OWN00420,bank_account,A00519,P01742,2024-04-28,
OWN00421,bank_account,A00088,P00003,2023-02-09,
OWN00422,phone,PH00673,P00611,2021-09-30,
OWN00423,vehicle,V00104,P01653,2021-01-30,
OWN00424,bank_account,A01384,P00110,2024-03-15,
OWN00425,bank_account,A01471,P00850,2019-04-10,
OWN00426,phone,PH00220,P00021,2020-03-14,
OWN00427,vehicle,V00692,P00937,2023-07-30,
OWN00428,phone,PH01031,P00785,2019-05-17,
OWN00429,vehicle,V00415,P00748,2022-11-13,
OWN00430,vehicle,V00214,P01491,2022-01-30,
OWN00431,phone,PH00153,P00644,2022-12-07,
OWN00432,bank_account,A01641,P00388,2020-04-26,
OWN00433,phone,PH00687,P00882,2020-03-08,
OWN00434,bank_account,A01496,P01225,2021-04-22,
OWN00435,bank_account,A02199,P00445,2023-11-01,
OWN00436,phone,PH02441,P00914,2025-07-29,
OWN00437,phone,PH00504,P00593,2018-11-28,
OWN00438,phone,PH02377,P00302,2018-08-29,
OWN00439,bank_account,A01843,P00947,2025-01-01,
OWN00440,vehicle,V00149,P01956,2021-08-23,
OWN00441,bank_account,A01108,P01235,2018-12-24,
OWN00442,phone,PH00364,P01700,2021-11-05,
OWN00443,bank_account,A00559,P00989,2019-10-08,
OWN00444,vehicle,V00671,P00793,2021-08-08,
OWN00445,vehicle,V00017,P00345,2019-12-26,
OWN00446,bank_account,A00025,P00711,2022-10-31,
OWN00447,phone,PH00502,P00625,2019-12-31,
OWN00448,phone,PH02027,P01237,2018-11-25,
OWN00449,bank_account,A01960,P00514,2018-10-07,
OWN00450,bank_account,A00229,P01799,2019-12-19,
OWN00451,vehicle,V00829,P01125,2019-10-11,
OWN00452,phone,PH00921,P01922,2024-01-18,
OWN00453,vehicle,V00460,P00877,2023-02-28,
OWN00454,phone,PH00436,P00907,2024-07-19,
OWN00455,bank_account,A00177,P01923,2019-11-18,
OWN00456,bank_account,A00595,P00783,2024-05-10,
OWN00457,bank_account,A02019,P01321,2024-08-19,
OWN00458,bank_account,A00464,P01105,2022-02-03,
OWN00459,phone,PH02098,P00510,2020-08-29,
OWN00460,vehicle,V00035,P01837,2021-03-26,
OWN00461,bank_account,A01930,P00583,2018-12-24,
OWN00462,vehicle,V00546,P00456,2025-06-06,
OWN00463,bank_account,A02148,P00199,2018-07-27,
OWN00464,vehicle,V00721,P01954,2019-12-25,
OWN00465,phone,PH00131,P01557,2023-12-17,
OWN00466,phone,PH00121,P01881,2023-12-15,
OWN00467,vehicle,V00696,P01887,2019-12-14,
OWN00468,bank_account,A01486,P01924,2025-06-12,
OWN00469,vehicle,V00527,P01022,2019-08-30,
OWN00470,phone,PH00100,P00535,2021-09-17,
OWN00471,phone,PH00349,P01650,2019-05-15,
OWN00472,bank_account,A02055,P01804,2023-01-25,
OWN00473,bank_account,A00461,P00334,2021-07-06,
OWN00474,bank_account,A01226,P01867,2018-04-23,
OWN00475,vehicle,V00585,P01654,2021-03-13,
OWN00476,phone,PH01694,P00037,2020-10-30,
OWN00477,bank_account,A00095,P00243,2022-08-06,
OWN00478,bank_account,A02052,P01442,2025-01-01,
OWN00479,phone,PH02542,P01495,2018-01-21,
OWN00480,phone,PH00402,P01667,2018-12-25,
OWN00481,bank_account,A01728,P00321,2018-01-29,
OWN00482,bank_account,A00254,P00792,2022-12-10,
OWN00483,bank_account,A00461,P00334,2021-06-09,
OWN00484,vehicle,V00396,P00162,2021-09-08,
OWN00485,vehicle,V00743,P00626,2023-06-16,
OWN00486,phone,PH02285,P01556,2021-02-11,
OWN00487,vehicle,V00146,P01736,2020-02-23,
OWN00488,vehicle,V00345,P00880,2020-11-11,
OWN00489,phone,PH02120,P00926,2025-07-24,
OWN00490,phone,PH02794,P01395,2018-06-09,
OWN00491,bank_account,A00149,P01106,2020-04-10,
OWN00492,phone,PH02329,P00784,2022-04-25,
OWN00493,vehicle,V00407,P01540,2020-09-07,
OWN00494,bank_account,A01476,P00865,2018-10-21,
OWN00495,phone,PH01939,P01753,2025-05-03,
OWN00496,bank_account,A01985,P00849,2024-11-20,
OWN00497,phone,PH02006,P01131,2020-10-03,
OWN00498,vehicle,V00822,P01034,2021-01-07,
OWN00499,bank_account,A00330,P01764,2020-05-27,
OWN00500,phone,PH00026,P01385,2025-11-02,
OWN00501,phone,PH00790,P00246,2024-07-09,
OWN00502,bank_account,A01175,P00752,2020-12-20,
OWN00503,bank_account,A00638,P00873,2022-02-16,
OWN00504,vehicle,V00789,P01322,2024-10-18,
OWN00505,vehicle,V00682,P01747,2025-04-05,
OWN00506,bank_account,A01732,P01708,2019-06-18,
OWN00507,bank_account,A00427,P01929,2021-06-25,
OWN00508,bank_account,A01949,P00974,2022-07-17,
OWN00509,vehicle,V00363,P01035,2020-10-20,
OWN00510,vehicle,V00428,P01224,2018-01-18,
OWN00511,vehicle,V00517,P01439,2022-01-10,
OWN00512,bank_account,A00473,P00873,2021-11-08,
OWN00513,vehicle,V00219,P01902,2025-05-16,
OWN00514,bank_account,A00035,P01149,2019-04-20,
OWN00515,bank_account,A01600,P00477,2020-05-04,
OWN00516,phone,PH02111,P00950,2019-01-28,
OWN00517,phone,PH02088,P01012,2020-05-19,
OWN00518,bank_account,A01514,P01497,2023-07-23,
OWN00519,bank_account,A00153,P00099,2021-06-07,
OWN00520,vehicle,V00800,P00567,2024-11-01,
OWN00521,vehicle,V00612,P01051,2025-01-02,
OWN00522,bank_account,A01753,P00369,2019-12-22,
OWN00523,phone,PH02187,P00382,2022-06-18,
OWN00524,vehicle,V00655,P01456,2018-12-23,
OWN00525,bank_account,A02175,P00100,2025-10-01,
OWN00526,vehicle,V00611,P01409,2022-07-02,
OWN00527,bank_account,A00730,P01594,2019-08-16,
OWN00528,vehicle,V00116,P01151,2023-01-03,
OWN00529,vehicle,V00738,P01035,2018-03-03,
OWN00530,bank_account,A01520,P01831,2022-04-22,
OWN00531,vehicle,V00063,P00311,2020-10-31,
OWN00532,bank_account,A00069,P01517,2020-11-03,
OWN00533,vehicle,V00517,P01439,2018-10-22,
OWN00534,vehicle,V00679,P01519,2021-11-20,
OWN00535,bank_account,A00427,P01929,2019-04-29,
OWN00536,phone,PH01514,P00980,2018-12-23,
OWN00537,vehicle,V00489,P00477,2020-11-24,
OWN00538,phone,PH02097,P01687,2018-05-09,
OWN00539,bank_account,A00474,P00533,2021-01-23,
OWN00540,bank_account,A02108,P00369,2020-04-17,
OWN00541,bank_account,A00254,P00792,2024-07-29,
OWN00542,phone,PH02161,P01869,2023-01-08,
OWN00543,phone,PH00250,P01216,2020-03-08,
OWN00544,phone,PH00448,P00865,2024-07-11,
OWN00545,phone,PH02454,P00367,2021-12-15,
OWN00546,bank_account,A00698,P01854,2022-12-31,
OWN00547,phone,PH02780,P01140,2021-05-07,
OWN00548,phone,PH01310,P01770,2022-10-06,
OWN00549,vehicle,V00831,P01889,2018-04-10,
OWN00550,bank_account,A01197,P00177,2018-02-24,
OWN00551,bank_account,A00831,P01432,2025-01-27,
OWN00552,phone,PH01802,P01999,2019-09-30,
OWN00553,phone,PH01570,P01995,2018-04-15,
OWN00554,bank_account,A00043,P00499,2022-04-28,
OWN00555,phone,PH02194,P00387,2021-10-04,
OWN00556,phone,PH00828,P01477,2022-07-24,
OWN00557,bank_account,A01511,P01258,2021-06-04,
OWN00558,bank_account,A01352,P00831,2021-06-08,
OWN00559,vehicle,V00377,P00376,2020-07-10,
OWN00560,bank_account,A02173,P00922,2021-08-10,
OWN00561,bank_account,A00566,P00696,2018-07-05,
OWN00562,phone,PH02689,P01242,2021-03-25,
OWN00563,phone,PH01556,P00334,2024-05-27,
OWN00564,bank_account,A01377,P01672,2022-05-30,
OWN00565,phone,PH00050,P00113,2018-02-07,
OWN00566,bank_account,A01036,P00223,2022-09-07,
OWN00567,bank_account,A00376,P00542,2021-06-17,
OWN00568,bank_account,A01459,P01140,2022-09-10,
OWN00569,bank_account,A01267,P00229,2018-07-14,
OWN00570,vehicle,V00356,P00900,2025-07-23,
OWN00571,bank_account,A00475,P01695,2018-09-13,
OWN00572,vehicle,V00678,P00489,2019-09-02,
OWN00573,bank_account,A00826,P00979,2018-11-12,
OWN00574,bank_account,A01901,P00863,2020-02-02,
OWN00575,bank_account,A00928,P01090,2018-05-30,
OWN00576,bank_account,A02076,P00195,2021-06-03,
OWN00577,bank_account,A00990,P00717,2023-04-22,
OWN00578,vehicle,V00505,P01645,2021-10-05,
OWN00579,bank_account,A00210,P00344,2020-07-20,
OWN00580,phone,PH01434,P01312,2024-01-29,
OWN00581,bank_account,A00499,P01607,2022-11-01,
OWN00582,bank_account,A01402,P00537,2019-06-26,
OWN00583,bank_account,A00217,P00125,2020-01-10,
OWN00584,phone,PH01709,P01240,2025-04-29,
OWN00585,bank_account,A01495,P01207,2021-08-01,
OWN00586,bank_account,A01216,P00586,2023-12-08,
OWN00587,vehicle,V00615,P01377,2022-03-13,
OWN00588,vehicle,V00839,P01781,2023-06-16,
OWN00589,phone,PH01280,P01361,2020-10-02,
OWN00590,phone,PH02169,P00514,2022-03-07,
OWN00591,phone,PH01619,P00759,2021-02-04,
OWN00592,phone,PH01530,P01871,2025-05-07,
OWN00593,bank_account,A01423,P00914,2024-10-22,
OWN00594,vehicle,V00245,P01479,2020-06-25,
OWN00595,vehicle,V00598,P01090,2019-07-07,
OWN00596,phone,PH00631,P01233,2025-09-03,
OWN00597,bank_account,A00435,P01641,2020-02-03,
OWN00598,vehicle,V00571,P00642,2019-04-18,
OWN00599,phone,PH00709,P00451,2020-05-20,
OWN00600,vehicle,V00224,P00033,2019-09-06,
OWN00601,bank_account,A00975,P01778,2019-07-16,
OWN00602,bank_account,A00239,P01420,2019-07-24,
OWN00603,bank_account,A01915,P01432,2023-10-20,
OWN00604,phone,PH01325,P00244,2019-12-23,
OWN00605,bank_account,A01049,P00190,2019-01-18,
OWN00606,phone,PH01812,P00186,2020-01-02,
OWN00607,vehicle,V00076,P01706,2021-12-04,
OWN00608,bank_account,A01251,P01466,2021-01-27,
OWN00609,bank_account,A02008,P01623,2025-04-13,
OWN00610,vehicle,V00564,P01282,2021-04-06,
OWN00611,bank_account,A00725,P01498,2025-03-18,
OWN00612,bank_account,A01343,P00665,2022-01-14,
OWN00613,vehicle,V00200,P00167,2019-10-18,
OWN00614,phone,PH00453,P01665,2021-07-12,
OWN00615,vehicle,V00460,P00877,2022-07-22,
OWN00616,bank_account,A01636,P01036,2018-07-29,
OWN00617,phone,PH01370,P01465,2019-08-07,
OWN00618,bank_account,A01746,P00820,2025-05-26,
OWN00619,phone,PH02003,P00398,2020-06-01,
OWN00620,bank_account,A00779,P00866,2025-09-29,
OWN00621,phone,PH02366,P01620,2022-08-12,
OWN00622,bank_account,A02188,P00174,2024-04-21,
OWN00623,phone,PH02531,P01458,2018-01-17,
OWN00624,vehicle,V00354,P01138,2018-05-31,
OWN00625,vehicle,V00794,P01070,2020-01-09,
OWN00626,bank_account,A00913,P01665,2018-10-28,
OWN00627,vehicle,V00762,P00680,2022-10-30,
OWN00628,bank_account,A02256,P01889,2025-10-04,
OWN00629,bank_account,A02050,P00983,2024-09-11,
OWN00630,vehicle,V00007,P00052,2020-04-06,
OWN00631,vehicle,V00131,P00038,2025-08-11,
OWN00632,bank_account,A00274,P01824,2020-10-21,
OWN00633,bank_account,A01024,P01431,2019-10-24,
OWN00634,vehicle,V00517,P01439,2022-04-14,
OWN00635,bank_account,A00898,P01122,2018-05-22,
OWN00636,phone,PH02746,P00030,2018-12-03,
OWN00637,bank_account,A01681,P00601,2024-04-24,
OWN00638,phone,PH01693,P00799,2020-05-19,
OWN00639,phone,PH01575,P01485,2025-06-02,
OWN00640,vehicle,V00523,P01429,2024-09-28,
OWN00641,phone,PH02717,P01118,2024-02-17,
OWN00642,phone,PH01408,P00590,2024-03-07,
OWN00643,bank_account,A02002,P00433,2023-09-26,
OWN00644,vehicle,V00245,P01479,2024-11-08,
OWN00645,phone,PH00466,P00987,2022-10-31,
OWN00646,vehicle,V00806,P00192,2023-01-05,
OWN00647,phone,PH00491,P00430,2022-04-14,
OWN00648,phone,PH00353,P00728,2023-12-05,
OWN00649,vehicle,V00039,P01499,2022-04-28,
OWN00650,bank_account,A01909,P01582,2020-07-22,
OWN00651,vehicle,V00829,P01125,2020-01-21,
OWN00652,vehicle,V00086,P01656,2022-06-13,
OWN00653,bank_account,A01845,P00049,2022-09-14,
OWN00654,vehicle,V00220,P01059,2022-06-01,
OWN00655,vehicle,V00549,P00937,2020-06-07,
OWN00656,vehicle,V00473,P00127,2024-01-13,
OWN00657,phone,PH02782,P00380,2021-06-03,
OWN00658,vehicle,V00595,P01837,2020-12-07,
OWN00659,phone,PH00890,P00878,2020-09-23,
OWN00660,vehicle,V00526,P01898,2022-10-08,
OWN00661,bank_account,A00172,P01799,2023-06-23,
OWN00662,vehicle,V00224,P00033,2019-08-29,
OWN00663,phone,PH01306,P00735,2020-11-02,
OWN00664,vehicle,V00356,P00900,2023-03-08,
OWN00665,vehicle,V00681,P01570,2020-08-26,
OWN00666,bank_account,A02230,P00160,2022-02-17,
OWN00667,vehicle,V00616,P01078,2021-10-10,
OWN00668,phone,PH01254,P00991,2019-07-25,
OWN00669,phone,PH00164,P01822,2019-05-14,
OWN00670,vehicle,V00288,P00977,2024-09-01,
OWN00671,vehicle,V00679,P01519,2022-06-12,
OWN00672,bank_account,A00223,P00159,2019-06-17,
OWN00673,bank_account,A00904,P01934,2024-01-30,
OWN00674,vehicle,V00793,P00053,2018-04-16,
OWN00675,bank_account,A00534,P00704,2025-09-27,
OWN00676,vehicle,V00032,P01200,2019-03-27,
OWN00677,vehicle,V00664,P01535,2018-12-16,
OWN00678,bank_account,A01979,P01797,2022-11-17,
OWN00679,bank_account,A01982,P00883,2022-04-19,
OWN00680,vehicle,V00604,P00821,2025-11-26,
OWN00681,phone,PH02148,P01753,2023-12-11,
OWN00682,bank_account,A01599,P00966,2022-09-30,
OWN00683,vehicle,V00506,P01429,2024-07-23,
OWN00684,bank_account,A00471,P01267,2020-03-01,
OWN00685,bank_account,A00321,P00168,2025-07-09,
OWN00686,vehicle,V00600,P01320,2021-05-10,
OWN00687,bank_account,A00063,P00684,2018-10-03,
OWN00688,vehicle,V00671,P00793,2023-07-06,
OWN00689,bank_account,A01337,P00599,2018-11-09,
OWN00690,phone,PH00289,P00653,2023-05-28,
OWN00691,phone,PH02188,P00506,2024-05-19,
OWN00692,vehicle,V00690,P01881,2019-04-08,
OWN00693,vehicle,V00645,P01095,2019-07-28,
OWN00694,vehicle,V00285,P01389,2018-03-02,
OWN00695,vehicle,V00075,P01169,2022-02-16,
OWN00696,bank_account,A01363,P01185,2022-05-29,
OWN00697,bank_account,A00555,P01196,2018-08-04,
OWN00698,bank_account,A00415,P01852,2023-05-15,
OWN00699,vehicle,V00376,P01086,2022-12-04,
OWN00700,vehicle,V00152,P00740,2025-10-25,
OWN00701,phone,PH01154,P01860,2025-10-06,
OWN00702,vehicle,V00155,P00210,2024-12-08,
OWN00703,phone,PH02490,P01016,2022-03-27,
OWN00704,vehicle,V00647,P01376,2024-06-21,
OWN00705,bank_account,A00419,P01088,2025-08-16,
OWN00706,vehicle,V00488,P00039,2021-06-23,
OWN00707,vehicle,V00319,P00776,2025-10-05,
OWN00708,bank_account,A00155,P01376,2018-06-11,
OWN00709,vehicle,V00134,P01626,2018-04-06,
OWN00710,phone,PH00685,P01932,2023-12-29,
OWN00711,phone,PH01403,P01823,2024-09-04,
OWN00712,bank_account,A01517,P00325,2024-10-27,
OWN00713,vehicle,V00158,P01060,2024-01-26,
OWN00714,bank_account,A00643,P01028,2022-05-17,
OWN00715,vehicle,V00670,P00851,2023-03-30,
OWN00716,vehicle,V00106,P00427,2019-03-14,
OWN00717,phone,PH01382,P01314,2021-12-28,
OWN00718,bank_account,A01445,P00345,2021-02-28,
OWN00719,phone,PH02615,P00744,2020-08-05,
OWN00720,bank_account,A01615,P00238,2022-09-02,
OWN00721,phone,PH01191,P00687,2024-06-21,
OWN00722,bank_account,A02234,P01432,2021-11-12,
OWN00723,bank_account,A01395,P01171,2018-03-16,
OWN00724,bank_account,A01191,P00191,2019-02-13,
OWN00725,bank_account,A00444,P01545,2021-04-12,
OWN00726,bank_account,A00710,P00684,2018-08-10,
OWN00727,vehicle,V00484,P01237,2025-12-07,
OWN00728,vehicle,V00464,P01873,2024-12-27,
OWN00729,bank_account,A01803,P00871,2022-03-05,
OWN00730,phone,PH01981,P00746,2020-10-18,
OWN00731,bank_account,A00970,P00805,2018-04-12,
OWN00732,bank_account,A00114,P00169,2021-04-02,
OWN00733,phone,PH02606,P00150,2021-11-17,
OWN00734,vehicle,V00550,P00352,2023-07-01,
OWN00735,bank_account,A01151,P01218,2020-08-07,
OWN00736,vehicle,V00378,P01712,2025-06-15,
OWN00737,phone,PH02716,P01739,2025-05-11,
OWN00738,bank_account,A01973,P01980,2024-07-31,
OWN00739,phone,PH00900,P00261,2018-07-09,
OWN00740,phone,PH01600,P01750,2024-03-09,
OWN00741,bank_account,A02090,P00502,2022-02-18,
OWN00742,phone,PH01003,P01432,2024-12-04,
OWN00743,bank_account,A00312,P01470,2018-11-28,
OWN00744,vehicle,V00569,P00937,2024-08-21,
OWN00745,vehicle,V00209,P00547,2025-05-02,
OWN00746,bank_account,A00179,P01443,2018-12-21,
OWN00747,phone,PH00258,P00876,2020-01-29,
OWN00748,vehicle,V00567,P01124,2022-01-23,
OWN00749,vehicle,V00185,P00858,2019-02-10,
OWN00750,vehicle,V00279,P01419,2024-07-07,
OWN00751,bank_account,A00883,P00094,2020-10-13,
OWN00752,phone,PH01233,P01728,2023-12-26,
OWN00753,phone,PH01189,P00698,2019-12-09,
OWN00754,bank_account,A02145,P00953,2025-05-29,
OWN00755,vehicle,V00020,P00052,2018-12-28,
OWN00756,phone,PH01250,P00474,2025-11-15,
OWN00757,bank_account,A02133,P01495,2018-02-01,
OWN00758,vehicle,V00313,P01022,2020-04-14,
OWN00759,bank_account,A02050,P00983,2018-06-21,
OWN00760,phone,PH02505,P01414,2019-07-12,
OWN00761,vehicle,V00433,P01592,2019-12-23,
OWN00762,vehicle,V00725,P01980,2023-05-11,
OWN00763,bank_account,A01601,P00132,2019-06-22,
OWN00764,bank_account,A00641,P00743,2024-06-12,
OWN00765,vehicle,V00030,P00587,2023-05-28,
OWN00766,bank_account,A01222,P00687,2019-03-02,
OWN00767,vehicle,V00746,P00244,2023-10-17,
OWN00768,phone,PH01253,P01975,2021-01-08,
OWN00769,phone,PH02389,P00279,2025-07-11,
OWN00770,bank_account,A00343,P00334,2020-03-02,
OWN00771,phone,PH00032,P00414,2024-08-17,
OWN00772,phone,PH01104,P00873,2023-07-26,
OWN00773,phone,PH01670,P01828,2019-08-07,
OWN00774,bank_account,A02237,P01109,2021-07-17,
OWN00775,bank_account,A02071,P00776,2020-08-15,
OWN00776,vehicle,V00329,P00301,2022-11-23,
OWN00777,vehicle,V00090,P00523,2022-05-11,
OWN00778,vehicle,V00348,P00947,2024-10-25,
OWN00779,vehicle,V00113,P00156,2020-02-24,
OWN00780,phone,PH00774,P00779,2024-07-25,
OWN00781,vehicle,V00279,P01419,2023-07-12,
OWN00782,vehicle,V00026,P00890,2024-11-23,
OWN00783,vehicle,V00029,P00732,2018-03-05,
OWN00784,vehicle,V00218,P00244,2019-07-25,
OWN00785,vehicle,V00571,P00642,2024-06-30,
OWN00786,bank_account,A01925,P00736,2025-02-16,
OWN00787,vehicle,V00550,P00352,2024-10-08,
OWN00788,vehicle,V00639,P01036,2022-03-16,
OWN00789,phone,PH00664,P00191,2018-08-15,
OWN00790,phone,PH01712,P01358,2023-04-22,
OWN00791,bank_account,A02167,P00527,2025-02-02,
OWN00792,phone,PH01511,P01645,2021-12-16,
OWN00793,vehicle,V00251,P01175,2023-01-01,
OWN00794,vehicle,V00569,P00937,2019-10-17,
OWN00795,bank_account,A01063,P00001,2018-09-21,
OWN00796,phone,PH02585,P00820,2021-10-13,
OWN00797,phone,PH02131,P00308,2023-05-11,
OWN00798,phone,PH01199,P01386,2021-01-04,
OWN00799,vehicle,V00218,P00244,2018-01-23,
OWN00800,vehicle,V00106,P00427,2018-11-21,
OWN00801,phone,PH00643,P00347,2020-10-15,
OWN00802,bank_account,A00594,P01785,2023-09-22,
OWN00803,bank_account,A01600,P00477,2020-12-01,
OWN00804,vehicle,V00687,P01118,2019-11-12,
OWN00805,bank_account,A01834,P01338,2019-12-27,
OWN00806,bank_account,A00801,P01964,2020-07-12,
OWN00807,phone,PH01840,P01437,2024-05-05,
OWN00808,bank_account,A00638,P00873,2024-04-25,
OWN00809,bank_account,A00038,P01686,2021-01-03,
OWN00810,phone,PH01044,P01267,2024-02-24,
OWN00811,vehicle,V00374,P00127,2021-10-07,
OWN00812,bank_account,A01120,P00198,2021-04-15,
OWN00813,vehicle,V00840,P01372,2024-05-08,
OWN00814,vehicle,V00148,P00705,2024-08-18,
OWN00815,vehicle,V00106,P00427,2019-09-28,
OWN00816,phone,PH00556,P01615,2023-12-20,
OWN00817,vehicle,V00049,P01824,2018-12-03,
OWN00818,phone,PH00749,P00759,2021-05-17,
OWN00819,vehicle,V00252,P00741,2021-10-16,
OWN00820,phone,PH00927,P01134,2025-08-10,
OWN00821,bank_account,A01841,P00125,2022-07-18,
OWN00822,vehicle,V00053,P01253,2020-02-10,
OWN00823,vehicle,V00371,P01568,2019-07-16,
OWN00824,phone,PH01000,P00247,2020-12-21,
OWN00825,vehicle,V00823,P00828,2024-06-10,
OWN00826,bank_account,A01074,P01331,2023-04-26,
OWN00827,bank_account,A00756,P01113,2018-05-10,
OWN00828,bank_account,A01557,P01288,2021-12-11,
OWN00829,bank_account,A01343,P00665,2018-04-19,
OWN00830,phone,PH02486,P01870,2020-01-12,
OWN00831,phone,PH02615,P00744,2024-07-19,
OWN00832,vehicle,V00312,P00893,2019-11-01,
OWN00833,bank_account,A01763,P01254,2021-02-24,
OWN00834,bank_account,A00457,P00326,2024-06-03,
OWN00835,vehicle,V00226,P01061,2019-05-02,
OWN00836,vehicle,V00432,P00762,2025-08-23,
OWN00837,phone,PH02591,P01054,2023-03-28,
OWN00838,vehicle,V00448,P00556,2023-10-23,
OWN00839,bank_account,A01438,P01555,2025-10-28,
OWN00840,phone,PH01117,P01850,2023-07-15,
OWN00841,phone,PH00876,P01794,2022-02-08,
OWN00842,phone,PH01130,P00298,2024-04-28,
OWN00843,bank_account,A01389,P00360,2021-02-23,
OWN00844,phone,PH00781,P00333,2018-11-18,
OWN00845,bank_account,A00909,P00203,2025-06-22,
OWN00846,bank_account,A01049,P00190,2019-11-19,
OWN00847,bank_account,A01675,P01284,2021-03-28,
OWN00848,phone,PH00310,P00518,2019-08-27,
OWN00849,vehicle,V00708,P01575,2022-05-02,
OWN00850,bank_account,A02229,P01527,2022-09-10,
OWN00851,vehicle,V00367,P01487,2022-03-13,
OWN00852,vehicle,V00675,P01926,2023-09-20,
OWN00853,vehicle,V00026,P00890,2019-05-29,
OWN00854,bank_account,A01859,P00339,2025-01-10,
OWN00855,vehicle,V00685,P01361,2024-08-03,
OWN00856,bank_account,A02233,P01437,2024-06-05,
OWN00857,bank_account,A00031,P01845,2024-08-14,
OWN00858,phone,PH00316,P00494,2018-12-20,
OWN00859,phone,PH02198,P00042,2018-11-15,
OWN00860,bank_account,A01371,P00974,2025-03-10,
OWN00861,phone,PH01483,P00135,2019-06-16,
OWN00862,bank_account,A01375,P00502,2025-11-23,
OWN00863,bank_account,A00938,P00553,2024-02-21,
OWN00864,phone,PH02191,P00870,2019-05-01,
OWN00865,phone,PH00048,P00747,2021-09-21,
OWN00866,bank_account,A00288,P01458,2023-10-28,
OWN00867,phone,PH02073,P01355,2025-11-17,
OWN00868,vehicle,V00506,P01429,2022-12-31,
OWN00869,bank_account,A00176,P01267,2022-10-08,
OWN00870,vehicle,V00305,P01785,2020-11-11,
OWN00871,vehicle,V00250,P01237,2020-05-03,
OWN00872,vehicle,V00647,P01376,2023-06-04,
OWN00873,phone,PH01823,P00199,2019-06-04,
OWN00874,bank_account,A00982,P00417,2018-07-08,
OWN00875,phone,PH02348,P00397,2019-10-15,
OWN00876,phone,PH01717,P00361,2019-10-30,
OWN00877,phone,PH02285,P01556,2021-03-11,
OWN00878,bank_account,A00428,P00261,2021-08-26,
OWN00879,phone,PH00633,P01712,2019-04-24,
OWN00880,phone,PH01846,P01348,2024-08-21,
OWN00881,vehicle,V00683,P00193,2019-04-24,
OWN00882,bank_account,A00361,P01173,2022-01-09,
OWN00883,bank_account,A00749,P00331,2023-12-03,
OWN00884,vehicle,V00453,P01052,2025-12-23,
OWN00885,phone,PH00236,P00623,2024-06-19,
OWN00886,vehicle,V00712,P00039,2018-03-22,
OWN00887,bank_account,A00326,P01079,2023-12-28,
OWN00888,bank_account,A00946,P01333,2019-06-09,
OWN00889,vehicle,V00724,P01178,2020-09-09,
OWN00890,phone,PH00624,P00477,2018-09-10,
OWN00891,phone,PH02780,P01140,2022-08-23,
OWN00892,phone,PH00196,P00588,2022-04-27,
OWN00893,phone,PH00922,P00999,2023-04-16,
OWN00894,phone,PH00880,P01653,2025-12-05,
OWN00895,vehicle,V00443,P01347,2019-03-24,
OWN00896,phone,PH01675,P00906,2025-05-26,
OWN00897,vehicle,V00146,P01736,2020-02-25,
OWN00898,phone,PH00139,P01818,2024-06-10,
OWN00899,bank_account,A00432,P01978,2024-12-25,
OWN00900,vehicle,V00286,P01865,2024-11-21,
OWN00901,phone,PH01484,P01491,2023-04-02,
OWN00902,phone,PH01154,P01860,2023-11-17,
OWN00903,vehicle,V00492,P00951,2020-01-13,
OWN00904,bank_account,A00822,P01411,2024-07-09,
OWN00905,phone,PH00871,P00289,2021-05-27,
OWN00906,vehicle,V00042,P01504,2021-10-16,
OWN00907,vehicle,V00167,P01773,2024-03-30,
OWN00908,bank_account,A02120,P01309,2018-02-25,
OWN00909,bank_account,A01420,P01276,2024-10-04,
OWN00910,vehicle,V00020,P00052,2020-11-27,
OWN00911,phone,PH01267,P01483,2023-05-25,
OWN00912,vehicle,V00011,P01584,2022-10-11,
OWN00913,bank_account,A01209,P01747,2022-03-28,
OWN00914,vehicle,V00793,P00053,2023-12-07,
OWN00915,phone,PH00073,P01103,2018-04-25,
OWN00916,phone,PH01822,P00377,2020-11-24,
OWN00917,bank_account,A02029,P01221,2022-09-30,
OWN00918,bank_account,A02196,P00781,2025-11-11,
OWN00919,vehicle,V00554,P01914,2022-02-05,
OWN00920,bank_account,A02036,P00866,2022-08-21,
OWN00921,phone,PH00494,P00046,2021-09-09,
OWN00922,vehicle,V00635,P00854,2018-06-04,
OWN00923,phone,PH01251,P00138,2024-10-11,
OWN00924,bank_account,A00792,P00607,2024-04-26,
OWN00925,bank_account,A01786,P01310,2025-06-01,
OWN00926,vehicle,V00341,P01156,2019-08-21,
OWN00927,bank_account,A01617,P01987,2025-09-02,
OWN00928,bank_account,A01935,P01441,2025-09-30,
OWN00929,vehicle,V00221,P01558,2018-06-04,
OWN00930,vehicle,V00169,P01687,2024-01-28,
OWN00931,bank_account,A01854,P01297,2019-02-06,
OWN00932,vehicle,V00776,P01605,2024-08-20,
OWN00933,vehicle,V00466,P01535,2023-05-27,
OWN00934,phone,PH00437,P01709,2024-10-01,
OWN00935,bank_account,A00729,P00323,2023-09-29,
OWN00936,bank_account,A00439,P01724,2025-04-27,
OWN00937,phone,PH00305,P00874,2024-09-18,
OWN00938,phone,PH01023,P01192,2022-10-02,
OWN00939,vehicle,V00774,P01999,2018-07-05,
OWN00940,vehicle,V00583,P01810,2019-05-04,
OWN00941,vehicle,V00291,P00795,2021-06-09,
OWN00942,bank_account,A00565,P00866,2019-05-10,
OWN00943,phone,PH00555,P01310,2020-10-13,
OWN00944,vehicle,V00309,P01302,2021-03-12,
OWN00945,bank_account,A01011,P01739,2023-04-07,
OWN00946,vehicle,V00673,P00608,2019-08-31,
OWN00947,bank_account,A00557,P01929,2021-03-24,
OWN00948,vehicle,V00579,P00798,2018-11-15,
OWN00949,bank_account,A01976,P00441,2021-04-17,
OWN00950,bank_account,A01611,P00903,2019-09-05,
OWN00951,phone,PH00014,P01468,2019-07-20,
OWN00952,vehicle,V00095,P01430,2020-09-02,
OWN00953,bank_account,A01060,P00181,2024-12-11,
OWN00954,vehicle,V00604,P00821,2021-09-05,
OWN00955,vehicle,V00707,P00554,2023-01-01,
OWN00956,vehicle,V00548,P00458,2023-08-17,
OWN00957,vehicle,V00464,P01873,2018-11-27,
OWN00958,bank_account,A01647,P00684,2022-03-25,
OWN00959,vehicle,V00766,P00319,2021-04-18,
OWN00960,bank_account,A01176,P00836,2024-07-01,
OWN00961,bank_account,A01486,P01924,2023-06-06,
OWN00962,vehicle,V00314,P01378,2023-07-12,
OWN00963,bank_account,A01024,P01431,2024-09-23,
OWN00964,bank_account,A00080,P00314,2023-01-20,
OWN00965,bank_account,A02063,P00572,2023-02-08,
OWN00966,phone,PH02254,P01526,2018-09-11,
OWN00967,vehicle,V00327,P01210,2018-06-12,
OWN00968,bank_account,A01555,P00557,2024-05-02,
OWN00969,vehicle,V00061,P00255,2024-12-08,
OWN00970,phone,PH00882,P01446,2023-08-15,
OWN00971,bank_account,A01453,P00323,2023-07-15,
OWN00972,vehicle,V00699,P00276,2019-05-24,
OWN00973,vehicle,V00790,P01470,2020-05-25,
OWN00974,bank_account,A00195,P01150,2022-07-13,
OWN00975,vehicle,V00720,P00761,2025-08-27,
OWN00976,bank_account,A01393,P01732,2020-09-18,
OWN00977,phone,PH01225,P01079,2024-05-29,
OWN00978,bank_account,A01502,P01600,2021-11-14,
OWN00979,phone,PH02620,P00973,2023-11-01,
OWN00980,phone,PH02300,P01708,2018-11-08,
OWN00981,vehicle,V00036,P00277,2024-04-04,
OWN00982,vehicle,V00636,P01828,2025-02-23,
OWN00983,vehicle,V00047,P00186,2020-10-04,
OWN00984,phone,PH01574,P00979,2021-10-23,
OWN00985,phone,PH01706,P00629,2023-01-12,
OWN00986,vehicle,V00470,P00844,2022-09-11,
OWN00987,bank_account,A00290,P01978,2023-01-27,
OWN00988,vehicle,V00400,P01167,2021-11-15,
OWN00989,bank_account,A00901,P01984,2019-01-14,
OWN00990,vehicle,V00562,P01519,2018-10-15,
OWN00991,phone,PH01085,P00449,2024-09-19,
OWN00992,vehicle,V00847,P01757,2023-01-10,
OWN00993,vehicle,V00842,P01191,2021-08-16,
OWN00994,phone,PH01329,P01403,2023-09-16,
OWN00995,phone,PH00634,P01618,2025-03-03,
OWN00996,phone,PH01624,P00458,2025-11-19,
OWN00997,vehicle,V00065,P00950,2020-09-06,
OWN00998,vehicle,V00143,P00705,2024-11-06,
OWN00999,phone,PH00737,P00923,2020-02-21,
OWN01000,bank_account,A00464,P01105,2025-04-07,
OWN01001,bank_account,A00112,P01140,2020-12-25,
OWN01002,phone,PH01547,P00431,2019-04-14,
OWN01003,vehicle,V00208,P01584,2023-01-16,
OWN01004,vehicle,V00255,P00280,2022-09-29,
OWN01005,vehicle,V00749,P01476,2021-08-29,
OWN01006,bank_account,A00179,P01443,2021-01-31,
OWN01007,bank_account,A00866,P00776,2021-03-19,
OWN01008,phone,PH01416,P00971,2021-07-08,
OWN01009,bank_account,A01628,P00504,2021-02-22,
OWN01010,vehicle,V00535,P01020,2025-10-30,
OWN01011,phone,PH02405,P01035,2025-02-17,
OWN01012,phone,PH00447,P00614,2024-09-11,
OWN01013,bank_account,A00443,P01605,2022-01-27,
OWN01014,phone,PH01939,P01753,2022-07-11,
OWN01015,phone,PH02758,P01597,2018-11-22,
OWN01016,phone,PH01955,P01476,2021-07-30,
OWN01017,vehicle,V00247,P00505,2023-08-21,
OWN01018,bank_account,A01777,P00329,2018-04-12,
OWN01019,vehicle,V00480,P00095,2021-01-14,
OWN01020,phone,PH01082,P00591,2021-12-13,
OWN01021,bank_account,A01481,P00377,2018-03-06,
OWN01022,vehicle,V00809,P01261,2023-07-14,
OWN01023,phone,PH00715,P01652,2023-04-01,
OWN01024,vehicle,V00674,P01987,2025-01-27,
OWN01025,phone,PH01451,P01592,2022-08-17,
OWN01026,bank_account,A02237,P01109,2022-01-19,
OWN01027,phone,PH00994,P00135,2019-03-01,
OWN01028,bank_account,A00713,P00702,2024-09-12,
OWN01029,bank_account,A01942,P01182,2021-01-03,
OWN01030,vehicle,V00155,P00210,2023-07-19,
OWN01031,bank_account,A00109,P01531,2018-03-12,
OWN01032,vehicle,V00405,P00448,2021-12-26,
OWN01033,vehicle,V00071,P00510,2025-03-18,
OWN01034,bank_account,A00585,P01487,2023-07-04,
OWN01035,bank_account,A01226,P01867,2023-08-26,
OWN01036,phone,PH00161,P00633,2020-10-13,
OWN01037,phone,PH01141,P01034,2020-04-23,
OWN01038,bank_account,A00835,P00751,2022-10-25,
OWN01039,phone,PH01930,P01564,2025-07-07,
OWN01040,phone,PH00183,P00565,2018-03-10,
OWN01041,bank_account,A01612,P01137,2024-02-24,
OWN01042,vehicle,V00694,P00475,2025-07-12,
OWN01043,vehicle,V00560,P00916,2021-12-12,
OWN01044,bank_account,A02016,P01555,2024-08-30,
OWN01045,phone,PH01145,P01533,2018-10-28,
OWN01046,vehicle,V00485,P01268,2020-02-26,
OWN01047,phone,PH02556,P01766,2022-11-25,
OWN01048,vehicle,V00211,P00418,2019-04-05,
OWN01049,phone,PH01465,P01183,2024-02-03,
OWN01050,bank_account,A01725,P00932,2021-07-26,
OWN01051,bank_account,A02200,P00376,2019-03-30,
OWN01052,bank_account,A00749,P00331,2024-05-19,
OWN01053,vehicle,V00217,P00929,2018-06-09,
OWN01054,bank_account,A01979,P01797,2020-02-14,
OWN01055,bank_account,A00982,P00417,2025-07-26,
OWN01056,vehicle,V00033,P01786,2022-02-12,
OWN01057,phone,PH01156,P00736,2022-10-05,
OWN01058,vehicle,V00805,P00866,2024-06-29,
OWN01059,vehicle,V00495,P00846,2020-10-27,
OWN01060,bank_account,A01260,P00570,2025-12-11,
OWN01061,bank_account,A00015,P01270,2023-06-08,
OWN01062,phone,PH02748,P01514,2023-01-12,
OWN01063,vehicle,V00263,P01421,2023-01-11,
OWN01064,bank_account,A00900,P01658,2021-10-02,
OWN01065,vehicle,V00459,P01054,2024-10-08,
OWN01066,bank_account,A00639,P00472,2022-03-09,
OWN01067,phone,PH02072,P00915,2021-03-07,
OWN01068,vehicle,V00196,P00047,2024-04-08,
OWN01069,phone,PH01559,P00794,2021-05-09,
OWN01070,vehicle,V00058,P01637,2020-06-23,
OWN01071,phone,PH01221,P01709,2025-02-28,
OWN01072,vehicle,V00553,P00334,2020-06-22,
OWN01073,vehicle,V00447,P01299,2024-03-07,
OWN01074,phone,PH02594,P00349,2018-11-30,
OWN01075,vehicle,V00826,P00562,2021-12-03,
OWN01076,phone,PH01669,P00749,2019-04-16,
OWN01077,phone,PH00229,P01509,2019-07-24,
OWN01078,vehicle,V00523,P01429,2019-04-28,
OWN01079,bank_account,A02057,P00474,2024-10-08,
OWN01080,phone,PH00868,P00618,2023-11-11,
OWN01081,phone,PH00181,P01035,2019-02-03,
OWN01082,bank_account,A02023,P01880,2019-04-02,
OWN01083,bank_account,A01464,P01245,2022-01-31,
OWN01084,vehicle,V00170,P00410,2019-07-18,
OWN01085,vehicle,V00182,P01833,2020-08-29,
OWN01086,vehicle,V00303,P00334,2022-07-09,
OWN01087,phone,PH00485,P01961,2020-09-10,
OWN01088,phone,PH00573,P00541,2022-11-04,
OWN01089,phone,PH00154,P00255,2025-06-02,
OWN01090,phone,PH00393,P00145,2022-02-26,
OWN01091,bank_account,A01569,P01718,2022-07-23,
OWN01092,vehicle,V00099,P00719,2025-04-10,
OWN01093,vehicle,V00358,P01432,2025-01-18,
OWN01094,phone,PH02242,P00705,2021-01-15,
OWN01095,vehicle,V00639,P01036,2023-07-15,
OWN01096,phone,PH00574,P00574,2025-11-25,
OWN01097,vehicle,V00760,P00418,2022-08-29,
OWN01098,vehicle,V00444,P01131,2022-10-07,
OWN01099,phone,PH00239,P01950,2018-12-06,
OWN01100,vehicle,V00410,P00934,2020-01-05,
OWN01101,phone,PH01096,P01598,2019-10-21,
OWN01102,vehicle,V00473,P00127,2018-02-26,
OWN01103,bank_account,A00421,P01329,2020-08-12,
OWN01104,phone,PH02101,P00370,2023-01-16,
OWN01105,phone,PH00060,P01256,2024-02-12,
OWN01106,vehicle,V00832,P01667,2020-07-05,
OWN01107,vehicle,V00208,P01584,2020-09-17,
OWN01108,bank_account,A01365,P00411,2019-02-02,
OWN01109,phone,PH00368,P01740,2025-09-13,
OWN01110,phone,PH00503,P01495,2022-03-16,
OWN01111,bank_account,A00689,P00564,2018-06-20,
OWN01112,vehicle,V00491,P00662,2018-04-30,
OWN01113,vehicle,V00501,P01138,2022-01-25,
OWN01114,bank_account,A00605,P00455,2023-04-15,
OWN01115,vehicle,V00384,P01480,2019-08-18,
OWN01116,phone,PH00881,P01864,2024-10-23,
OWN01117,bank_account,A01357,P01648,2021-07-28,
OWN01118,vehicle,V00463,P00321,2019-08-30,
OWN01119,phone,PH02409,P00367,2020-08-06,
OWN01120,vehicle,V00030,P00587,2019-01-13,
OWN01121,phone,PH02101,P00370,2025-01-17,
OWN01122,bank_account,A01067,P00293,2020-11-28,
OWN01123,phone,PH02418,P00182,2021-04-26,
OWN01124,bank_account,A00947,P01355,2019-12-05,
OWN01125,bank_account,A01075,P01067,2022-03-30,
OWN01126,bank_account,A00738,P00085,2021-08-18,
OWN01127,bank_account,A01962,P00919,2018-06-03,
OWN01128,vehicle,V00846,P01777,2024-01-20,
OWN01129,phone,PH01879,P00298,2023-04-21,
OWN01130,phone,PH02237,P00410,2022-02-16,
OWN01131,phone,PH00841,P00780,2023-07-31,
OWN01132,bank_account,A00769,P00946,2022-07-19,
OWN01133,bank_account,A00343,P00334,2024-01-29,
OWN01134,vehicle,V00622,P01699,2022-01-21,
OWN01135,bank_account,A01464,P01245,2018-07-05,
OWN01136,vehicle,V00575,P01806,2019-12-13,
OWN01137,bank_account,A02105,P00696,2022-06-25,
OWN01138,vehicle,V00755,P01216,2020-12-08,
OWN01139,vehicle,V00574,P01102,2023-03-03,
OWN01140,bank_account,A00470,P01898,2023-05-09,
OWN01141,phone,PH01344,P00024,2020-07-19,
OWN01142,vehicle,V00724,P01178,2021-06-07,
OWN01143,bank_account,A01409,P00765,2025-10-06,
OWN01144,phone,PH00570,P01512,2022-06-03,
OWN01145,bank_account,A01884,P00585,2025-12-16,
OWN01146,vehicle,V00230,P01632,2024-02-11,
OWN01147,phone,PH02507,P00417,2024-11-10,
OWN01148,bank_account,A01656,P00753,2022-10-10,
OWN01149,bank_account,A01738,P01287,2018-07-11,
OWN01150,phone,PH00193,P00234,2019-05-24,
OWN01151,vehicle,V00408,P00203,2023-09-26,
OWN01152,bank_account,A02156,P00576,2019-06-03,
OWN01153,bank_account,A01797,P00782,2023-11-19,
OWN01154,vehicle,V00768,P01672,2022-11-11,
OWN01155,bank_account,A01818,P01809,2024-08-03,
OWN01156,phone,PH01161,P00223,2021-09-09,
OWN01157,bank_account,A02191,P01751,2023-03-11,
OWN01158,vehicle,V00822,P01034,2023-05-21,
OWN01159,phone,PH00533,P00876,2021-12-20,
OWN01160,vehicle,V00346,P01448,2020-04-22,
OWN01161,phone,PH01345,P00001,2021-02-19,
OWN01162,vehicle,V00041,P01902,2024-10-30,
OWN01163,bank_account,A00794,P01511,2024-05-30,
OWN01164,vehicle,V00563,P00211,2020-05-05,
OWN01165,phone,PH00852,P00842,2021-05-15,
OWN01166,phone,PH02268,P00054,2023-02-01,
OWN01167,bank_account,A01332,P01515,2020-10-02,
OWN01168,vehicle,V00319,P00776,2025-07-19,
OWN01169,vehicle,V00495,P00846,2022-10-24,
OWN01170,phone,PH02178,P00515,2024-03-01,
OWN01171,bank_account,A01973,P01980,2018-01-20,
OWN01172,bank_account,A00688,P00939,2024-04-21,
OWN01173,vehicle,V00535,P01020,2022-10-28,
OWN01174,bank_account,A00511,P00052,2019-03-21,
OWN01175,bank_account,A00370,P00280,2018-11-08,
OWN01176,bank_account,A02211,P00794,2020-09-12,
OWN01177,bank_account,A02189,P00148,2020-11-01,
OWN01178,phone,PH00844,P00072,2023-02-14,
OWN01179,bank_account,A00669,P00524,2025-03-05,
OWN01180,bank_account,A01515,P00031,2021-09-23,
OWN01181,bank_account,A02217,P01699,2024-04-25,
OWN01182,vehicle,V00726,P00534,2020-12-13,
OWN01183,phone,PH02460,P00045,2020-12-07,
OWN01184,bank_account,A00537,P00448,2020-09-18,
OWN01185,vehicle,V00218,P00244,2018-07-06,
OWN01186,bank_account,A00023,P01005,2018-06-03,
OWN01187,phone,PH00151,P00199,2020-01-10,
OWN01188,bank_account,A02241,P01808,2018-12-07,
OWN01189,phone,PH01854,P01967,2020-04-27,
OWN01190,phone,PH00713,P00103,2021-09-08,
OWN01191,bank_account,A00197,P01235,2018-01-29,
OWN01192,bank_account,A00367,P00430,2018-06-15,
OWN01193,phone,PH00302,P01409,2019-03-08,
OWN01194,bank_account,A00191,P01729,2021-10-18,
OWN01195,bank_account,A00583,P00742,2023-01-21,
OWN01196,bank_account,A01244,P01810,2024-11-14,
OWN01197,bank_account,A01153,P01304,2024-05-27,
OWN01198,vehicle,V00261,P01778,2021-04-02,
OWN01199,phone,PH00727,P00240,2021-06-14,
OWN01200,bank_account,A01585,P00714,2020-06-02,
OWN01201,phone,PH02042,P00995,2021-04-13,
OWN01202,phone,PH02233,P01255,2021-04-25,
OWN01203,phone,PH02579,P00618,2018-09-29,
OWN01204,bank_account,A01640,P01345,2025-05-18,
OWN01205,phone,PH01046,P01724,2020-11-07,
OWN01206,bank_account,A01492,P00430,2020-09-03,
OWN01207,vehicle,V00801,P01672,2022-01-04,
OWN01208,phone,PH01704,P00769,2025-08-20,
OWN01209,phone,PH02589,P00374,2022-03-16,
OWN01210,bank_account,A00221,P01998,2021-02-11,
OWN01211,vehicle,V00005,P01690,2021-10-05,
OWN01212,phone,PH00691,P01173,2023-01-12,
OWN01213,bank_account,A01995,P00616,2022-10-27,
OWN01214,phone,PH00448,P00865,2018-09-08,
OWN01215,vehicle,V00730,P01064,2021-08-17,
OWN01216,phone,PH00335,P01136,2025-08-28,
OWN01217,vehicle,V00514,P01737,2022-05-16,
OWN01218,vehicle,V00239,P01331,2018-09-16,
OWN01219,vehicle,V00329,P00301,2023-09-21,
OWN01220,phone,PH02703,P01467,2025-06-30,
OWN01221,phone,PH01019,P00737,2018-12-06,
OWN01222,vehicle,V00138,P00369,2019-10-17,
OWN01223,vehicle,V00174,P01205,2023-10-16,
OWN01224,bank_account,A01327,P01851,2019-09-03,
OWN01225,phone,PH00607,P01231,2018-04-18,
OWN01226,bank_account,A00375,P00061,2019-07-30,
OWN01227,bank_account,A02038,P01596,2025-09-19,
OWN01228,bank_account,A01278,P00430,2023-02-28,
OWN01229,bank_account,A00988,P01685,2023-01-21,
OWN01230,phone,PH02461,P00586,2018-06-11,
OWN01231,phone,PH00397,P00593,2018-10-16,
OWN01232,phone,PH02100,P01213,2020-04-15,
OWN01233,phone,PH00404,P00121,2024-12-03,
OWN01234,bank_account,A02030,P00804,2019-03-12,
OWN01235,phone,PH01067,P01346,2023-12-26,
OWN01236,vehicle,V00403,P00375,2024-02-28,
OWN01237,vehicle,V00499,P00387,2023-05-15,
OWN01238,bank_account,A01497,P00903,2019-05-24,
OWN01239,vehicle,V00563,P00211,2025-01-26,
OWN01240,bank_account,A00177,P01923,2022-07-11,
OWN01241,phone,PH01653,P00678,2025-01-15,
OWN01242,bank_account,A00350,P01703,2024-11-19,
OWN01243,vehicle,V00270,P00363,2019-04-17,
OWN01244,phone,PH02223,P00545,2019-07-13,
OWN01245,bank_account,A00327,P00777,2023-01-13,
OWN01246,vehicle,V00624,P00111,2025-10-20,
OWN01247,bank_account,A02245,P01680,2018-05-11,
OWN01248,bank_account,A01147,P00217,2022-12-01,
OWN01249,bank_account,A00292,P00169,2023-01-26,
OWN01250,bank_account,A00275,P00309,2022-02-11,
OWN01251,phone,PH02662,P01658,2018-02-23,
OWN01252,phone,PH01533,P00342,2023-02-23,
OWN01253,phone,PH02354,P00705,2024-02-22,
OWN01254,vehicle,V00459,P01054,2018-01-27,
OWN01255,vehicle,V00306,P01805,2024-05-15,
OWN01256,vehicle,V00230,P01632,2023-05-11,
OWN01257,bank_account,A01063,P00001,2022-01-09,
OWN01258,bank_account,A02077,P00143,2025-10-15,
OWN01259,phone,PH00355,P01670,2024-12-22,
OWN01260,vehicle,V00692,P00937,2024-03-17,
OWN01261,phone,PH02278,P01514,2024-09-25,
OWN01262,bank_account,A00473,P00873,2020-05-31,
OWN01263,vehicle,V00375,P00973,2018-01-31,
OWN01264,vehicle,V00421,P01797,2023-06-15,
OWN01265,bank_account,A01270,P00989,2023-06-16,
OWN01266,bank_account,A00656,P00139,2018-02-20,
OWN01267,phone,PH01146,P01331,2020-04-14,
OWN01268,vehicle,V00312,P00893,2025-10-24,
OWN01269,phone,PH02143,P01835,2024-05-09,
OWN01270,vehicle,V00595,P01837,2025-01-06,
OWN01271,vehicle,V00148,P00705,2023-12-31,
OWN01272,vehicle,V00170,P00410,2025-12-18,
OWN01273,bank_account,A00764,P00819,2024-07-15,
OWN01274,vehicle,V00140,P01805,2023-11-28,
OWN01275,phone,PH02622,P00125,2025-11-05,
OWN01276,bank_account,A00047,P01047,2020-06-18,
OWN01277,phone,PH02717,P01118,2023-06-01,
OWN01278,vehicle,V00545,P00255,2024-01-19,
OWN01279,vehicle,V00239,P01331,2019-07-02,
OWN01280,bank_account,A00369,P00311,2019-08-07,
OWN01281,bank_account,A01960,P00514,2025-05-08,
OWN01282,bank_account,A00154,P01495,2022-01-30,
OWN01283,vehicle,V00138,P00369,2019-04-29,
OWN01284,vehicle,V00257,P00920,2018-12-06,
OWN01285,vehicle,V00779,P01916,2021-05-24,
OWN01286,phone,PH00771,P00436,2019-07-24,
OWN01287,vehicle,V00532,P01781,2022-09-17,
OWN01288,bank_account,A01160,P00603,2020-09-23,
OWN01289,bank_account,A00898,P01122,2018-03-20,
OWN01290,vehicle,V00009,P00919,2021-09-19,
OWN01291,bank_account,A01997,P00677,2021-03-09,
OWN01292,bank_account,A01296,P01081,2019-04-13,
OWN01293,vehicle,V00501,P01138,2019-06-04,
OWN01294,vehicle,V00804,P00094,2023-01-23,
OWN01295,phone,PH01523,P01674,2022-10-22,
OWN01296,bank_account,A01924,P00683,2021-07-21,
OWN01297,vehicle,V00021,P00327,2024-06-19,
OWN01298,phone,PH01617,P00154,2022-11-16,
OWN01299,vehicle,V00263,P01421,2021-09-17,
OWN01300,bank_account,A00102,P00705,2018-12-20,
OWN01301,vehicle,V00302,P00434,2020-05-07,
OWN01302,bank_account,A00561,P01628,2024-02-13,
OWN01303,phone,PH01855,P01625,2018-01-31,
OWN01304,phone,PH02655,P01623,2020-06-22,
OWN01305,phone,PH01384,P00199,2025-05-23,
OWN01306,vehicle,V00068,P00091,2024-03-31,
OWN01307,phone,PH01425,P00560,2024-08-23,
OWN01308,phone,PH01807,P01387,2022-02-23,
OWN01309,vehicle,V00482,P01155,2025-12-28,
OWN01310,bank_account,A01546,P01458,2018-09-15,
OWN01311,bank_account,A00626,P00400,2020-01-09,
OWN01312,vehicle,V00660,P01087,2023-10-26,
OWN01313,bank_account,A01853,P01084,2021-03-22,
OWN01314,vehicle,V00163,P00636,2021-05-08,
OWN01315,bank_account,A00205,P00588,2025-07-25,
OWN01316,bank_account,A00350,P01703,2018-09-18,
OWN01317,bank_account,A01767,P01828,2020-01-18,
OWN01318,phone,PH00956,P01432,2021-04-20,
OWN01319,phone,PH01531,P00724,2019-08-09,
OWN01320,vehicle,V00537,P00609,2021-09-11,
OWN01321,phone,PH00151,P00199,2025-06-15,
OWN01322,vehicle,V00063,P00311,2019-01-08,
OWN01323,bank_account,A00864,P00772,2024-08-21,
OWN01324,bank_account,A00508,P01112,2023-09-27,
OWN01325,vehicle,V00767,P01977,2022-09-28,
OWN01326,bank_account,A01827,P00394,2022-06-27,
OWN01327,phone,PH01004,P00184,2020-02-12,
OWN01328,bank_account,A00550,P01520,2019-12-19,
OWN01329,phone,PH01737,P01737,2020-08-08,
OWN01330,bank_account,A01378,P00785,2022-07-18,
OWN01331,vehicle,V00262,P00326,2025-08-27,
OWN01332,bank_account,A00319,P00280,2024-12-21,
OWN01333,vehicle,V00038,P00165,2020-09-27,
OWN01334,bank_account,A00062,P00814,2019-10-31,
OWN01335,phone,PH01979,P01573,2024-09-28,
OWN01336,phone,PH01192,P01815,2025-06-14,
OWN01337,vehicle,V00042,P01504,2018-12-15,
OWN01338,phone,PH02538,P01912,2023-03-23,
OWN01339,vehicle,V00527,P01022,2022-01-11,
OWN01340,phone,PH01095,P01569,2020-07-10,
OWN01341,phone,PH00360,P01396,2023-05-07,
OWN01342,phone,PH00993,P01679,2022-11-15,
OWN01343,vehicle,V00737,P00430,2019-12-23,
OWN01344,phone,PH00868,P00618,2024-12-08,
OWN01345,phone,PH00256,P01103,2021-02-22,
OWN01346,phone,PH02363,P01642,2021-04-12,
OWN01347,bank_account,A00344,P00210,2024-08-19,
OWN01348,vehicle,V00753,P00399,2025-05-31,
OWN01349,vehicle,V00776,P01605,2022-12-19,
OWN01350,bank_account,A00467,P00107,2018-01-30,
OWN01351,vehicle,V00732,P01964,2025-09-09,
OWN01352,vehicle,V00270,P00363,2020-01-07,
OWN01353,bank_account,A00606,P00121,2021-06-02,
OWN01354,phone,PH00432,P01736,2020-05-30,
OWN01355,phone,PH01072,P00647,2019-11-15,
OWN01356,bank_account,A00585,P01487,2023-05-24,
OWN01357,phone,PH01056,P01780,2024-02-06,
OWN01358,vehicle,V00192,P00006,2022-11-19,
OWN01359,vehicle,V00108,P00827,2021-03-10,
OWN01360,phone,PH02238,P00264,2020-07-12,
OWN01361,phone,PH00172,P01463,2024-08-20,
OWN01362,phone,PH01277,P00031,2018-04-04,
OWN01363,bank_account,A01971,P01505,2020-08-31,
OWN01364,phone,PH01618,P00564,2018-03-22,
OWN01365,bank_account,A01627,P00895,2021-06-30,
OWN01366,vehicle,V00708,P01575,2020-04-16,
OWN01367,bank_account,A00885,P00374,2019-01-18,
OWN01368,phone,PH00914,P00152,2023-06-10,
OWN01369,bank_account,A00009,P00719,2023-04-19,
OWN01370,vehicle,V00245,P01479,2021-10-02,
OWN01371,vehicle,V00302,P00434,2018-07-14,
OWN01372,bank_account,A00337,P00860,2023-03-04,
OWN01373,vehicle,V00177,P01330,2019-05-15,
OWN01374,bank_account,A01467,P00897,2019-02-11,
OWN01375,phone,PH00152,P00096,2020-08-25,
OWN01376,phone,PH00957,P00132,2024-01-09,
OWN01377,phone,PH02609,P01500,2018-01-18,
OWN01378,vehicle,V00178,P01118,2019-12-22,
OWN01379,phone,PH01303,P01657,2018-04-04,
OWN01380,vehicle,V00451,P01743,2022-08-13,
OWN01381,phone,PH01924,P01446,2022-03-01,
OWN01382,phone,PH01258,P01654,2024-04-21,
OWN01383,vehicle,V00475,P00375,2023-12-24,
OWN01384,phone,PH02598,P01960,2020-05-30,
OWN01385,vehicle,V00689,P00528,2020-09-09,
OWN01386,phone,PH01773,P00921,2022-02-02,
OWN01387,bank_account,A01280,P01681,2023-04-08,
OWN01388,bank_account,A02117,P01981,2020-01-24,
OWN01389,vehicle,V00742,P00914,2024-04-01,
OWN01390,phone,PH02548,P01283,2023-02-10,
OWN01391,phone,PH01844,P00456,2021-10-06,
OWN01392,phone,PH01912,P01851,2025-01-30,
OWN01393,vehicle,V00416,P01139,2018-02-13,
OWN01394,vehicle,V00170,P00410,2021-02-20,
OWN01395,bank_account,A00840,P00536,2024-08-22,
OWN01396,vehicle,V00504,P00369,2019-05-13,
OWN01397,vehicle,V00327,P01210,2021-10-29,
OWN01398,vehicle,V00271,P00258,2025-06-21,
OWN01399,phone,PH01433,P00662,2019-10-15,
OWN01400,bank_account,A01539,P01655,2025-10-09,
OWN01401,vehicle,V00034,P01467,2022-06-26,
OWN01402,vehicle,V00046,P01485,2024-09-03,
OWN01403,vehicle,V00523,P01429,2023-01-30,
OWN01404,bank_account,A01041,P01531,2018-01-17,
OWN01405,bank_account,A00313,P00882,2022-10-04,
OWN01406,vehicle,V00091,P00904,2025-05-17,
OWN01407,vehicle,V00799,P01308,2022-12-04,
OWN01408,vehicle,V00560,P00916,2021-11-29,
OWN01409,phone,PH01612,P00706,2022-08-14,
OWN01410,bank_account,A01215,P00871,2020-09-10,
OWN01411,vehicle,V00089,P00179,2022-05-24,
OWN01412,bank_account,A00264,P00498,2024-05-04,
OWN01413,phone,PH01170,P00370,2023-04-08,
OWN01414,bank_account,A00810,P01954,2024-01-22,
OWN01415,phone,PH01566,P00311,2025-06-08,
OWN01416,vehicle,V00378,P01712,2020-10-02,
OWN01417,bank_account,A00125,P01693,2023-06-16,
OWN01418,phone,PH02698,P00595,2018-11-29,
OWN01419,phone,PH02507,P00417,2019-09-12,
OWN01420,bank_account,A02232,P01371,2022-05-16,
OWN01421,phone,PH02533,P00087,2021-02-03,
OWN01422,vehicle,V00197,P00243,2021-11-15,
OWN01423,bank_account,A01937,P01271,2019-12-09,
OWN01424,bank_account,A01635,P01144,2024-06-02,
OWN01425,vehicle,V00543,P00392,2022-11-02,
OWN01426,bank_account,A02129,P00427,2022-09-30,
OWN01427,phone,PH00396,P00196,2022-12-25,
OWN01428,vehicle,V00168,P01838,2019-06-20,
OWN01429,phone,PH00390,P01819,2020-03-29,
OWN01430,phone,PH00422,P00547,2018-11-05,
OWN01431,bank_account,A00728,P00076,2025-09-25,
OWN01432,vehicle,V00248,P01126,2020-04-20,
OWN01433,phone,PH01122,P00190,2025-07-03,
OWN01434,vehicle,V00278,P00041,2023-05-18,
OWN01435,vehicle,V00001,P01782,2025-03-07,
OWN01436,vehicle,V00133,P01034,2024-06-11,
OWN01437,phone,PH00299,P00013,2025-03-26,
OWN01438,bank_account,A00506,P01554,2019-06-30,
OWN01439,vehicle,V00601,P01144,2021-03-21,
OWN01440,vehicle,V00821,P00461,2021-11-06,
OWN01441,bank_account,A01446,P01919,2021-06-30,
OWN01442,phone,PH00508,P00141,2019-10-20,
OWN01443,bank_account,A00783,P01796,2024-01-30,
OWN01444,vehicle,V00246,P01400,2018-05-16,
OWN01445,phone,PH02385,P01380,2019-11-05,
OWN01446,vehicle,V00222,P01384,2019-10-28,
OWN01447,bank_account,A01367,P00871,2023-01-12,
OWN01448,vehicle,V00770,P01403,2021-02-04,
OWN01449,vehicle,V00486,P00909,2022-04-15,
OWN01450,bank_account,A01981,P00556,2024-08-25,
OWN01451,bank_account,A02019,P01321,2024-02-11,
OWN01452,vehicle,V00105,P00511,2019-06-07,
OWN01453,vehicle,V00799,P01308,2021-07-26,
OWN01454,vehicle,V00116,P01151,2025-12-20,
OWN01455,vehicle,V00710,P01149,2023-01-25,
OWN01456,phone,PH01275,P00252,2024-03-15,
OWN01457,phone,PH00030,P01006,2018-07-07,
OWN01458,bank_account,A01679,P01893,2023-02-20,
OWN01459,phone,PH00080,P00139,2025-01-22,
OWN01460,vehicle,V00087,P00203,2022-05-10,
OWN01461,phone,PH02589,P00374,2020-01-19,
OWN01462,vehicle,V00417,P01114,2025-05-28,
OWN01463,phone,PH00145,P00489,2021-06-26,
OWN01464,vehicle,V00849,P00209,2021-08-17,
OWN01465,phone,PH00029,P00237,2025-03-14,
OWN01466,phone,PH00162,P01386,2018-09-08,
OWN01467,phone,PH01848,P01673,2020-04-28,
OWN01468,vehicle,V00117,P00162,2023-09-25,
OWN01469,bank_account,A02069,P00066,2023-06-29,
OWN01470,bank_account,A01005,P01090,2020-03-30,
OWN01471,vehicle,V00470,P00844,2019-11-19,
OWN01472,phone,PH00237,P00692,2018-11-25,
OWN01473,phone,PH00128,P00560,2021-06-15,
OWN01474,phone,PH00012,P01287,2019-12-20,
OWN01475,phone,PH02176,P00099,2020-11-02,
OWN01476,bank_account,A01940,P00490,2019-11-27,
OWN01477,vehicle,V00045,P01163,2021-04-23,
OWN01478,phone,PH00720,P01332,2025-02-18,
OWN01479,vehicle,V00336,P00535,2021-02-15,
OWN01480,vehicle,V00119,P00522,2022-12-06,
OWN01481,vehicle,V00066,P01085,2019-11-22,
OWN01482,bank_account,A00522,P00798,2019-05-19,
OWN01483,bank_account,A00546,P00550,2021-08-02,
OWN01484,vehicle,V00342,P00050,2018-05-13,
OWN01485,bank_account,A02216,P01114,2018-03-22,
OWN01486,phone,PH01960,P00664,2023-05-26,
OWN01487,bank_account,A00220,P00808,2024-12-06,
OWN01488,bank_account,A01454,P00528,2021-07-21,
OWN01489,bank_account,A01209,P01747,2023-02-04,
OWN01490,bank_account,A00152,P00500,2020-05-23,
OWN01491,vehicle,V00453,P01052,2024-11-13,
OWN01492,bank_account,A01125,P00117,2022-03-09,
OWN01493,phone,PH01058,P01206,2023-05-13,
OWN01494,phone,PH01449,P01395,2018-08-16,
OWN01495,phone,PH00055,P00315,2018-05-26,
OWN01496,vehicle,V00731,P00204,2020-12-05,
OWN01497,bank_account,A00508,P01112,2020-09-08,
OWN01498,bank_account,A00723,P00519,2024-04-26,
OWN01499,bank_account,A01267,P00229,2019-11-19,
OWN01500,vehicle,V00338,P01568,2021-09-10,
OWN01501,bank_account,A01516,P01617,2024-02-19,
OWN01502,bank_account,A01592,P00467,2023-04-09,
OWN01503,vehicle,V00841,P00143,2023-05-08,
OWN01504,vehicle,V00272,P01828,2024-08-06,
OWN01505,phone,PH00121,P01881,2019-04-12,
OWN01506,vehicle,V00525,P00153,2023-03-29,
OWN01507,phone,PH00320,P00462,2021-11-28,
OWN01508,bank_account,A01262,P01552,2020-10-29,
OWN01509,vehicle,V00111,P01272,2023-05-01,
OWN01510,bank_account,A01361,P01991,2018-07-18,
OWN01511,phone,PH00094,P01694,2021-03-06,
OWN01512,vehicle,V00039,P01499,2020-04-13,
OWN01513,bank_account,A00811,P00763,2024-08-07,
OWN01514,vehicle,V00359,P00031,2023-06-12,
OWN01515,bank_account,A01897,P01588,2021-08-13,
OWN01516,bank_account,A00541,P00968,2025-07-22,
OWN01517,vehicle,V00314,P01378,2018-07-29,
OWN01518,phone,PH00693,P00210,2018-08-14,
OWN01519,vehicle,V00699,P00276,2021-08-23,
OWN01520,phone,PH01957,P00766,2022-01-17,
OWN01521,bank_account,A00312,P01470,2025-06-24,
OWN01522,bank_account,A01167,P01959,2019-09-24,
OWN01523,bank_account,A00927,P00512,2023-03-29,
OWN01524,vehicle,V00850,P00237,2023-07-04,
OWN01525,vehicle,V00752,P01641,2022-08-29,
OWN01526,vehicle,V00453,P01052,2021-06-26,
OWN01527,vehicle,V00003,P00519,2020-11-23,
OWN01528,vehicle,V00512,P01643,2021-03-13,
OWN01529,vehicle,V00271,P00258,2024-10-25,
OWN01530,vehicle,V00668,P00156,2020-11-11,
OWN01531,phone,PH00336,P01961,2020-02-04,
OWN01532,bank_account,A01709,P00855,2022-01-30,
OWN01533,bank_account,A00517,P01183,2019-09-12,
OWN01534,vehicle,V00183,P01781,2025-11-05,
OWN01535,bank_account,A02027,P00184,2024-05-15,
OWN01536,bank_account,A01114,P00296,2024-03-10,
OWN01537,phone,PH02595,P01001,2019-09-22,
OWN01538,vehicle,V00678,P00489,2020-07-08,
OWN01539,phone,PH01283,P01154,2023-05-12,
OWN01540,phone,PH01946,P00517,2023-12-31,
OWN01541,phone,PH01799,P01598,2021-01-30,
OWN01542,vehicle,V00669,P00034,2025-04-02,
OWN01543,phone,PH00641,P01602,2019-03-31,
OWN01544,bank_account,A00791,P01772,2021-09-07,
OWN01545,phone,PH00809,P01390,2022-06-06,
OWN01546,phone,PH01264,P01744,2019-07-21,
OWN01547,phone,PH02782,P00380,2024-08-20,
OWN01548,phone,PH00537,P00272,2022-08-25,
OWN01549,vehicle,V00673,P00608,2020-01-26,
OWN01550,bank_account,A01166,P01423,2024-02-21,
OWN01551,phone,PH00829,P00281,2021-06-22,
OWN01552,phone,PH01981,P00746,2023-05-03,
OWN01553,vehicle,V00400,P01167,2019-04-27,
OWN01554,bank_account,A01416,P00229,2019-04-15,
OWN01555,phone,PH01206,P01938,2019-01-29,
OWN01556,bank_account,A00909,P00203,2019-03-27,
OWN01557,vehicle,V00471,P00805,2020-03-12,
OWN01558,bank_account,A01354,P01996,2024-10-18,
OWN01559,phone,PH00210,P00697,2022-06-03,
OWN01560,phone,PH01733,P01950,2023-10-06,
OWN01561,phone,PH01984,P01337,2020-12-17,
OWN01562,bank_account,A02107,P01035,2024-05-07,
OWN01563,phone,PH01827,P00634,2024-06-18,
OWN01564,bank_account,A00894,P01423,2018-08-22,
OWN01565,phone,PH01790,P01071,2018-03-21,
OWN01566,phone,PH00523,P00848,2020-06-13,
OWN01567,bank_account,A00059,P00144,2024-06-20,
OWN01568,phone,PH01749,P00871,2018-06-19,
OWN01569,phone,PH01720,P00949,2018-01-25,
OWN01570,bank_account,A00578,P00426,2022-01-01,
OWN01571,bank_account,A00456,P00894,2020-12-22,
OWN01572,bank_account,A01820,P00498,2024-01-29,
OWN01573,vehicle,V00715,P01685,2022-06-17,
OWN01574,vehicle,V00598,P01090,2022-10-11,
OWN01575,vehicle,V00366,P00542,2024-02-08,
OWN01576,vehicle,V00810,P01273,2024-11-23,
OWN01577,bank_account,A00654,P00002,2022-06-11,
OWN01578,phone,PH00184,P00599,2023-08-05,
OWN01579,bank_account,A00861,P01589,2018-12-03,
OWN01580,bank_account,A00925,P01524,2022-05-11,
OWN01581,bank_account,A01646,P01240,2019-12-05,
OWN01582,vehicle,V00381,P00430,2019-08-02,
OWN01583,phone,PH00384,P01555,2019-12-09,
OWN01584,phone,PH01360,P00550,2022-05-26,
OWN01585,bank_account,A01718,P01134,2019-07-01,
OWN01586,vehicle,V00520,P01263,2025-01-01,
OWN01587,vehicle,V00020,P00052,2019-12-28,
OWN01588,bank_account,A01343,P00665,2023-05-16,
OWN01589,phone,PH01152,P00540,2020-04-16,
OWN01590,bank_account,A01561,P00022,2023-07-23,
OWN01591,phone,PH00435,P01597,2018-05-29,
OWN01592,phone,PH01663,P00570,2023-08-18,
OWN01593,phone,PH00606,P01081,2023-04-20,
OWN01594,phone,PH00005,P01736,2018-05-29,
OWN01595,vehicle,V00697,P01946,2024-07-07,
OWN01596,phone,PH00427,P00586,2023-03-25,
OWN01597,bank_account,A02197,P00341,2023-05-03,
OWN01598,bank_account,A00893,P00776,2025-09-23,
OWN01599,bank_account,A01587,P01285,2023-11-29,
OWN01600,bank_account,A00163,P00184,2022-03-04,
OWN01601,phone,PH00780,P00892,2018-12-17,
OWN01602,phone,PH01507,P00356,2021-07-26,
OWN01603,bank_account,A01606,P01617,2018-08-12,
OWN01604,vehicle,V00156,P00828,2018-05-14,
OWN01605,vehicle,V00130,P01768,2018-12-16,
OWN01606,vehicle,V00788,P01417,2018-04-22,
OWN01607,phone,PH01100,P01942,2022-11-26,
OWN01608,bank_account,A02122,P00308,2024-12-24,
OWN01609,bank_account,A01022,P00741,2025-03-21,
OWN01610,bank_account,A01198,P01112,2023-11-06,
OWN01611,phone,PH00434,P01621,2025-10-15,
OWN01612,vehicle,V00847,P01757,2025-03-25,
OWN01613,phone,PH02693,P01139,2019-01-04,
OWN01614,vehicle,V00130,P01768,2019-04-16,
OWN01615,phone,PH00505,P01702,2019-07-25,
OWN01616,bank_account,A01203,P01651,2018-10-08,
OWN01617,vehicle,V00650,P00808,2025-12-03,
OWN01618,phone,PH01883,P00023,2022-01-29,
OWN01619,vehicle,V00366,P00542,2024-02-27,
OWN01620,bank_account,A01472,P00077,2024-11-20,
OWN01621,bank_account,A00743,P00069,2021-01-21,
OWN01622,phone,PH00635,P01049,2024-12-22,
OWN01623,vehicle,V00169,P01687,2020-09-12,
OWN01624,vehicle,V00712,P00039,2024-09-22,
OWN01625,vehicle,V00366,P00542,2022-11-09,
OWN01626,vehicle,V00484,P01237,2021-04-23,
OWN01627,phone,PH01230,P00097,2024-12-31,
OWN01628,bank_account,A00728,P00076,2023-01-21,
OWN01629,bank_account,A01726,P00179,2023-08-09,
OWN01630,phone,PH02137,P00498,2025-10-31,
OWN01631,vehicle,V00336,P00535,2019-06-03,
OWN01632,bank_account,A00737,P00769,2022-05-25,
OWN01633,phone,PH01824,P00558,2018-05-04,
OWN01634,phone,PH01749,P00871,2019-02-15,
OWN01635,vehicle,V00323,P01765,2022-08-15,
OWN01636,vehicle,V00132,P01209,2019-04-10,
OWN01637,vehicle,V00844,P01449,2023-09-11,
OWN01638,phone,PH00331,P00552,2021-09-05,
OWN01639,vehicle,V00135,P01860,2018-06-12,
OWN01640,bank_account,A00942,P00162,2024-02-24,
OWN01641,bank_account,A02114,P00542,2025-08-26,
OWN01642,bank_account,A01226,P01867,2023-11-12,
OWN01643,bank_account,A01759,P01036,2018-10-01,
OWN01644,bank_account,A00084,P01437,2022-06-06,
OWN01645,vehicle,V00176,P00502,2025-07-03,
OWN01646,phone,PH01666,P01694,2024-10-21,
OWN01647,bank_account,A01313,P00697,2023-03-07,
OWN01648,phone,PH02456,P01616,2020-05-24,
OWN01649,phone,PH01703,P00517,2025-08-07,
OWN01650,vehicle,V00640,P01007,2025-02-15,
OWN01651,vehicle,V00140,P01805,2020-10-11,
OWN01652,phone,PH01505,P00313,2020-11-05,
OWN01653,vehicle,V00674,P01987,2019-04-18,
OWN01654,bank_account,A01837,P01848,2020-11-13,
OWN01655,vehicle,V00603,P00723,2019-12-11,
OWN01656,phone,PH02272,P00186,2020-03-01,
OWN01657,phone,PH02373,P00955,2023-11-27,
OWN01658,vehicle,V00170,P00410,2018-12-20,
OWN01659,bank_account,A02093,P00229,2020-12-10,
OWN01660,bank_account,A00490,P01552,2020-11-21,
OWN01661,vehicle,V00646,P01420,2025-10-04,
OWN01662,bank_account,A00775,P00325,2022-09-21,
OWN01663,bank_account,A01181,P00909,2024-07-03,
OWN01664,vehicle,V00587,P00682,2023-07-29,
OWN01665,vehicle,V00358,P01432,2025-01-12,
OWN01666,bank_account,A00978,P01086,2022-06-11,
OWN01667,vehicle,V00476,P01367,2019-11-11,
OWN01668,vehicle,V00350,P00150,2022-11-04,
OWN01669,phone,PH02023,P01567,2024-04-04,
OWN01670,vehicle,V00442,P00929,2018-07-17,
OWN01671,phone,PH00826,P01734,2018-11-13,
OWN01672,bank_account,A01961,P01218,2021-04-14,
OWN01673,phone,PH01350,P01426,2024-04-24,
OWN01674,bank_account,A02053,P01547,2024-05-17,
OWN01675,vehicle,V00375,P00973,2024-04-05,
OWN01676,bank_account,A00010,P00534,2025-07-26,
OWN01677,vehicle,V00725,P01980,2025-12-04,
OWN01678,bank_account,A01924,P00683,2018-06-27,
OWN01679,bank_account,A01831,P00413,2019-05-20,
OWN01680,bank_account,A01169,P00494,2018-05-13,
OWN01681,phone,PH00049,P00519,2021-09-18,
OWN01682,vehicle,V00748,P00458,2023-12-27,
OWN01683,vehicle,V00281,P01476,2025-05-13,
OWN01684,bank_account,A01438,P01555,2023-08-11,
OWN01685,vehicle,V00035,P01837,2021-01-17,
OWN01686,vehicle,V00046,P01485,2025-12-08,
OWN01687,phone,PH00239,P01950,2025-12-14,
OWN01688,bank_account,A00259,P00641,2022-06-15,
OWN01689,vehicle,V00212,P01591,2019-04-21,
OWN01690,bank_account,A01365,P00411,2024-05-06,
OWN01691,vehicle,V00335,P00244,2025-07-10,
OWN01692,bank_account,A00256,P01183,2023-06-12,
OWN01693,bank_account,A00228,P01498,2020-12-23,
OWN01694,bank_account,A00970,P00805,2022-05-13,
OWN01695,phone,PH01426,P01208,2023-09-20,
OWN01696,phone,PH01103,P01752,2021-07-28,
OWN01697,vehicle,V00030,P00587,2024-07-15,
OWN01698,phone,PH00622,P00146,2020-06-28,
OWN01699,bank_account,A00098,P01099,2025-04-02,
OWN01700,phone,PH00106,P01785,2022-01-15,
OWN01701,phone,PH00926,P01287,2018-05-15,
OWN01702,bank_account,A02051,P00452,2024-10-30,
OWN01703,bank_account,A01385,P00801,2023-06-21,
OWN01704,vehicle,V00765,P00580,2023-06-13,
OWN01705,phone,PH00955,P01221,2025-05-24,
OWN01706,bank_account,A01270,P00989,2024-06-22,
OWN01707,bank_account,A02156,P00576,2019-10-31,
OWN01708,vehicle,V00657,P00866,2024-08-01,
OWN01709,vehicle,V00779,P01916,2020-01-06,
OWN01710,bank_account,A01346,P01830,2023-05-19,
OWN01711,vehicle,V00052,P01392,2022-05-22,
OWN01712,bank_account,A02010,P00412,2023-05-06,
OWN01713,bank_account,A00771,P00981,2024-01-30,
OWN01714,bank_account,A01628,P00504,2020-11-23,
OWN01715,vehicle,V00501,P01138,2021-10-01,
OWN01716,vehicle,V00424,P01616,2024-05-09,
OWN01717,phone,PH00336,P01961,2023-08-29,
OWN01718,phone,PH02627,P01411,2018-04-12,
OWN01719,bank_account,A01095,P01802,2025-06-13,
OWN01720,phone,PH02560,P00056,2025-05-28,
OWN01721,bank_account,A00219,P00705,2025-03-11,
OWN01722,phone,PH01731,P00598,2024-07-08,
OWN01723,bank_account,A01017,P00124,2021-01-07,
OWN01724,bank_account,A02038,P01596,2020-12-31,
OWN01725,phone,PH01049,P01141,2021-05-11,
OWN01726,phone,PH00224,P00105,2019-03-12,
OWN01727,vehicle,V00208,P01584,2018-03-01,
OWN01728,phone,PH02546,P00458,2024-06-04,
OWN01729,vehicle,V00725,P01980,2023-05-28,
OWN01730,bank_account,A01161,P00636,2018-05-04,
OWN01731,phone,PH02650,P00308,2024-02-14,
OWN01732,vehicle,V00314,P01378,2023-04-09,
OWN01733,bank_account,A00280,P00072,2024-03-05,
OWN01734,bank_account,A01494,P00767,2024-03-13,
OWN01735,bank_account,A01055,P01736,2018-01-11,
OWN01736,phone,PH01849,P00941,2021-12-03,
OWN01737,vehicle,V00629,P00614,2021-01-18,
OWN01738,phone,PH00785,P00896,2020-09-08,
OWN01739,vehicle,V00261,P01778,2023-03-14,
OWN01740,bank_account,A00514,P00762,2020-09-02,
OWN01741,phone,PH00217,P00854,2020-09-11,
OWN01742,bank_account,A00384,P01890,2019-08-15,
OWN01743,vehicle,V00378,P01712,2018-12-10,
OWN01744,phone,PH02692,P00168,2021-07-10,
OWN01745,bank_account,A01130,P00373,2018-01-22,
OWN01746,phone,PH02297,P01936,2023-01-30,
OWN01747,bank_account,A00828,P01292,2022-09-23,
OWN01748,bank_account,A01826,P00593,2020-12-26,
OWN01749,vehicle,V00639,P01036,2024-09-30,
OWN01750,bank_account,A01632,P01883,2025-12-20,
OWN01751,bank_account,A00250,P00564,2021-05-04,
OWN01752,bank_account,A01663,P00940,2021-08-12,
OWN01753,vehicle,V00202,P00895,2018-04-04,
OWN01754,vehicle,V00461,P01567,2019-08-27,
OWN01755,bank_account,A01989,P00900,2020-09-01,
OWN01756,phone,PH00610,P00973,2022-01-20,
OWN01757,bank_account,A01800,P00188,2023-06-16,
OWN01758,phone,PH01595,P01750,2019-05-24,
OWN01759,phone,PH02252,P01247,2020-07-07,
OWN01760,bank_account,A00291,P01516,2021-10-25,
OWN01761,vehicle,V00264,P00420,2020-10-31,
OWN01762,vehicle,V00541,P01858,2020-06-22,
OWN01763,bank_account,A00487,P01992,2018-09-13,
OWN01764,vehicle,V00388,P00706,2018-11-22,
OWN01765,vehicle,V00247,P00505,2023-07-12,
OWN01766,vehicle,V00718,P00010,2024-05-21,
OWN01767,vehicle,V00299,P01904,2019-07-08,
OWN01768,phone,PH00302,P01409,2022-12-08,
OWN01769,bank_account,A00288,P01458,2020-06-15,
OWN01770,phone,PH00402,P01667,2021-01-19,
OWN01771,phone,PH02761,P00918,2022-11-09,
OWN01772,vehicle,V00048,P00195,2022-02-04,
OWN01773,phone,PH02607,P01704,2024-05-01,
OWN01774,phone,PH00630,P00070,2023-06-08,
OWN01775,phone,PH00640,P00963,2023-06-23,
OWN01776,phone,PH01166,P00468,2023-03-02,
OWN01777,phone,PH01492,P00281,2018-05-07,
OWN01778,bank_account,A01650,P01534,2018-09-14,
OWN01779,bank_account,A00934,P01202,2025-01-23,
OWN01780,phone,PH00946,P00256,2025-03-24,
OWN01781,bank_account,A01698,P00276,2019-06-24,
OWN01782,bank_account,A00487,P01992,2025-03-28,
OWN01783,bank_account,A00948,P00598,2019-05-11,
OWN01784,bank_account,A01052,P01423,2025-04-04,
OWN01785,phone,PH00226,P00990,2024-12-17,
OWN01786,vehicle,V00525,P00153,2025-03-08,
OWN01787,phone,PH01698,P01001,2025-04-13,
OWN01788,bank_account,A00853,P00689,2018-08-20,
OWN01789,bank_account,A00888,P00688,2019-06-14,
OWN01790,vehicle,V00804,P00094,2018-11-22,
OWN01791,bank_account,A00400,P01907,2018-07-04,
OWN01792,bank_account,A00212,P01736,2023-10-17,
OWN01793,phone,PH00526,P01941,2025-04-07,
OWN01794,vehicle,V00602,P00932,2023-11-19,
OWN01795,phone,PH01705,P01523,2019-11-29,
OWN01796,phone,PH01066,P00922,2020-11-10,
OWN01797,phone,PH01223,P00741,2019-07-23,
OWN01798,bank_account,A00452,P01526,2018-03-01,
OWN01799,vehicle,V00379,P01327,2022-08-10,
OWN01800,bank_account,A00445,P01270,2018-08-09,
OWN01801,bank_account,A02180,P01907,2019-12-28,
OWN01802,phone,PH00179,P00408,2025-08-29,
OWN01803,phone,PH00221,P00865,2024-05-12,
OWN01804,bank_account,A01462,P00643,2019-04-09,
OWN01805,vehicle,V00021,P00327,2019-09-21,
OWN01806,vehicle,V00262,P00326,2024-03-19,
OWN01807,phone,PH02191,P00870,2023-06-06,
OWN01808,vehicle,V00314,P01378,2024-07-15,
OWN01809,phone,PH01231,P01014,2019-10-16,
OWN01810,bank_account,A00030,P00162,2022-03-24,
OWN01811,vehicle,V00368,P01347,2025-08-28,
OWN01812,vehicle,V00758,P01438,2024-08-14,
OWN01813,phone,PH01363,P00597,2024-06-28,
OWN01814,bank_account,A01483,P00004,2023-09-10,
OWN01815,bank_account,A01304,P00814,2022-09-26,
OWN01816,vehicle,V00312,P00893,2020-04-04,
OWN01817,vehicle,V00148,P00705,2021-05-29,
OWN01818,vehicle,V00401,P00388,2021-02-08,
OWN01819,phone,PH01946,P00517,2019-05-27,
OWN01820,bank_account,A00848,P00252,2018-10-11,
OWN01821,bank_account,A01023,P00407,2025-06-13,
OWN01822,vehicle,V00111,P01272,2023-03-18,
OWN01823,phone,PH02685,P00825,2021-09-14,
OWN01824,phone,PH02303,P01664,2022-05-19,
OWN01825,vehicle,V00281,P01476,2022-07-30,
OWN01826,phone,PH01521,P01427,2025-04-27,
OWN01827,vehicle,V00774,P01999,2020-11-09,
OWN01828,phone,PH00270,P00042,2020-07-18,
OWN01829,bank_account,A00019,P01260,2022-06-21,
OWN01830,phone,PH00208,P01612,2019-05-13,
OWN01831,vehicle,V00133,P01034,2019-12-28,
OWN01832,bank_account,A00943,P00018,2019-10-08,
OWN01833,phone,PH02534,P00839,2025-03-03,
OWN01834,vehicle,V00085,P00204,2023-01-18,
OWN01835,bank_account,A00998,P01432,2025-10-10,
OWN01836,phone,PH00037,P01365,2019-02-14,
OWN01837,phone,PH01826,P01753,2023-03-20,
OWN01838,phone,PH01589,P01202,2025-03-19,
OWN01839,vehicle,V00457,P01662,2019-10-06,
OWN01840,bank_account,A01305,P00128,2024-01-26,
OWN01841,bank_account,A00147,P01320,2018-03-14,
OWN01842,bank_account,A02229,P01527,2024-05-07,
OWN01843,bank_account,A00405,P01921,2024-04-20,
OWN01844,vehicle,V00271,P00258,2020-08-06,
OWN01845,phone,PH00371,P00920,2021-12-19,
OWN01846,phone,PH01912,P01851,2019-05-03,
OWN01847,bank_account,A00988,P01685,2025-08-01,
OWN01848,phone,PH02220,P00157,2024-11-17,
OWN01849,bank_account,A01209,P01747,2021-06-05,
OWN01850,vehicle,V00448,P00556,2019-05-01,
OWN01851,bank_account,A02103,P01712,2018-08-14,
OWN01852,bank_account,A01890,P01382,2022-05-08,
OWN01853,bank_account,A00775,P00325,2020-12-10,
OWN01854,bank_account,A01125,P00117,2019-08-19,
OWN01855,vehicle,V00650,P00808,2018-10-16,
OWN01856,vehicle,V00444,P01131,2024-06-24,
OWN01857,vehicle,V00064,P00264,2020-02-02,
OWN01858,vehicle,V00017,P00345,2019-05-31,
OWN01859,bank_account,A00329,P00975,2023-02-18,
OWN01860,phone,PH00088,P01247,2020-12-18,
OWN01861,bank_account,A00496,P00166,2019-04-26,
OWN01862,vehicle,V00067,P00382,2023-02-13,
OWN01863,bank_account,A00319,P00280,2018-07-05,
OWN01864,bank_account,A02111,P01936,2024-06-22,
OWN01865,vehicle,V00805,P00866,2020-04-02,
OWN01866,vehicle,V00325,P01104,2024-10-10,
OWN01867,phone,PH01246,P01272,2023-05-22,
OWN01868,bank_account,A00541,P00968,2021-08-17,
OWN01869,vehicle,V00138,P00369,2019-09-15,
OWN01870,vehicle,V00219,P01902,2018-06-30,
OWN01871,vehicle,V00044,P00550,2021-04-11,
OWN01872,phone,PH00522,P00276,2020-12-16,
OWN01873,bank_account,A00594,P01785,2022-10-18,
OWN01874,vehicle,V00394,P00057,2023-01-15,
OWN01875,phone,PH00059,P01990,2019-09-01,
OWN01876,vehicle,V00164,P01521,2020-06-06,
OWN01877,bank_account,A00421,P01329,2021-02-16,
OWN01878,vehicle,V00302,P00434,2021-11-10,
OWN01879,bank_account,A01367,P00871,2024-12-12,
OWN01880,bank_account,A00291,P01516,2023-12-09,
OWN01881,bank_account,A01304,P00814,2023-11-30,
OWN01882,phone,PH00471,P01828,2019-05-24,
OWN01883,phone,PH02150,P00926,2019-10-03,
OWN01884,bank_account,A00701,P00802,2018-11-01,
OWN01885,phone,PH01682,P00721,2025-09-09,
OWN01886,phone,PH01096,P01598,2022-03-17,
OWN01887,phone,PH00485,P01961,2025-03-15,
OWN01888,vehicle,V00792,P00947,2024-10-08,
OWN01889,vehicle,V00258,P01337,2019-01-09,
OWN01890,bank_account,A00977,P01766,2023-09-21,
OWN01891,bank_account,A02109,P01372,2020-04-26,
OWN01892,phone,PH02510,P00503,2023-10-24,
OWN01893,bank_account,A00867,P01073,2023-05-03,
OWN01894,vehicle,V00827,P01054,2019-10-24,
OWN01895,phone,PH01943,P00388,2023-08-22,
OWN01896,vehicle,V00664,P01535,2024-03-04,
OWN01897,phone,PH02327,P00335,2022-01-18,
OWN01898,phone,PH00044,P01887,2018-12-13,
OWN01899,vehicle,V00657,P00866,2018-08-07,
OWN01900,phone,PH00392,P01147,2025-09-27,
OWN01901,phone,PH02542,P01495,2020-07-04,
OWN01902,bank_account,A02058,P01946,2022-11-15,
OWN01903,bank_account,A00029,P00668,2023-09-04,
OWN01904,vehicle,V00422,P01093,2022-01-09,
OWN01905,bank_account,A02247,P01742,2020-11-09,
OWN01906,bank_account,A01684,P01111,2020-03-17,
OWN01907,bank_account,A00243,P01587,2022-03-28,
OWN01908,bank_account,A01600,P00477,2019-01-03,
OWN01909,bank_account,A01265,P01515,2024-07-07,
OWN01910,bank_account,A00215,P01147,2020-04-20,
OWN01911,phone,PH02651,P01675,2018-11-05,
OWN01912,phone,PH01711,P00593,2024-02-03,
OWN01913,phone,PH00893,P00786,2020-04-29,
OWN01914,bank_account,A00241,P01106,2019-01-16,
OWN01915,vehicle,V00409,P01736,2020-02-10,
OWN01916,phone,PH00395,P01062,2019-12-15,
OWN01917,bank_account,A00855,P01676,2019-11-16,
OWN01918,vehicle,V00199,P01383,2021-06-03,
OWN01919,phone,PH02029,P01575,2022-11-26,
OWN01920,bank_account,A01200,P01508,2020-03-24,
OWN01921,bank_account,A02183,P01900,2022-12-11,
OWN01922,bank_account,A02061,P01455,2024-11-26,
OWN01923,phone,PH01523,P01674,2022-08-12,
OWN01924,vehicle,V00316,P01287,2023-07-13,
OWN01925,vehicle,V00540,P00157,2020-11-22,
OWN01926,phone,PH00495,P00717,2025-04-20,
OWN01927,phone,PH01098,P00229,2024-07-02,
OWN01928,phone,PH02038,P01425,2025-05-04,
OWN01929,bank_account,A01533,P01426,2023-04-11,
OWN01930,phone,PH02793,P01242,2021-07-22,
OWN01931,vehicle,V00780,P00684,2024-08-22,
OWN01932,bank_account,A01898,P01443,2023-06-08,
OWN01933,phone,PH01162,P01055,2021-09-05,
OWN01934,bank_account,A01246,P01014,2024-03-14,
OWN01935,phone,PH00221,P00865,2018-12-24,
OWN01936,bank_account,A01130,P00373,2025-08-31,
OWN01937,bank_account,A00322,P01733,2019-09-13,
OWN01938,phone,PH01999,P00293,2018-06-05,
OWN01939,bank_account,A01099,P01748,2021-12-18,
OWN01940,phone,PH01622,P01150,2019-03-10,
OWN01941,phone,PH01588,P01583,2025-01-09,
OWN01942,phone,PH00277,P00439,2020-11-16,
OWN01943,vehicle,V00473,P00127,2024-08-11,
OWN01944,vehicle,V00090,P00523,2020-12-30,
OWN01945,vehicle,V00296,P00390,2025-05-14,
OWN01946,phone,PH01434,P01312,2020-10-14,
OWN01947,bank_account,A00443,P01605,2019-11-29,
OWN01948,vehicle,V00264,P00420,2024-09-11,
OWN01949,bank_account,A00982,P00417,2023-05-04,
OWN01950,phone,PH00415,P01256,2025-01-26,
OWN01951,vehicle,V00821,P00461,2023-04-16,
OWN01952,bank_account,A01157,P01096,2024-05-18,
OWN01953,vehicle,V00144,P00956,2022-10-26,
OWN01954,bank_account,A01761,P01998,2021-09-28,
OWN01955,bank_account,A00667,P01386,2020-08-17,
OWN01956,bank_account,A00971,P01381,2020-06-18,
OWN01957,bank_account,A02009,P01052,2025-05-18,
OWN01958,phone,PH00334,P01067,2020-08-19,
OWN01959,bank_account,A00703,P00835,2021-10-29,
OWN01960,bank_account,A00407,P00199,2018-06-06,
OWN01961,phone,PH01542,P00339,2023-04-01,
OWN01962,vehicle,V00814,P01071,2020-08-24,
OWN01963,bank_account,A00605,P00455,2022-04-25,
OWN01964,bank_account,A00095,P00243,2021-04-27,
OWN01965,vehicle,V00582,P00445,2018-04-12,
OWN01966,vehicle,V00422,P01093,2020-01-16,
OWN01967,bank_account,A01777,P00329,2020-05-31,
OWN01968,phone,PH00252,P00747,2020-03-11,
OWN01969,vehicle,V00747,P01603,2023-03-29,
OWN01970,vehicle,V00783,P01031,2024-11-20,
OWN01971,bank_account,A01761,P01998,2025-12-07,
OWN01972,bank_account,A02041,P01772,2025-11-25,
OWN01973,vehicle,V00662,P01468,2024-12-20,
OWN01974,phone,PH01295,P01534,2021-10-02,
OWN01975,vehicle,V00047,P00186,2021-06-20,
OWN01976,vehicle,V00810,P01273,2023-08-13,
OWN01977,phone,PH00073,P01103,2024-05-27,
OWN01978,bank_account,A00372,P01728,2019-06-26,
OWN01979,bank_account,A02252,P00748,2018-03-06,
OWN01980,phone,PH00588,P00823,2020-07-19,
OWN01981,phone,PH00284,P00319,2025-04-08,
OWN01982,bank_account,A00343,P00334,2025-12-30,
OWN01983,phone,PH00063,P01422,2023-03-19,
OWN01984,bank_account,A00660,P01393,2024-03-12,
OWN01985,bank_account,A01495,P01207,2023-12-07,
OWN01986,phone,PH00876,P01794,2020-08-28,
OWN01987,phone,PH01639,P01208,2020-11-18,
OWN01988,bank_account,A01173,P01709,2021-10-22,
OWN01989,phone,PH00732,P01570,2022-10-13,
OWN01990,phone,PH02634,P01879,2021-06-16,
OWN01991,phone,PH02724,P00619,2019-12-29,
OWN01992,vehicle,V00340,P01033,2025-02-06,
OWN01993,bank_account,A01367,P00871,2021-08-14,
OWN01994,vehicle,V00715,P01685,2023-04-24,
OWN01995,bank_account,A01960,P00514,2018-07-16,
OWN01996,vehicle,V00726,P00534,2023-09-13,
OWN01997,bank_account,A01784,P01894,2022-05-12,
OWN01998,bank_account,A01522,P01674,2021-10-27,
OWN01999,vehicle,V00813,P00207,2022-11-29,
OWN02000,vehicle,V00346,P01448,2019-05-24,
OWN02001,bank_account,A02230,P00160,2024-07-29,
OWN02002,bank_account,A00650,P01359,2020-09-19,
OWN02003,phone,PH02234,P00082,2024-08-18,
OWN02004,phone,PH00834,P00254,2023-04-29,
OWN02005,bank_account,A01628,P00504,2021-12-16,
OWN02006,bank_account,A00172,P01799,2023-08-16,
OWN02007,bank_account,A00635,P01814,2019-05-29,
OWN02008,vehicle,V00197,P00243,2021-02-01,
OWN02009,vehicle,V00552,P01781,2021-11-12,
OWN02010,bank_account,A01929,P01883,2021-10-20,
OWN02011,phone,PH02538,P01912,2022-05-20,
OWN02012,bank_account,A02062,P01651,2021-10-10,
OWN02013,phone,PH01388,P01009,2021-07-03,
OWN02014,bank_account,A00775,P00325,2024-11-13,
OWN02015,bank_account,A01970,P00864,2020-07-29,
OWN02016,vehicle,V00553,P00334,2023-08-16,
OWN02017,vehicle,V00252,P00741,2022-12-07,
OWN02018,bank_account,A02059,P00936,2020-05-11,
OWN02019,bank_account,A00149,P01106,2021-02-02,
OWN02020,vehicle,V00216,P01478,2022-02-20,
OWN02021,phone,PH02064,P00709,2021-03-02,
OWN02022,bank_account,A00886,P01738,2022-11-01,
OWN02023,phone,PH02733,P01333,2018-08-18,
OWN02024,phone,PH01250,P00474,2024-11-16,
OWN02025,phone,PH01006,P00256,2023-12-07,
OWN02026,vehicle,V00047,P00186,2022-01-11,
OWN02027,bank_account,A00818,P00120,2023-06-24,
OWN02028,vehicle,V00473,P00127,2018-09-03,
OWN02029,vehicle,V00049,P01824,2021-04-23,
OWN02030,phone,PH00993,P01679,2023-07-08,
OWN02031,bank_account,A00206,P00952,2024-08-12,
OWN02032,vehicle,V00277,P01827,2023-01-28,
OWN02033,phone,PH00209,P01542,2024-06-04,
OWN02034,phone,PH02098,P00510,2022-06-17,
OWN02035,bank_account,A00005,P00996,2022-03-12,
OWN02036,phone,PH00782,P01255,2022-08-09,
OWN02037,phone,PH00215,P00461,2020-05-24,
OWN02038,phone,PH01192,P01815,2022-03-12,
OWN02039,bank_account,A01245,P01178,2024-04-13,
OWN02040,phone,PH01729,P00328,2018-12-11,
OWN02041,phone,PH00930,P00319,2021-06-20,
OWN02042,vehicle,V00168,P01838,2022-08-04,
OWN02043,bank_account,A00812,P00615,2024-06-22,
OWN02044,bank_account,A00796,P00207,2019-12-10,
OWN02045,bank_account,A01336,P01223,2022-03-10,
OWN02046,vehicle,V00762,P00680,2021-10-24,
OWN02047,vehicle,V00301,P00308,2021-02-23,
OWN02048,bank_account,A00661,P01252,2020-12-30,
OWN02049,bank_account,A01857,P01310,2025-07-09,
OWN02050,vehicle,V00176,P00502,2019-11-25,
OWN02051,vehicle,V00811,P00841,2021-11-04,
OWN02052,phone,PH00126,P01395,2020-03-20,
OWN02053,phone,PH02335,P00416,2019-11-08,
OWN02054,vehicle,V00338,P01568,2019-10-11,
OWN02055,phone,PH00922,P00999,2023-03-26,
OWN02056,bank_account,A01515,P00031,2018-11-13,
OWN02057,bank_account,A01140,P00523,2021-04-28,
OWN02058,bank_account,A01937,P01271,2022-06-16,
OWN02059,vehicle,V00705,P01310,2018-12-18,
OWN02060,phone,PH02525,P00627,2020-12-24,
OWN02061,phone,PH00998,P01811,2023-10-09,
OWN02062,bank_account,A02139,P00007,2021-02-11,
OWN02063,vehicle,V00217,P00929,2019-09-01,
OWN02064,vehicle,V00403,P00375,2021-01-05,
OWN02065,bank_account,A00295,P00779,2023-03-11,
OWN02066,bank_account,A01009,P01714,2019-06-16,
OWN02067,bank_account,A00005,P00996,2023-02-21,
OWN02068,vehicle,V00443,P01347,2021-11-11,
OWN02069,bank_account,A00740,P00782,2018-11-05,
OWN02070,vehicle,V00175,P01247,2020-08-29,
OWN02071,bank_account,A01761,P01998,2022-09-11,
OWN02072,vehicle,V00458,P00113,2022-07-28,
OWN02073,bank_account,A01055,P01736,2019-10-17,
OWN02074,vehicle,V00469,P00596,2020-10-18,
OWN02075,bank_account,A01448,P00091,2018-01-23,
OWN02076,bank_account,A00201,P01730,2022-04-30,
OWN02077,bank_account,A01758,P01555,2018-07-18,
OWN02078,phone,PH01281,P00633,2023-09-18,
OWN02079,vehicle,V00156,P00828,2021-07-14,
OWN02080,bank_account,A01339,P01330,2024-12-30,
OWN02081,phone,PH02064,P00709,2025-09-05,
OWN02082,bank_account,A01051,P01464,2021-05-12,
OWN02083,bank_account,A00327,P00777,2020-10-07,
OWN02084,bank_account,A01621,P01080,2020-09-23,
OWN02085,vehicle,V00234,P01554,2022-11-21,
OWN02086,phone,PH00086,P01982,2021-01-01,
OWN02087,phone,PH00011,P01330,2021-08-25,
OWN02088,vehicle,V00427,P01290,2025-05-14,
OWN02089,bank_account,A02116,P00071,2022-08-03,
OWN02090,vehicle,V00645,P01095,2025-10-05,
OWN02091,vehicle,V00252,P00741,2022-06-10,
OWN02092,bank_account,A00566,P00696,2019-06-05,
OWN02093,vehicle,V00342,P00050,2021-01-11,
OWN02094,bank_account,A00863,P00264,2019-10-16,
OWN02095,phone,PH00547,P00106,2023-03-19,
OWN02096,bank_account,A01009,P01714,2019-01-11,
OWN02097,bank_account,A01457,P01437,2019-07-08,
OWN02098,phone,PH00037,P01365,2023-08-10,
OWN02099,phone,PH01380,P01957,2025-09-28,
OWN02100,phone,PH01740,P01808,2024-09-18,
OWN02101,vehicle,V00649,P01251,2021-01-05,
OWN02102,phone,PH00855,P00873,2025-11-27,
OWN02103,vehicle,V00828,P00759,2019-12-26,
OWN02104,phone,PH02335,P00416,2020-05-05,
OWN02105,vehicle,V00348,P00947,2024-04-26,
OWN02106,vehicle,V00300,P00162,2025-08-30,
OWN02107,bank_account,A02118,P01183,2018-07-30,
OWN02108,vehicle,V00839,P01781,2020-06-23,
OWN02109,bank_account,A02082,P00913,2020-08-02,
OWN02110,vehicle,V00191,P00502,2020-04-15,
OWN02111,bank_account,A00900,P01658,2023-12-22,
OWN02112,phone,PH01205,P01649,2025-06-28,
OWN02113,phone,PH01359,P00708,2021-09-13,
OWN02114,phone,PH00984,P00007,2020-02-23,
OWN02115,phone,PH00287,P01208,2025-08-31,
OWN02116,vehicle,V00440,P01927,2019-07-19,
OWN02117,vehicle,V00588,P00218,2024-10-31,
OWN02118,vehicle,V00770,P01403,2020-05-15,
OWN02119,phone,PH00610,P00973,2024-09-13,
OWN02120,bank_account,A00110,P01602,2023-09-28,
OWN02121,bank_account,A01130,P00373,2024-10-08,
OWN02122,bank_account,A00806,P00017,2018-01-25,
OWN02123,vehicle,V00693,P01775,2024-05-28,
OWN02124,vehicle,V00218,P00244,2020-05-08,
OWN02125,phone,PH02662,P01658,2018-04-04,
OWN02126,bank_account,A01251,P01466,2021-07-04,
OWN02127,vehicle,V00293,P00204,2022-06-22,
OWN02128,phone,PH01125,P01791,2018-11-27,
OWN02129,phone,PH01241,P01270,2020-09-16,
OWN02130,vehicle,V00378,P01712,2024-11-27,
OWN02131,phone,PH00909,P01707,2023-01-15,
OWN02132,vehicle,V00690,P01881,2018-07-21,
OWN02133,vehicle,V00657,P00866,2021-11-14,
OWN02134,vehicle,V00793,P00053,2021-08-22,
OWN02135,phone,PH01704,P00769,2025-01-07,
OWN02136,vehicle,V00515,P00138,2018-03-22,
OWN02137,bank_account,A00782,P00166,2018-10-17,
OWN02138,phone,PH01052,P01969,2021-09-11,
OWN02139,bank_account,A01465,P01279,2019-09-07,
OWN02140,bank_account,A00014,P01405,2022-02-21,
OWN02141,bank_account,A00631,P01868,2024-04-21,
OWN02142,phone,PH02403,P00844,2024-05-28,
OWN02143,bank_account,A01487,P00276,2020-11-08,
OWN02144,phone,PH00282,P01198,2020-09-03,
OWN02145,vehicle,V00176,P00502,2025-10-18,
OWN02146,bank_account,A00955,P01593,2018-11-04,
OWN02147,vehicle,V00572,P01651,2022-09-07,
OWN02148,bank_account,A01815,P01378,2023-05-12,
OWN02149,vehicle,V00374,P00127,2025-04-20,
OWN02150,vehicle,V00584,P01450,2021-07-13,
OWN02151,bank_account,A01068,P01671,2019-01-01,
OWN02152,phone,PH02270,P01288,2022-10-31,
OWN02153,bank_account,A00532,P00054,2025-04-05,
OWN02154,bank_account,A02241,P01808,2022-09-24,
OWN02155,vehicle,V00344,P01226,2021-04-11,
OWN02156,bank_account,A00061,P01481,2025-09-12,
OWN02157,bank_account,A01285,P00523,2024-07-30,
OWN02158,bank_account,A01608,P00410,2023-02-15,
OWN02159,phone,PH00208,P01612,2019-04-23,
OWN02160,bank_account,A00796,P00207,2020-12-01,
OWN02161,phone,PH02080,P00046,2021-10-31,
OWN02162,vehicle,V00836,P00073,2023-09-01,
OWN02163,vehicle,V00795,P00849,2020-10-18,
OWN02164,vehicle,V00443,P01347,2022-01-06,
OWN02165,phone,PH02655,P01623,2018-11-11,
OWN02166,vehicle,V00647,P01376,2024-11-09,
OWN02167,bank_account,A01101,P01294,2019-01-23,
OWN02168,vehicle,V00103,P00734,2025-03-10,
OWN02169,vehicle,V00817,P01082,2021-12-14,
OWN02170,bank_account,A01562,P01212,2022-09-28,
OWN02171,vehicle,V00083,P01748,2023-02-01,
OWN02172,bank_account,A00032,P01234,2021-12-18,
OWN02173,vehicle,V00729,P00786,2021-01-26,
OWN02174,phone,PH01534,P00857,2025-08-13,
OWN02175,phone,PH00105,P01498,2025-04-15,
OWN02176,phone,PH01347,P01519,2018-04-12,
OWN02177,bank_account,A00904,P01934,2024-06-06,
OWN02178,vehicle,V00539,P01733,2021-06-26,
OWN02179,phone,PH01779,P00470,2022-01-09,
OWN02180,bank_account,A01114,P00296,2020-08-21,
OWN02181,bank_account,A01705,P01854,2020-03-23,
OWN02182,phone,PH00503,P01495,2024-11-23,
OWN02183,phone,PH01503,P01909,2023-08-11,
OWN02184,bank_account,A00687,P01419,2025-06-23,
OWN02185,bank_account,A01980,P00109,2023-11-03,
OWN02186,phone,PH00090,P01918,2023-06-29,
OWN02187,vehicle,V00611,P01409,2022-10-04,
OWN02188,phone,PH00355,P01670,2023-02-07,
OWN02189,phone,PH02487,P00200,2018-07-01,
OWN02190,phone,PH01168,P00620,2020-09-12,
OWN02191,phone,PH01801,P01000,2021-03-31,
OWN02192,phone,PH01195,P01739,2022-07-10,
OWN02193,vehicle,V00278,P00041,2020-03-28,
OWN02194,bank_account,A02213,P00612,2018-11-25,
OWN02195,vehicle,V00601,P01144,2023-10-13,
OWN02196,vehicle,V00101,P00808,2023-06-02,
OWN02197,vehicle,V00494,P00515,2020-04-17,
OWN02198,phone,PH01170,P00370,2018-06-10,
OWN02199,phone,PH00326,P01915,2023-03-20,
OWN02200,vehicle,V00824,P00806,2018-07-13,
OWN02201,phone,PH00074,P00531,2021-07-13,
OWN02202,phone,PH01097,P00487,2022-05-26,
OWN02203,phone,PH00693,P00210,2019-11-24,
OWN02204,vehicle,V00525,P00153,2021-08-09,
OWN02205,phone,PH01086,P00355,2025-12-20,
OWN02206,phone,PH01499,P00633,2024-08-07,
OWN02207,phone,PH00415,P01256,2019-10-14,
OWN02208,bank_account,A01726,P00179,2022-01-31,
OWN02209,bank_account,A01279,P00106,2018-10-22,
OWN02210,bank_account,A01803,P00871,2025-04-18,
OWN02211,phone,PH01040,P00089,2020-07-31,
OWN02212,bank_account,A01443,P00802,2024-05-03,
OWN02213,bank_account,A00033,P01282,2024-09-08,
OWN02214,vehicle,V00069,P00487,2020-01-29,
OWN02215,bank_account,A01025,P01635,2020-11-02,
OWN02216,vehicle,V00534,P01039,2020-05-23,
OWN02217,vehicle,V00568,P00118,2021-03-22,
OWN02218,phone,PH01762,P00307,2024-12-01,
OWN02219,phone,PH01144,P01105,2025-03-21,
OWN02220,bank_account,A01124,P00452,2024-08-14,
OWN02221,phone,PH02258,P00280,2022-05-03,
OWN02222,bank_account,A00892,P00492,2024-03-12,
OWN02223,phone,PH00170,P01782,2023-07-18,
OWN02224,bank_account,A01029,P00041,2020-06-05,
OWN02225,bank_account,A02237,P01109,2018-07-30,
OWN02226,bank_account,A02140,P00478,2023-12-07,
OWN02227,bank_account,A01305,P00128,2025-02-08,
OWN02228,bank_account,A00462,P00176,2025-03-09,
OWN02229,phone,PH00875,P00188,2024-05-13,
OWN02230,bank_account,A02092,P00274,2023-10-10,
OWN02231,bank_account,A01605,P00178,2021-11-14,
OWN02232,phone,PH02431,P01447,2021-12-06,
OWN02233,bank_account,A01580,P00195,2018-03-25,
OWN02234,phone,PH02157,P01539,2021-07-22,
OWN02235,bank_account,A00002,P01600,2023-07-30,
OWN02236,vehicle,V00537,P00609,2018-04-13,
OWN02237,vehicle,V00587,P00682,2022-12-14,
OWN02238,phone,PH00896,P01093,2019-10-10,
OWN02239,phone,PH02795,P01056,2025-03-22,
OWN02240,vehicle,V00201,P00860,2018-11-15,
OWN02241,phone,PH02739,P00250,2024-06-21,
OWN02242,vehicle,V00662,P01468,2018-11-17,
OWN02243,bank_account,A01918,P00522,2021-09-22,
OWN02244,vehicle,V00612,P01051,2022-07-08,
OWN02245,phone,PH02746,P00030,2021-06-17,
OWN02246,vehicle,V00681,P01570,2019-01-09,
OWN02247,phone,PH02362,P00491,2018-02-28,
OWN02248,bank_account,A01477,P00901,2025-04-12,
OWN02249,bank_account,A00230,P01684,2022-06-05,
OWN02250,vehicle,V00264,P00420,2019-04-22,
OWN02251,vehicle,V00044,P00550,2019-01-08,
OWN02252,phone,PH02069,P01267,2019-06-21,
OWN02253,vehicle,V00197,P00243,2018-09-27,
OWN02254,vehicle,V00300,P00162,2019-04-09,
OWN02255,phone,PH00537,P00272,2021-01-15,
OWN02256,bank_account,A02178,P01808,2021-12-21,
OWN02257,phone,PH01661,P00255,2020-10-01,
OWN02258,vehicle,V00807,P01842,2018-06-13,
OWN02259,phone,PH02753,P00205,2025-12-04,
OWN02260,vehicle,V00274,P01034,2024-02-26,
OWN02261,vehicle,V00154,P00143,2018-06-24,
OWN02262,bank_account,A02162,P01328,2019-01-21,
OWN02263,vehicle,V00529,P00324,2018-12-30,
OWN02264,bank_account,A01525,P00013,2020-07-07,
OWN02265,bank_account,A00202,P00307,2023-07-15,
OWN02266,vehicle,V00703,P00953,2018-02-05,
OWN02267,phone,PH02534,P00839,2022-05-29,
OWN02268,vehicle,V00095,P01430,2021-09-02,
OWN02269,bank_account,A01530,P01691,2018-02-17,
OWN02270,vehicle,V00142,P00874,2024-07-19,
OWN02271,bank_account,A01002,P01971,2020-10-29,
OWN02272,vehicle,V00128,P01416,2018-03-11,
OWN02273,vehicle,V00229,P00744,2021-10-19,
OWN02274,phone,PH00219,P00228,2022-06-30,
OWN02275,bank_account,A00522,P00798,2019-07-19,
OWN02276,vehicle,V00458,P00113,2020-04-04,
OWN02277,vehicle,V00321,P01298,2023-06-15,
OWN02278,vehicle,V00655,P01456,2020-02-26,
OWN02279,bank_account,A00162,P00861,2021-08-31,
OWN02280,phone,PH02684,P00625,2024-10-12,
OWN02281,vehicle,V00303,P00334,2024-04-27,
OWN02282,vehicle,V00526,P01898,2018-05-05,
OWN02283,phone,PH00976,P00087,2020-06-22,
OWN02284,phone,PH02002,P00542,2018-03-12,
OWN02285,phone,PH01684,P01852,2025-11-26,
OWN02286,bank_account,A01795,P00135,2024-02-18,
OWN02287,phone,PH02690,P01879,2021-08-26,
OWN02288,phone,PH00444,P01709,2022-04-12,
OWN02289,bank_account,A00038,P01686,2025-01-22,
OWN02290,phone,PH02145,P00878,2025-04-02,
OWN02291,phone,PH01192,P01815,2020-09-07,
OWN02292,bank_account,A00053,P00722,2025-06-04,
OWN02293,bank_account,A02024,P00445,2018-02-10,
OWN02294,vehicle,V00645,P01095,2022-06-23,
OWN02295,phone,PH01197,P01862,2024-05-09,
OWN02296,bank_account,A00334,P00886,2020-07-08,
OWN02297,bank_account,A01200,P01508,2020-05-27,
OWN02298,phone,PH00299,P00013,2019-01-02,
OWN02299,vehicle,V00770,P01403,2024-01-04,
OWN02300,vehicle,V00579,P00798,2024-07-14,
OWN02301,vehicle,V00257,P00920,2023-04-27,
OWN02302,bank_account,A01150,P00866,2023-07-24,
OWN02303,bank_account,A01921,P01609,2023-09-15,
OWN02304,phone,PH02456,P01616,2021-07-16,
OWN02305,bank_account,A01243,P01837,2022-11-24,
OWN02306,vehicle,V00331,P00226,2020-03-17,
OWN02307,vehicle,V00634,P01425,2018-06-16,
OWN02308,phone,PH00087,P01783,2023-07-15,
OWN02309,bank_account,A02076,P00195,2018-03-15,
OWN02310,vehicle,V00249,P01474,2021-02-16,
OWN02311,phone,PH00378,P00415,2020-10-23,
OWN02312,bank_account,A00896,P00633,2020-05-10,
OWN02313,bank_account,A01164,P00152,2019-03-11,
OWN02314,bank_account,A00270,P00303,2020-08-06,
OWN02315,bank_account,A02033,P01422,2022-06-20,
OWN02316,phone,PH02408,P01509,2018-03-21,
OWN02317,bank_account,A00013,P01135,2022-12-13,
OWN02318,phone,PH01896,P01760,2018-12-21,
OWN02319,vehicle,V00035,P01837,2019-01-28,
OWN02320,bank_account,A00103,P00522,2019-07-05,
OWN02321,bank_account,A02110,P00534,2018-04-28,
OWN02322,bank_account,A00470,P01898,2019-11-26,
OWN02323,phone,PH00547,P00106,2022-01-22,
OWN02324,bank_account,A00062,P00814,2023-03-06,
OWN02325,phone,PH00358,P01690,2025-07-30,
OWN02326,bank_account,A00447,P00255,2025-04-03,
OWN02327,vehicle,V00524,P01710,2022-09-18,
OWN02328,phone,PH01898,P01775,2022-02-26,
OWN02329,phone,PH01429,P01381,2025-03-14,
OWN02330,vehicle,V00716,P00089,2022-03-25,
OWN02331,phone,PH02560,P00056,2025-06-23,
OWN02332,vehicle,V00620,P00883,2024-10-17,
OWN02333,bank_account,A01391,P00312,2025-12-13,
OWN02334,vehicle,V00417,P01114,2022-09-04,
OWN02335,phone,PH00327,P01309,2024-03-10,
OWN02336,bank_account,A00004,P00713,2021-07-04,
OWN02337,bank_account,A00214,P00938,2022-07-23,
OWN02338,bank_account,A01224,P01642,2025-07-14,
OWN02339,phone,PH00814,P00833,2022-08-18,
OWN02340,vehicle,V00327,P01210,2019-10-09,
OWN02341,bank_account,A01487,P00276,2025-02-24,
OWN02342,bank_account,A01551,P01475,2021-03-17,
OWN02343,phone,PH00801,P01366,2023-10-12,
OWN02344,vehicle,V00313,P01022,2021-04-18,
OWN02345,vehicle,V00769,P00656,2025-03-01,
OWN02346,bank_account,A01460,P01752,2024-10-28,
OWN02347,phone,PH02213,P00179,2019-09-26,
OWN02348,vehicle,V00510,P01411,2023-01-19,
OWN02349,phone,PH02324,P00776,2020-10-31,
OWN02350,vehicle,V00295,P01374,2018-04-24,
OWN02351,vehicle,V00459,P01054,2022-12-15,
OWN02352,phone,PH01876,P01611,2021-04-12,
OWN02353,phone,PH00605,P00422,2022-10-04,
OWN02354,bank_account,A01531,P01373,2021-02-16,
OWN02355,bank_account,A00577,P00204,2023-01-05,
OWN02356,bank_account,A02094,P01183,2018-03-04,
OWN02357,phone,PH00521,P00857,2025-07-24,
OWN02358,vehicle,V00826,P00562,2021-05-09,
OWN02359,phone,PH01186,P00116,2018-08-23,
OWN02360,phone,PH00524,P01939,2025-01-15,
OWN02361,vehicle,V00573,P00646,2018-01-25,
OWN02362,vehicle,V00683,P00193,2022-04-28,
OWN02363,vehicle,V00581,P01181,2021-01-21,
OWN02364,bank_account,A00466,P00702,2018-12-22,
OWN02365,phone,PH01483,P00135,2021-02-06,
OWN02366,bank_account,A01616,P00283,2024-11-10,
OWN02367,vehicle,V00763,P00249,2024-10-22,
OWN02368,phone,PH02126,P01585,2022-01-25,
OWN02369,bank_account,A01060,P00181,2018-08-30,
OWN02370,bank_account,A01484,P01216,2021-04-23,
OWN02371,vehicle,V00803,P00439,2023-10-23,
OWN02372,bank_account,A02107,P01035,2021-06-13,
OWN02373,bank_account,A00882,P01275,2019-06-26,
OWN02374,bank_account,A00439,P01724,2021-04-18,
OWN02375,phone,PH00874,P00099,2022-12-24,
OWN02376,phone,PH01723,P01912,2021-01-04,
OWN02377,bank_account,A02010,P00412,2024-08-15,
OWN02378,phone,PH01035,P00980,2025-05-05,
OWN02379,vehicle,V00264,P00420,2023-10-16,
OWN02380,phone,PH02083,P00566,2018-06-16,
OWN02381,vehicle,V00456,P00079,2025-01-10,
OWN02382,vehicle,V00268,P01303,2019-07-16,
OWN02383,phone,PH01205,P01649,2023-01-31,
OWN02384,vehicle,V00836,P00073,2025-03-24,
OWN02385,phone,PH01259,P00594,2023-09-22,
OWN02386,vehicle,V00620,P00883,2020-03-15,
OWN02387,bank_account,A01909,P01582,2023-09-14,
OWN02388,vehicle,V00289,P01080,2020-08-15,
OWN02389,bank_account,A00403,P01782,2020-12-09,
OWN02390,phone,PH01987,P01624,2023-04-03,
OWN02391,bank_account,A01350,P00669,2025-11-28,
OWN02392,bank_account,A01328,P00951,2019-09-01,
OWN02393,phone,PH01786,P00007,2025-06-18,
OWN02394,vehicle,V00133,P01034,2020-12-21,
OWN02395,phone,PH02278,P01514,2022-01-01,
OWN02396,bank_account,A00380,P00670,2021-08-25,
OWN02397,bank_account,A01186,P00456,2020-03-13,
OWN02398,vehicle,V00170,P00410,2023-07-12,
OWN02399,bank_account,A01056,P00794,2023-02-02,
OWN02400,bank_account,A01980,P00109,2022-11-19,
OWN02401,vehicle,V00243,P01265,2020-10-26,
OWN02402,vehicle,V00530,P01616,2020-06-07,
OWN02403,vehicle,V00066,P01085,2018-11-12,
OWN02404,phone,PH02171,P01820,2020-03-18,
OWN02405,vehicle,V00091,P00904,2024-01-15,
OWN02406,phone,PH00023,P00227,2025-07-20,
OWN02407,bank_account,A00546,P00550,2023-02-19,
OWN02408,bank_account,A00116,P00182,2019-12-31,
OWN02409,phone,PH00837,P00399,2024-05-03,
OWN02410,bank_account,A01955,P00477,2019-02-21,
OWN02411,phone,PH02496,P01245,2021-02-07,
OWN02412,vehicle,V00161,P01555,2020-12-15,
OWN02413,phone,PH01440,P00652,2022-03-27,
OWN02414,vehicle,V00650,P00808,2019-03-17,
OWN02415,phone,PH01070,P01850,2022-11-01,
OWN02416,vehicle,V00265,P01066,2025-01-26,
OWN02417,phone,PH00258,P00876,2018-05-27,
OWN02418,vehicle,V00679,P01519,2024-10-16,
OWN02419,vehicle,V00286,P01865,2021-04-27,
OWN02420,vehicle,V00440,P01927,2019-12-29,
OWN02421,vehicle,V00406,P01840,2018-04-19,
OWN02422,vehicle,V00400,P01167,2024-07-20,
OWN02423,phone,PH01775,P00722,2023-12-22,
OWN02424,bank_account,A01200,P01508,2019-02-20,
OWN02425,phone,PH00546,P00082,2019-04-19,
OWN02426,bank_account,A00752,P01238,2023-07-15,
OWN02427,vehicle,V00805,P00866,2022-07-31,
OWN02428,bank_account,A01511,P01258,2019-01-24,
OWN02429,bank_account,A00947,P01355,2022-09-24,
OWN02430,vehicle,V00127,P01392,2021-03-15,
OWN02431,bank_account,A01174,P00781,2022-10-17,
OWN02432,vehicle,V00590,P01945,2022-09-10,
OWN02433,bank_account,A01259,P01976,2022-01-31,
OWN02434,bank_account,A01051,P01464,2018-03-30,
OWN02435,phone,PH02286,P01096,2018-07-09,
OWN02436,vehicle,V00419,P00824,2022-06-06,
OWN02437,phone,PH00940,P01416,2018-03-02,
OWN02438,bank_account,A00282,P01155,2025-08-22,
OWN02439,phone,PH00957,P00132,2020-10-11,
OWN02440,vehicle,V00695,P00335,2018-09-22,
OWN02441,vehicle,V00614,P01242,2025-05-23,
OWN02442,bank_account,A01038,P00814,2024-03-14,
OWN02443,bank_account,A00685,P00983,2019-08-14,
OWN02444,vehicle,V00121,P01109,2019-01-12,
OWN02445,bank_account,A01743,P01220,2021-11-29,
OWN02446,vehicle,V00804,P00094,2020-03-18,
OWN02447,vehicle,V00830,P01147,2021-12-22,
OWN02448,phone,PH00289,P00653,2019-11-23,
OWN02449,bank_account,A00879,P00752,2020-04-11,
OWN02450,bank_account,A00385,P00532,2018-11-17,
OWN02451,vehicle,V00813,P00207,2025-03-24,
OWN02452,phone,PH00600,P01775,2024-12-06,
OWN02453,vehicle,V00138,P00369,2022-10-23,
OWN02454,bank_account,A01023,P00407,2020-10-30,
OWN02455,bank_account,A01435,P01379,2022-11-08,
OWN02456,vehicle,V00249,P01474,2019-04-26,
OWN02457,bank_account,A02076,P00195,2024-05-31,
OWN02458,vehicle,V00563,P00211,2025-03-12,
OWN02459,vehicle,V00067,P00382,2022-01-08,
OWN02460,bank_account,A02043,P00791,2020-08-31,
OWN02461,phone,PH00754,P01379,2024-11-19,
OWN02462,vehicle,V00518,P01438,2019-08-25,
OWN02463,bank_account,A00473,P00873,2019-03-16,
OWN02464,phone,PH01638,P01340,2023-09-15,
OWN02465,phone,PH02774,P01237,2020-11-14,
OWN02466,vehicle,V00621,P01933,2022-05-25,
OWN02467,bank_account,A00767,P01249,2025-12-12,
OWN02468,bank_account,A00864,P00772,2021-11-09,
OWN02469,bank_account,A01911,P00062,2025-04-28,
OWN02470,vehicle,V00186,P01267,2024-02-24,
OWN02471,phone,PH00789,P01115,2025-05-08,
OWN02472,vehicle,V00387,P00317,2021-01-15,
OWN02473,vehicle,V00084,P00123,2024-03-29,
OWN02474,vehicle,V00799,P01308,2019-01-17,
OWN02475,bank_account,A00582,P01612,2022-03-20,
OWN02476,bank_account,A01352,P00831,2024-08-21,
OWN02477,bank_account,A01151,P01218,2018-10-22,
OWN02478,phone,PH01727,P01665,2022-02-14,
OWN02479,vehicle,V00527,P01022,2021-01-06,
OWN02480,bank_account,A02175,P00100,2024-06-27,
OWN02481,phone,PH01125,P01791,2021-03-27,
OWN02482,phone,PH01343,P00179,2023-11-24,
OWN02483,bank_account,A00210,P00344,2020-06-27,
OWN02484,phone,PH02391,P00189,2024-07-09,
OWN02485,phone,PH00281,P01516,2018-12-14,
OWN02486,vehicle,V00517,P01439,2025-09-09,
OWN02487,bank_account,A00006,P00095,2019-07-21,
OWN02488,bank_account,A00479,P01325,2019-07-01,
OWN02489,vehicle,V00600,P01320,2021-01-03,
OWN02490,vehicle,V00175,P01247,2021-01-22,
OWN02491,phone,PH01116,P00643,2023-05-04,
OWN02492,phone,PH01231,P01014,2020-07-04,
OWN02493,phone,PH01739,P00906,2023-09-11,
OWN02494,phone,PH00094,P01694,2020-04-27,
OWN02495,vehicle,V00093,P00568,2024-02-14,
OWN02496,vehicle,V00551,P00996,2022-10-21,
OWN02497,phone,PH02081,P00646,2018-05-19,
OWN02498,vehicle,V00598,P01090,2020-07-29,
OWN02499,bank_account,A01868,P00504,2022-12-31,
OWN02500,vehicle,V00206,P01065,2020-07-12,
OWN02501,phone,PH00969,P00697,2018-06-17,
OWN02502,vehicle,V00403,P00375,2021-08-05,
OWN02503,vehicle,V00042,P01504,2020-05-10,
OWN02504,vehicle,V00796,P00143,2025-05-23,
OWN02505,phone,PH00947,P01106,2021-07-26,
OWN02506,bank_account,A00552,P00812,2019-11-10,
OWN02507,bank_account,A00662,P00936,2024-07-05,
OWN02508,phone,PH00151,P00199,2025-04-23,
OWN02509,vehicle,V00012,P01264,2019-07-22,
OWN02510,vehicle,V00812,P01980,2022-07-23,
OWN02511,phone,PH00617,P01706,2022-10-01,
OWN02512,bank_account,A01074,P01331,2021-08-23,
OWN02513,bank_account,A02250,P01834,2019-08-28,
OWN02514,phone,PH01371,P01010,2019-12-20,
OWN02515,vehicle,V00846,P01777,2022-07-15,
OWN02516,bank_account,A01270,P00989,2025-02-08,
OWN02517,phone,PH02411,P00109,2022-06-21,
OWN02518,vehicle,V00433,P01592,2022-04-18,
OWN02519,phone,PH02477,P01936,2022-07-20,
OWN02520,vehicle,V00284,P00694,2023-11-25,
OWN02521,bank_account,A01750,P00759,2024-08-25,
OWN02522,vehicle,V00680,P01379,2021-09-04,
OWN02523,vehicle,V00321,P01298,2022-11-02,
OWN02524,phone,PH01491,P00301,2019-05-15,
OWN02525,phone,PH02140,P00189,2021-02-05,
OWN02526,vehicle,V00732,P01964,2018-11-06,
OWN02527,phone,PH00501,P01775,2023-07-04,
OWN02528,phone,PH00657,P00558,2023-09-03,
OWN02529,vehicle,V00006,P01057,2019-01-01,
OWN02530,phone,PH02338,P01329,2019-03-06,
OWN02531,bank_account,A00923,P00993,2024-05-27,
OWN02532,vehicle,V00456,P00079,2020-01-10,
OWN02533,vehicle,V00673,P00608,2024-02-01,
OWN02534,bank_account,A00864,P00772,2023-01-29,
OWN02535,phone,PH00765,P01341,2021-02-26,
OWN02536,bank_account,A00160,P00964,2018-08-19,
OWN02537,bank_account,A00710,P00684,2019-05-05,
OWN02538,vehicle,V00676,P01237,2018-10-22,
OWN02539,bank_account,A01757,P01117,2025-08-14,
OWN02540,bank_account,A01932,P00769,2025-02-19,
OWN02541,bank_account,A00055,P01465,2019-11-30,
OWN02542,phone,PH00051,P00789,2020-10-11,
OWN02543,phone,PH02025,P01149,2019-01-02,
OWN02544,bank_account,A00143,P01754,2023-01-13,
OWN02545,bank_account,A00604,P00117,2018-03-06,
OWN02546,vehicle,V00254,P00253,2023-08-04,
OWN02547,phone,PH01874,P00616,2025-07-22,
OWN02548,bank_account,A02021,P01796,2020-11-09,
OWN02549,phone,PH00315,P00366,2019-04-28,
OWN02550,bank_account,A01130,P00373,2025-01-25,
OWN02551,vehicle,V00754,P00784,2023-01-21,
OWN02552,vehicle,V00252,P00741,2019-11-18,
OWN02553,phone,PH01496,P01533,2024-05-16,
OWN02554,bank_account,A00582,P01612,2018-09-08,
OWN02555,vehicle,V00445,P00863,2020-03-10,
OWN02556,bank_account,A01040,P00430,2024-03-26,
OWN02557,vehicle,V00347,P01487,2024-04-07,
OWN02558,phone,PH02614,P01442,2021-12-19,
OWN02559,bank_account,A01054,P01496,2019-08-04,
OWN02560,phone,PH01955,P01476,2022-05-25,
OWN02561,vehicle,V00532,P01781,2024-03-04,
OWN02562,phone,PH00113,P00737,2018-06-04,
OWN02563,vehicle,V00483,P01442,2021-01-09,
OWN02564,phone,PH01373,P01590,2022-03-22,
OWN02565,vehicle,V00701,P01717,2022-05-11,
OWN02566,phone,PH01557,P01340,2025-12-15,
OWN02567,vehicle,V00620,P00883,2023-10-15,
OWN02568,phone,PH02275,P00728,2024-02-01,
OWN02569,bank_account,A01627,P00895,2024-12-19,
OWN02570,vehicle,V00770,P01403,2024-08-18,
OWN02571,bank_account,A00320,P00776,2018-01-26,
OWN02572,vehicle,V00671,P00793,2019-12-13,
OWN02573,phone,PH00072,P01183,2025-11-03,
OWN02574,vehicle,V00824,P00806,2023-10-14,
OWN02575,phone,PH00397,P00593,2022-10-03,
OWN02576,phone,PH01617,P00154,2023-11-13,
OWN02577,vehicle,V00253,P01729,2024-02-25,
OWN02578,vehicle,V00783,P01031,2019-12-09,
OWN02579,bank_account,A00661,P01252,2018-12-25,
OWN02580,bank_account,A00443,P01605,2018-03-29,
OWN02581,bank_account,A01673,P01888,2024-06-16,
OWN02582,vehicle,V00140,P01805,2023-04-03,
OWN02583,vehicle,V00683,P00193,2024-11-09,
OWN02584,phone,PH00715,P01652,2018-09-03,
OWN02585,vehicle,V00477,P00192,2020-06-25,
OWN02586,bank_account,A00934,P01202,2024-03-04,
OWN02587,vehicle,V00261,P01778,2022-11-18,
OWN02588,vehicle,V00119,P00522,2018-01-14,
OWN02589,bank_account,A02031,P01925,2024-04-26,
OWN02590,vehicle,V00529,P00324,2021-12-28,
OWN02591,bank_account,A01997,P00677,2023-08-30,
OWN02592,bank_account,A01782,P01406,2023-07-31,
OWN02593,bank_account,A02155,P00359,2022-02-04,
OWN02594,bank_account,A01622,P00315,2024-11-17,
OWN02595,phone,PH02295,P00393,2021-10-20,
OWN02596,phone,PH02501,P00397,2023-01-06,
OWN02597,bank_account,A00838,P00827,2021-02-13,
OWN02598,vehicle,V00718,P00010,2019-05-17,
OWN02599,vehicle,V00435,P00790,2025-08-13,
OWN02600,phone,PH02466,P00247,2019-10-18,
OWN02601,phone,PH01903,P01397,2025-11-02,
OWN02602,bank_account,A01921,P01609,2018-04-22,
OWN02603,vehicle,V00458,P00113,2019-02-09,
OWN02604,phone,PH02706,P00547,2018-04-19,
OWN02605,bank_account,A01760,P01445,2021-08-30,
OWN02606,bank_account,A01204,P00662,2018-11-30,
OWN02607,vehicle,V00191,P00502,2018-04-25,
OWN02608,phone,PH00460,P01608,2021-01-03,
OWN02609,bank_account,A00508,P01112,2020-10-19,
OWN02610,vehicle,V00201,P00860,2018-11-24,
OWN02611,vehicle,V00837,P00922,2019-08-09,
OWN02612,phone,PH01457,P01757,2023-02-28,
OWN02613,vehicle,V00118,P01856,2021-04-14,
OWN02614,phone,PH01487,P00015,2018-03-24,
OWN02615,vehicle,V00699,P00276,2018-03-25,
OWN02616,phone,PH01361,P00670,2018-10-15,
OWN02617,bank_account,A00833,P01321,2022-05-05,
OWN02618,bank_account,A01642,P01761,2018-05-10,
OWN02619,vehicle,V00686,P00499,2024-06-25,
OWN02620,phone,PH00078,P01454,2022-10-05,
OWN02621,phone,PH02333,P01614,2024-06-01,
OWN02622,bank_account,A00559,P00989,2019-05-26,
OWN02623,bank_account,A00582,P01612,2022-08-24,
OWN02624,phone,PH00595,P00770,2025-01-03,
OWN02625,bank_account,A00063,P00684,2018-02-04,
OWN02626,vehicle,V00323,P01765,2020-12-25,
OWN02627,vehicle,V00308,P00737,2019-06-04,
OWN02628,vehicle,V00327,P01210,2024-07-17,
OWN02629,bank_account,A00282,P01155,2023-01-29,
OWN02630,vehicle,V00164,P01521,2025-05-26,
OWN02631,phone,PH02311,P00252,2021-05-23,
OWN02632,phone,PH00597,P01166,2020-06-22,
OWN02633,phone,PH02718,P01414,2024-08-11,
OWN02634,phone,PH02645,P01475,2024-02-13,
OWN02635,phone,PH01792,P01854,2018-11-11,
OWN02636,vehicle,V00449,P01898,2020-01-07,
OWN02637,phone,PH01626,P00434,2024-07-10,
OWN02638,vehicle,V00045,P01163,2021-02-14,
OWN02639,phone,PH02136,P01675,2024-07-12,
OWN02640,bank_account,A01149,P00700,2020-03-01,
OWN02641,vehicle,V00171,P01503,2020-07-04,
OWN02642,bank_account,A00070,P00966,2023-06-10,
OWN02643,vehicle,V00300,P00162,2024-02-14,
OWN02644,phone,PH00900,P00261,2019-05-16,
OWN02645,phone,PH01842,P00741,2018-10-11,
OWN02646,vehicle,V00248,P01126,2021-02-16,
OWN02647,vehicle,V00610,P00220,2020-11-19,
OWN02648,phone,PH02489,P01861,2023-12-04,
OWN02649,vehicle,V00749,P01476,2020-11-13,
OWN02650,bank_account,A01496,P01225,2023-02-20,
OWN02651,phone,PH02241,P00381,2023-04-27,
OWN02652,phone,PH01320,P01083,2023-12-02,
OWN02653,bank_account,A00424,P00629,2024-08-20,
OWN02654,vehicle,V00319,P00776,2022-01-06,
OWN02655,phone,PH01563,P00073,2025-08-04,
OWN02656,vehicle,V00196,P00047,2018-10-02,
OWN02657,bank_account,A00972,P00164,2019-09-02,
OWN02658,vehicle,V00388,P00706,2020-11-20,
OWN02659,phone,PH02744,P00069,2018-01-05,
OWN02660,phone,PH01306,P00735,2025-04-01,
OWN02661,vehicle,V00416,P01139,2018-09-30,
OWN02662,phone,PH02109,P01894,2018-02-03,
OWN02663,vehicle,V00645,P01095,2020-08-07,
OWN02664,phone,PH02357,P01528,2024-01-03,
OWN02665,phone,PH00844,P00072,2025-06-12,
OWN02666,phone,PH00643,P00347,2021-02-21,
OWN02667,bank_account,A01371,P00974,2021-08-09,
OWN02668,bank_account,A00128,P00900,2018-06-02,
OWN02669,phone,PH00242,P01463,2018-12-17,
OWN02670,vehicle,V00699,P00276,2020-11-25,
OWN02671,vehicle,V00496,P01957,2022-10-01,
OWN02672,phone,PH01754,P01891,2020-05-03,
OWN02673,phone,PH01891,P01654,2020-03-19,
OWN02674,bank_account,A00578,P00426,2023-09-22,
OWN02675,vehicle,V00137,P00542,2019-11-04,
OWN02676,phone,PH02331,P00860,2023-08-05,
OWN02677,bank_account,A01680,P01094,2025-11-09,
OWN02678,bank_account,A00399,P01270,2022-09-30,
OWN02679,bank_account,A02062,P01651,2023-03-26,
OWN02680,phone,PH02068,P01595,2025-02-11,
OWN02681,bank_account,A01615,P00238,2019-09-06,
OWN02682,vehicle,V00786,P00851,2023-02-07,
OWN02683,phone,PH00584,P00286,2024-11-11,
OWN02684,vehicle,V00449,P01898,2018-01-18,
OWN02685,vehicle,V00749,P01476,2019-08-21,
OWN02686,phone,PH02624,P01982,2019-03-28,
OWN02687,vehicle,V00825,P01045,2018-04-10,
OWN02688,phone,PH02613,P00487,2018-08-16,
OWN02689,vehicle,V00057,P01685,2023-04-12,
OWN02690,bank_account,A00397,P00257,2024-02-10,
OWN02691,vehicle,V00814,P01071,2023-01-01,
OWN02692,bank_account,A00626,P00400,2018-10-15,
OWN02693,vehicle,V00095,P01430,2025-04-23,
OWN02694,vehicle,V00106,P00427,2018-03-13,
OWN02695,bank_account,A00325,P01233,2023-02-14,
OWN02696,phone,PH01306,P00735,2020-06-02,
OWN02697,phone,PH00674,P00550,2025-07-26,
OWN02698,phone,PH01114,P01698,2024-09-17,
OWN02699,bank_account,A00250,P00564,2021-07-12,
OWN02700,vehicle,V00178,P01118,2018-02-03,
OWN02701,vehicle,V00705,P01310,2022-09-25,
OWN02702,bank_account,A01746,P00820,2019-08-29,
OWN02703,phone,PH02736,P01754,2019-06-15,
OWN02704,phone,PH02776,P01614,2018-07-13,
OWN02705,bank_account,A00765,P01359,2021-09-12,
OWN02706,bank_account,A00893,P00776,2022-12-27,
OWN02707,vehicle,V00058,P01637,2018-04-03,
OWN02708,vehicle,V00195,P00941,2020-04-15,
OWN02709,bank_account,A01364,P00199,2019-08-19,
OWN02710,bank_account,A00467,P00107,2018-01-29,
OWN02711,phone,PH00998,P01811,2025-08-01,
OWN02712,vehicle,V00090,P00523,2018-09-22,
OWN02713,bank_account,A01439,P00766,2025-08-09,
OWN02714,phone,PH01650,P00380,2020-08-21,
OWN02715,vehicle,V00844,P01449,2021-01-07,
OWN02716,vehicle,V00761,P00491,2023-09-29,
OWN02717,vehicle,V00097,P00327,2019-08-27,
OWN02718,bank_account,A01706,P00533,2018-08-13,
OWN02719,phone,PH00220,P00021,2022-02-01,
OWN02720,vehicle,V00781,P00092,2024-07-23,
OWN02721,bank_account,A01077,P00550,2021-11-12,
OWN02722,phone,PH01193,P00806,2018-04-11,
OWN02723,bank_account,A00984,P00941,2021-08-26,
OWN02724,phone,PH02772,P00089,2022-06-20,
OWN02725,vehicle,V00037,P01287,2021-05-31,
OWN02726,phone,PH01131,P00798,2024-03-23,
OWN02727,bank_account,A02184,P00156,2023-06-23,
OWN02728,bank_account,A01298,P01118,2025-08-07,
OWN02729,vehicle,V00446,P01600,2024-07-16,
OWN02730,phone,PH00207,P01113,2022-05-14,
OWN02731,phone,PH00281,P01516,2022-04-18,
OWN02732,vehicle,V00411,P01213,2025-01-31,
OWN02733,vehicle,V00008,P00679,2019-09-27,
OWN02734,phone,PH00097,P01657,2024-05-20,
OWN02735,vehicle,V00500,P01914,2024-05-11,
OWN02736,phone,PH01664,P00895,2024-10-18,
OWN02737,bank_account,A00372,P01728,2020-10-16,
OWN02738,vehicle,V00560,P00916,2020-04-12,
OWN02739,bank_account,A00937,P00468,2023-10-10,
OWN02740,phone,PH00455,P00992,2023-07-08,
OWN02741,vehicle,V00454,P00305,2021-06-10,
OWN02742,bank_account,A01148,P00803,2024-06-23,
OWN02743,vehicle,V00233,P01837,2024-08-30,
OWN02744,bank_account,A02226,P00162,2019-12-15,
OWN02745,vehicle,V00560,P00916,2025-08-15,
OWN02746,vehicle,V00672,P00559,2025-05-18,
OWN02747,phone,PH02803,P01651,2018-03-29,
OWN02748,phone,PH02148,P01753,2025-11-07,
OWN02749,bank_account,A01214,P00714,2020-08-26,
OWN02750,vehicle,V00707,P00554,2023-10-17,
OWN02751,phone,PH00661,P01978,2021-02-10,
OWN02752,phone,PH02303,P01664,2020-04-13,
OWN02753,phone,PH00461,P00381,2019-04-18,
OWN02754,bank_account,A01521,P01278,2020-04-26,
OWN02755,phone,PH00495,P00717,2019-12-06,
OWN02756,bank_account,A00156,P01947,2025-12-30,
OWN02757,phone,PH01530,P01871,2019-07-11,
OWN02758,bank_account,A01273,P00092,2021-10-31,
OWN02759,phone,PH02614,P01442,2025-01-27,
OWN02760,phone,PH02358,P01829,2018-02-28,
OWN02761,phone,PH01537,P00794,2021-10-16,
OWN02762,phone,PH02100,P01213,2023-09-21,
OWN02763,phone,PH01329,P01403,2019-06-10,
OWN02764,vehicle,V00801,P01672,2025-02-28,
OWN02765,vehicle,V00187,P01606,2025-06-13,
OWN02766,phone,PH00982,P01141,2023-09-02,
OWN02767,phone,PH02663,P01065,2018-09-26,
OWN02768,phone,PH00768,P01661,2021-11-07,
OWN02769,vehicle,V00216,P01478,2020-05-11,
OWN02770,phone,PH00495,P00717,2021-09-26,
OWN02771,vehicle,V00742,P00914,2025-11-07,
OWN02772,bank_account,A01865,P01358,2025-05-19,
OWN02773,bank_account,A01955,P00477,2018-06-08,
OWN02774,bank_account,A01094,P00516,2021-02-07,
OWN02775,phone,PH00573,P00541,2018-04-03,
OWN02776,vehicle,V00587,P00682,2024-01-19,
OWN02777,vehicle,V00787,P00584,2023-02-05,
OWN02778,bank_account,A02179,P01919,2020-05-11,
OWN02779,bank_account,A01504,P00330,2020-08-29,
OWN02780,vehicle,V00166,P00630,2023-12-22,
OWN02781,vehicle,V00741,P00467,2019-11-13,
OWN02782,phone,PH01422,P00688,2022-05-27,
OWN02783,phone,PH01684,P01852,2025-08-04,
OWN02784,phone,PH02579,P00618,2025-01-25,
OWN02785,phone,PH02073,P01355,2018-08-23,
OWN02786,bank_account,A02133,P01495,2024-11-11,
OWN02787,phone,PH00730,P01753,2025-08-16,
OWN02788,bank_account,A00483,P01715,2021-01-12,
OWN02789,bank_account,A01333,P01600,2021-11-25,
OWN02790,phone,PH01769,P01328,2021-10-20,
OWN02791,vehicle,V00682,P01747,2025-06-25,
OWN02792,bank_account,A01967,P01682,2024-08-13,
OWN02793,bank_account,A02250,P01834,2024-11-19,
OWN02794,vehicle,V00413,P01689,2018-04-21,
OWN02795,vehicle,V00619,P01403,2018-10-10,
OWN02796,bank_account,A00554,P00126,2023-06-27,
OWN02797,vehicle,V00580,P01396,2024-11-25,
OWN02798,vehicle,V00142,P00874,2022-04-05,
OWN02799,bank_account,A00592,P00055,2020-02-28,
OWN02800,vehicle,V00205,P00767,2020-12-13,
OWN02801,bank_account,A01414,P00448,2023-12-23,
OWN02802,bank_account,A00896,P00633,2019-03-26,
OWN02803,phone,PH00242,P01463,2023-04-17,
OWN02804,bank_account,A01357,P01648,2020-12-26,
OWN02805,vehicle,V00331,P00226,2024-12-12,
OWN02806,vehicle,V00398,P00161,2022-08-23,
OWN02807,phone,PH00474,P01273,2022-03-25,
OWN02808,bank_account,A00574,P01729,2024-12-22,
OWN02809,bank_account,A00703,P00835,2021-08-05,
OWN02810,bank_account,A02227,P01212,2024-02-05,
OWN02811,bank_account,A02133,P01495,2021-02-18,
OWN02812,phone,PH01451,P01592,2020-12-09,
OWN02813,bank_account,A00414,P01320,2022-12-31,
OWN02814,vehicle,V00341,P01156,2024-11-15,
OWN02815,vehicle,V00679,P01519,2024-06-15,
OWN02816,bank_account,A00315,P01517,2021-06-26,
OWN02817,bank_account,A00457,P00326,2024-07-07,
OWN02818,vehicle,V00155,P00210,2025-05-18,
OWN02819,phone,PH00476,P01689,2020-02-16,
OWN02820,bank_account,A00105,P00271,2020-04-02,
OWN02821,phone,PH01354,P00941,2020-02-05,
OWN02822,vehicle,V00312,P00893,2025-07-05,
OWN02823,bank_account,A00409,P01346,2019-08-07,
OWN02824,vehicle,V00045,P01163,2019-07-17,
OWN02825,vehicle,V00806,P00192,2025-12-06,
OWN02826,bank_account,A00733,P00492,2018-06-25,
OWN02827,phone,PH01392,P01997,2022-09-05,
OWN02828,phone,PH00207,P01113,2023-03-17,
OWN02829,phone,PH01413,P01254,2021-10-31,
OWN02830,vehicle,V00292,P00002,2025-09-01,
OWN02831,phone,PH02164,P01983,2018-11-24,
OWN02832,vehicle,V00424,P01616,2025-06-17,
OWN02833,bank_account,A01405,P01495,2023-10-15,
OWN02834,bank_account,A00187,P01354,2025-07-27,
OWN02835,vehicle,V00758,P01438,2018-07-20,
OWN02836,bank_account,A01231,P00382,2018-08-08,
OWN02837,vehicle,V00775,P00358,2022-04-10,
OWN02838,phone,PH01047,P01651,2021-07-22,
OWN02839,vehicle,V00467,P01525,2019-02-12,
OWN02840,phone,PH00400,P01476,2022-09-12,
OWN02841,vehicle,V00824,P00806,2025-09-17,
OWN02842,phone,PH02063,P01984,2024-01-04,
OWN02843,bank_account,A01065,P00327,2019-09-29,
OWN02844,vehicle,V00638,P00478,2021-12-22,
OWN02845,bank_account,A00194,P00344,2019-08-26,
OWN02846,vehicle,V00392,P01075,2020-12-07,
OWN02847,phone,PH00287,P01208,2021-07-27,
OWN02848,bank_account,A02053,P01547,2021-08-05,
OWN02849,phone,PH02020,P01636,2024-11-20,
OWN02850,vehicle,V00661,P00328,2022-06-08,
OWN02851,bank_account,A01226,P01867,2024-05-22,
OWN02852,phone,PH00929,P01615,2018-12-06,
OWN02853,bank_account,A00125,P01693,2021-03-07,
OWN02854,bank_account,A01370,P01538,2025-08-13,
OWN02855,bank_account,A00998,P01432,2019-07-09,
OWN02856,vehicle,V00717,P01050,2018-02-08,
OWN02857,bank_account,A01475,P01486,2022-06-10,
OWN02858,phone,PH01078,P00652,2023-09-08,
OWN02859,phone,PH01547,P00431,2024-11-11,
OWN02860,vehicle,V00145,P01397,2021-09-02,
OWN02861,bank_account,A01702,P01845,2021-04-20,
OWN02862,bank_account,A00555,P01196,2024-04-04,
OWN02863,vehicle,V00772,P00701,2023-01-14,
OWN02864,vehicle,V00830,P01147,2025-12-30,
OWN02865,vehicle,V00276,P01421,2021-03-16,
OWN02866,bank_account,A00754,P01443,2020-10-11,
OWN02867,bank_account,A01793,P00040,2021-07-17,
OWN02868,bank_account,A00526,P01160,2020-02-17,
OWN02869,vehicle,V00666,P01759,2020-10-08,
OWN02870,bank_account,A01124,P00452,2018-07-02,
OWN02871,phone,PH01359,P00708,2019-03-19,
OWN02872,vehicle,V00144,P00956,2018-08-14,
OWN02873,phone,PH00233,P00866,2020-06-16,
OWN02874,phone,PH01937,P00348,2022-09-06,
OWN02875,vehicle,V00274,P01034,2020-01-18,
OWN02876,vehicle,V00115,P01291,2018-05-27,
OWN02877,phone,PH00946,P00256,2018-10-18,
OWN02878,vehicle,V00234,P01554,2023-03-19,
OWN02879,phone,PH00620,P01054,2018-06-28,
OWN02880,vehicle,V00035,P01837,2024-03-29,
OWN02881,bank_account,A00178,P01241,2021-06-11,
OWN02882,phone,PH01839,P00477,2021-05-05,
OWN02883,phone,PH00290,P01256,2020-11-12,
OWN02884,bank_account,A01703,P00333,2024-09-13,
OWN02885,bank_account,A00092,P01554,2020-08-08,
OWN02886,vehicle,V00085,P00204,2020-01-13,
OWN02887,phone,PH02556,P01766,2019-10-21,
OWN02888,phone,PH00357,P00573,2020-01-30,
OWN02889,vehicle,V00108,P00827,2022-10-01,
OWN02890,bank_account,A00995,P00348,2020-06-04,
OWN02891,bank_account,A00969,P00408,2018-04-22,
OWN02892,bank_account,A01558,P00588,2024-04-25,
OWN02893,phone,PH01956,P00287,2018-07-08,
OWN02894,phone,PH00629,P01240,2025-06-24,
OWN02895,vehicle,V00510,P01411,2024-03-07,
OWN02896,bank_account,A01994,P00779,2018-02-27,
OWN02897,vehicle,V00617,P00173,2020-04-12,
OWN02898,phone,PH01133,P00225,2024-07-28,
OWN02899,phone,PH02137,P00498,2019-07-13,
OWN02900,vehicle,V00548,P00458,2022-07-20,
OWN02901,phone,PH00359,P00190,2020-08-16,
OWN02902,vehicle,V00698,P00923,2021-08-20,
OWN02903,bank_account,A00753,P01305,2023-11-04,
OWN02904,bank_account,A00242,P00387,2020-04-12,
OWN02905,phone,PH00334,P01067,2025-06-24,
OWN02906,bank_account,A00050,P01159,2023-08-09,
OWN02907,vehicle,V00628,P00593,2020-05-19,
OWN02908,bank_account,A02088,P00650,2018-01-29,
OWN02909,bank_account,A00059,P00144,2023-06-04,
OWN02910,vehicle,V00359,P00031,2023-04-10,
OWN02911,vehicle,V00230,P01632,2020-02-25,
OWN02912,vehicle,V00583,P01810,2025-03-11,
OWN02913,vehicle,V00708,P01575,2022-02-10,
OWN02914,vehicle,V00335,P00244,2018-08-11,
OWN02915,phone,PH02496,P01245,2021-09-20,
OWN02916,phone,PH00393,P00145,2019-11-02,
OWN02917,phone,PH00924,P00547,2019-02-03,
OWN02918,phone,PH00120,P01045,2022-02-19,
OWN02919,bank_account,A00052,P00751,2024-04-15,
OWN02920,phone,PH00699,P01130,2020-05-27,
OWN02921,vehicle,V00137,P00542,2025-07-05,
OWN02922,vehicle,V00709,P01358,2018-12-28,
OWN02923,phone,PH02619,P01342,2019-02-02,
OWN02924,vehicle,V00412,P00648,2024-09-20,
OWN02925,phone,PH02419,P00991,2024-07-05,
OWN02926,vehicle,V00541,P01858,2020-03-26,
OWN02927,phone,PH02293,P01493,2020-07-01,
OWN02928,bank_account,A02065,P00148,2021-09-17,
OWN02929,bank_account,A00926,P01335,2020-09-04,
OWN02930,phone,PH00597,P01166,2022-07-16,
OWN02931,bank_account,A01504,P00330,2018-01-13,
OWN02932,phone,PH01072,P00647,2021-09-16,
OWN02933,bank_account,A01870,P01104,2021-09-22,
OWN02934,phone,PH01440,P00652,2019-09-24,
OWN02935,bank_account,A01706,P00533,2025-05-21,
OWN02936,bank_account,A02112,P01577,2021-08-11,
OWN02937,bank_account,A01558,P00588,2021-09-01,
OWN02938,bank_account,A01702,P01845,2018-07-17,
OWN02939,vehicle,V00643,P00320,2018-05-04,
OWN02940,phone,PH01940,P01065,2025-04-06,
OWN02941,vehicle,V00790,P01470,2025-07-25,
OWN02942,vehicle,V00761,P00491,2022-11-10,
OWN02943,phone,PH00357,P00573,2018-03-04,
OWN02944,vehicle,V00705,P01310,2019-06-02,
OWN02945,vehicle,V00810,P01273,2022-06-22,
OWN02946,phone,PH01293,P00429,2018-11-27,
OWN02947,bank_account,A01704,P00771,2022-01-25,
OWN02948,phone,PH00431,P00981,2018-03-23,
OWN02949,phone,PH02783,P01871,2022-03-14,
OWN02950,vehicle,V00341,P01156,2025-11-22,
OWN02951,vehicle,V00378,P01712,2022-07-08,
OWN02952,vehicle,V00684,P01283,2023-04-24,
OWN02953,bank_account,A01311,P00527,2023-01-04,
OWN02954,bank_account,A01123,P00490,2021-05-29,
OWN02955,vehicle,V00713,P01379,2024-12-19,
OWN02956,phone,PH02277,P00054,2025-01-15,
OWN02957,bank_account,A01397,P00259,2019-08-01,
OWN02958,bank_account,A00711,P00999,2018-11-26,
OWN02959,bank_account,A01856,P01496,2021-08-10,
OWN02960,vehicle,V00830,P01147,2020-05-05,
OWN02961,vehicle,V00840,P01372,2022-09-29,
OWN02962,phone,PH01915,P00876,2018-09-26,
OWN02963,bank_account,A00252,P00082,2021-06-22,
OWN02964,vehicle,V00343,P00929,2021-12-08,
OWN02965,bank_account,A00221,P01998,2018-05-04,
OWN02966,phone,PH01139,P00905,2021-05-17,
OWN02967,phone,PH02390,P01346,2021-02-13,
OWN02968,bank_account,A01564,P01529,2021-03-24,
OWN02969,bank_account,A00102,P00705,2021-01-23,
OWN02970,phone,PH00281,P01516,2025-01-02,
OWN02971,bank_account,A01244,P01810,2021-11-17,
OWN02972,phone,PH01301,P01900,2023-08-10,
OWN02973,bank_account,A01185,P01517,2022-05-20,
OWN02974,vehicle,V00825,P01045,2022-02-09,
OWN02975,bank_account,A01579,P00401,2019-01-05,
OWN02976,phone,PH01776,P00733,2023-09-17,
OWN02977,bank_account,A01399,P01753,2019-11-29,
OWN02978,phone,PH01159,P00981,2023-11-14,
OWN02979,bank_account,A00015,P01270,2025-07-08,
OWN02980,bank_account,A00013,P01135,2018-04-09,
OWN02981,phone,PH00953,P00986,2024-11-03,
OWN02982,vehicle,V00847,P01757,2024-12-16,
OWN02983,vehicle,V00489,P00477,2019-10-25,
OWN02984,vehicle,V00030,P00587,2021-02-19,
OWN02985,phone,PH01821,P01305,2018-07-31,
OWN02986,phone,PH01592,P00282,2020-05-31,
OWN02987,vehicle,V00346,P01448,2023-03-08,
OWN02988,bank_account,A00729,P00323,2020-01-26,
OWN02989,vehicle,V00264,P00420,2024-11-22,
OWN02990,bank_account,A01999,P01233,2024-03-07,
OWN02991,bank_account,A02210,P00869,2021-01-24,
OWN02992,phone,PH00514,P00125,2020-07-13,
OWN02993,vehicle,V00071,P00510,2024-01-25,
OWN02994,phone,PH01404,P00891,2020-12-12,
OWN02995,bank_account,A01297,P00834,2023-12-21,
OWN02996,vehicle,V00611,P01409,2019-08-01,
OWN02997,phone,PH00277,P00439,2022-06-07,
OWN02998,phone,PH00462,P00669,2025-07-13,
OWN02999,bank_account,A01100,P01807,2024-11-12,
OWN03000,phone,PH01532,P01420,2021-04-04,
OWN03001,phone,PH00785,P00896,2021-01-22,
OWN03002,phone,PH02302,P01187,2019-11-05,
OWN03003,vehicle,V00807,P01842,2025-07-27,
OWN03004,phone,PH00996,P01136,2023-04-10,
OWN03005,phone,PH02056,P01534,2020-03-09,
OWN03006,bank_account,A02160,P00124,2021-07-11,
OWN03007,phone,PH01768,P01248,2018-07-31,
OWN03008,bank_account,A01346,P01830,2023-06-22,
OWN03009,phone,PH01129,P00597,2022-06-16,
OWN03010,vehicle,V00315,P00832,2022-05-13,
OWN03011,vehicle,V00320,P01648,2025-04-17,
OWN03012,phone,PH02415,P01697,2018-05-03,
OWN03013,phone,PH00664,P00191,2024-04-11,
OWN03014,phone,PH02070,P00768,2024-12-18,
OWN03015,bank_account,A00437,P01306,2020-03-15,
OWN03016,phone,PH02426,P01806,2021-07-19,
OWN03017,vehicle,V00413,P01689,2021-03-15,
OWN03018,vehicle,V00186,P01267,2020-08-06,
OWN03019,bank_account,A01161,P00636,2018-08-10,
OWN03020,bank_account,A00696,P01148,2025-04-05,
OWN03021,vehicle,V00331,P00226,2024-07-30,
OWN03022,vehicle,V00706,P00529,2025-12-09,
OWN03023,phone,PH00174,P01757,2021-12-18,
OWN03024,bank_account,A00456,P00894,2020-07-24,
OWN03025,bank_account,A00338,P00828,2021-10-22,
OWN03026,vehicle,V00512,P01643,2023-05-24,
OWN03027,phone,PH01498,P00624,2021-12-03,
OWN03028,vehicle,V00601,P01144,2023-01-17,
OWN03029,bank_account,A01636,P01036,2024-04-19,
OWN03030,vehicle,V00471,P00805,2019-05-27,
OWN03031,phone,PH01779,P00470,2025-11-07,
OWN03032,vehicle,V00085,P00204,2024-02-21,
OWN03033,phone,PH01884,P00310,2021-06-02,
OWN03034,phone,PH01113,P00441,2022-03-14,
OWN03035,phone,PH00688,P01710,2025-03-12,
OWN03036,vehicle,V00625,P01446,2023-10-17,
OWN03037,bank_account,A01064,P01314,2023-06-18,
OWN03038,phone,PH01044,P01267,2023-01-03,
OWN03039,bank_account,A01590,P01575,2018-08-11,
OWN03040,phone,PH00426,P01516,2021-10-22,
OWN03041,phone,PH01094,P00205,2024-10-05,
OWN03042,vehicle,V00697,P01946,2024-02-02,
OWN03043,bank_account,A00497,P00418,2020-03-05,
OWN03044,bank_account,A01710,P01494,2020-12-24,
OWN03045,phone,PH01124,P01087,2025-10-22,
OWN03046,vehicle,V00084,P00123,2025-03-03,
OWN03047,bank_account,A00705,P00366,2020-02-17,
OWN03048,phone,PH00011,P01330,2018-10-11,
OWN03049,bank_account,A00573,P01602,2018-06-03,
OWN03050,phone,PH02370,P01616,2022-04-11,
OWN03051,bank_account,A01436,P00755,2021-01-17,
OWN03052,bank_account,A01263,P00245,2024-11-25,
OWN03053,bank_account,A00498,P01078,2024-10-11,
OWN03054,vehicle,V00180,P01426,2021-06-12,
OWN03055,vehicle,V00707,P00554,2019-12-06,
OWN03056,phone,PH02729,P00276,2019-03-22,
OWN03057,bank_account,A00846,P00720,2020-05-31,
OWN03058,phone,PH01038,P01780,2021-11-14,
OWN03059,phone,PH00382,P01658,2018-08-14,
OWN03060,vehicle,V00259,P01175,2021-02-26,
OWN03061,bank_account,A01739,P00358,2024-11-01,
OWN03062,phone,PH00594,P01035,2024-04-12,
OWN03063,vehicle,V00815,P01634,2022-01-07,
OWN03064,phone,PH01272,P00154,2018-04-19,
OWN03065,vehicle,V00154,P00143,2018-03-17,
OWN03066,bank_account,A01578,P00039,2023-05-07,
OWN03067,phone,PH00259,P01449,2025-12-19,
OWN03068,vehicle,V00691,P01840,2025-06-23,
OWN03069,bank_account,A01560,P01494,2020-02-27,
OWN03070,bank_account,A01845,P00049,2018-10-28,
OWN03071,vehicle,V00256,P01564,2023-02-07,
OWN03072,vehicle,V00423,P00898,2024-07-16,
OWN03073,bank_account,A00160,P00964,2024-04-21,
OWN03074,phone,PH02364,P01241,2025-02-22,
OWN03075,bank_account,A01599,P00966,2021-11-02,
OWN03076,bank_account,A00002,P01600,2023-09-23,
OWN03077,phone,PH00121,P01881,2018-07-25,
OWN03078,phone,PH00825,P00278,2018-05-03,
OWN03079,phone,PH01189,P00698,2024-08-05,
OWN03080,bank_account,A00058,P01495,2019-07-08,
OWN03081,vehicle,V00493,P00953,2020-11-10,
OWN03082,phone,PH00243,P00386,2024-01-19,
OWN03083,bank_account,A00329,P00975,2022-12-23,
OWN03084,bank_account,A00865,P00338,2025-07-05,
OWN03085,bank_account,A00211,P00430,2025-12-30,
OWN03086,phone,PH02746,P00030,2020-12-09,
OWN03087,vehicle,V00785,P01497,2018-03-13,
OWN03088,vehicle,V00827,P01054,2021-05-22,
OWN03089,phone,PH01676,P01858,2022-10-20,
OWN03090,bank_account,A01342,P01864,2023-01-10,
OWN03091,vehicle,V00104,P01653,2022-11-04,
OWN03092,vehicle,V00336,P00535,2019-09-30,
OWN03093,bank_account,A02218,P01125,2022-10-27,
OWN03094,vehicle,V00301,P00308,2025-10-09,
OWN03095,vehicle,V00429,P00526,2023-02-09,
OWN03096,bank_account,A00038,P01686,2022-11-30,
OWN03097,vehicle,V00095,P01430,2020-11-13,
OWN03098,bank_account,A01574,P01463,2019-11-25,
OWN03099,phone,PH02365,P00869,2021-02-18,
OWN03100,bank_account,A00202,P00307,2020-02-02,
OWN03101,vehicle,V00509,P01809,2024-07-22,
OWN03102,bank_account,A00243,P01587,2021-06-17,
OWN03103,phone,PH02716,P01739,2019-05-06,
OWN03104,vehicle,V00561,P01007,2024-06-20,
OWN03105,phone,PH00976,P00087,2025-04-06,
OWN03106,bank_account,A00546,P00550,2022-12-26,
OWN03107,bank_account,A01065,P00327,2025-08-01,
OWN03108,phone,PH02125,P01721,2022-02-02,
OWN03109,phone,PH02014,P00982,2021-07-21,
OWN03110,vehicle,V00071,P00510,2023-12-07,
OWN03111,phone,PH01231,P01014,2018-04-19,
OWN03112,phone,PH00173,P00327,2024-10-16,
OWN03113,phone,PH02041,P00861,2023-08-01,
OWN03114,bank_account,A00771,P00981,2018-12-31,
OWN03115,bank_account,A00098,P01099,2021-04-04,
OWN03116,bank_account,A01494,P00767,2019-05-25,
OWN03117,vehicle,V00493,P00953,2022-02-27,
OWN03118,vehicle,V00470,P00844,2021-08-22,
OWN03119,phone,PH02353,P00410,2025-09-14,
OWN03120,phone,PH01898,P01775,2024-07-09,
OWN03121,phone,PH00117,P00220,2020-06-17,
OWN03122,bank_account,A01010,P01456,2020-02-25,
OWN03123,bank_account,A00267,P01064,2018-04-15,
OWN03124,bank_account,A01632,P01883,2019-02-12,
OWN03125,bank_account,A01633,P01231,2023-12-06,
OWN03126,vehicle,V00511,P01943,2023-05-08,
OWN03127,bank_account,A00732,P01467,2019-09-15,
OWN03128,phone,PH01961,P00194,2024-01-20,
OWN03129,bank_account,A01576,P01507,2018-09-09,
OWN03130,bank_account,A00404,P00052,2020-04-03,
OWN03131,vehicle,V00749,P01476,2025-02-27,
OWN03132,bank_account,A02124,P01456,2022-05-18,
OWN03133,phone,PH01250,P00474,2025-06-08,
OWN03134,vehicle,V00555,P00305,2018-11-10,
OWN03135,vehicle,V00819,P01352,2025-12-26,
OWN03136,vehicle,V00286,P01865,2019-02-15,
OWN03137,vehicle,V00303,P00334,2025-03-04,
OWN03138,phone,PH02526,P01419,2023-09-11,
OWN03139,vehicle,V00628,P00593,2020-04-22,
OWN03140,vehicle,V00614,P01242,2018-12-04,
OWN03141,vehicle,V00117,P00162,2023-09-10,
OWN03142,phone,PH01559,P00794,2018-09-25,
OWN03143,phone,PH00417,P01519,2025-03-01,
OWN03144,vehicle,V00736,P01839,2022-05-18,
OWN03145,bank_account,A01802,P01891,2023-11-29,
OWN03146,phone,PH02342,P01187,2020-10-21,
OWN03147,vehicle,V00115,P01291,2020-04-01,
OWN03148,vehicle,V00185,P00858,2020-02-06,
OWN03149,phone,PH00473,P01629,2024-08-01,
OWN03150,bank_account,A00892,P00492,2022-03-12,
OWN03151,phone,PH02272,P00186,2025-04-10,
OWN03152,bank_account,A00786,P00081,2019-04-05,
OWN03153,vehicle,V00407,P01540,2021-08-14,
OWN03154,vehicle,V00137,P00542,2024-02-13,
OWN03155,vehicle,V00516,P00366,2021-01-21,
OWN03156,phone,PH00057,P00993,2021-10-14,
OWN03157,vehicle,V00743,P00626,2024-04-08,
OWN03158,vehicle,V00048,P00195,2018-10-24,
OWN03159,bank_account,A01121,P01909,2024-01-14,
OWN03160,phone,PH01644,P00387,2021-08-07,
OWN03161,bank_account,A01040,P00430,2024-11-22,
OWN03162,vehicle,V00749,P01476,2025-09-26,
OWN03163,vehicle,V00584,P01450,2018-02-07,
OWN03164,phone,PH01123,P00806,2023-05-13,
OWN03165,vehicle,V00410,P00934,2021-07-26,
OWN03166,bank_account,A01144,P00047,2023-05-04,
OWN03167,vehicle,V00048,P00195,2019-01-27,
OWN03168,bank_account,A01877,P00866,2018-08-23,
OWN03169,bank_account,A02074,P00663,2022-11-17,
OWN03170,phone,PH01023,P01192,2019-01-23,
OWN03171,bank_account,A01067,P00293,2021-09-26,
OWN03172,bank_account,A00515,P00859,2020-01-18,
OWN03173,vehicle,V00169,P01687,2025-10-20,
OWN03174,bank_account,A01053,P01085,2022-06-19,
OWN03175,bank_account,A00191,P01729,2022-01-24,
OWN03176,bank_account,A00392,P00406,2023-03-17,
OWN03177,bank_account,A01649,P00698,2019-12-08,
OWN03178,phone,PH01245,P00274,2019-03-22,
OWN03179,bank_account,A00259,P00641,2022-07-05,
OWN03180,vehicle,V00077,P00957,2021-04-25,
OWN03181,bank_account,A01578,P00039,2019-04-27,
OWN03182,phone,PH00613,P01859,2020-07-27,
OWN03183,phone,PH02331,P00860,2018-06-14,
OWN03184,bank_account,A02139,P00007,2018-12-27,
OWN03185,vehicle,V00621,P01933,2023-09-16,
OWN03186,vehicle,V00662,P01468,2019-08-06,
OWN03187,phone,PH01099,P00898,2025-11-03,
OWN03188,bank_account,A00770,P00713,2023-10-31,
OWN03189,phone,PH02497,P00711,2018-09-18,
OWN03190,vehicle,V00606,P00209,2025-05-14,
OWN03191,vehicle,V00191,P00502,2022-11-14,
OWN03192,vehicle,V00560,P00916,2023-01-24,
OWN03193,vehicle,V00366,P00542,2022-03-19,
OWN03194,phone,PH02407,P00578,2023-04-14,
OWN03195,bank_account,A01813,P00017,2019-06-09,
OWN03196,bank_account,A01659,P01541,2018-02-21,
OWN03197,vehicle,V00111,P01272,2022-05-28,
OWN03198,vehicle,V00839,P01781,2024-05-13,
OWN03199,phone,PH02442,P01517,2024-11-08,
OWN03200,vehicle,V00352,P00525,2019-02-25,
