event_id,person_id,event_type,timestamp,description,case_id
EV00001,P01584,Meeting,2023-06-10 23:21:11,Meeting noted near Hyderabad Hub 12 in Lucknow.,CASE0148
EV00002,P01183,Meeting,2023-09-12 23:42:35,Meeting noted near Visakhapatnam Hub 123 in Bhopal.,CASE0232
EV00003,P01814,Travel,2022-06-11 19:06:12,Travel noted near Visakhapatnam Junction 34 in Bhopal.,CASE0135
EV00004,P01131,Meeting,2025-06-18 02:14:37,Meeting noted near Kochi Park 121 in Kochi.,CASE0171
EV00005,P01709,Financial Activity,2022-12-02 01:23:38,Financial Activity noted near Nagpur Market 32 in Patna.,CASE0012
EV00006,P00229,Observation,2023-11-13 02:51:54,Observation noted near Surat Hub 9 in Visakhapatnam.,CASE0154
EV00007,P01658,Property Transfer,2024-06-23 02:44:35,Property Transfer noted near Visakhapatnam Market 50 in Nagpur.,CASE0023
EV00008,P00452,Property Transfer,2024-01-30 18:42:42,Property Transfer noted near Visakhapatnam Junction 34 in Chandigarh.,CASE0025
EV00009,P00776,Financial Activity,2025-03-16 21:26:19,Financial Activity noted near Bhopal Junction 58 in Delhi.,CASE0196
EV00010,P00697,Meeting,2022-02-23 16:40:43,Meeting noted near Kochi Plaza 107 in Chennai.,CASE0165
EV00011,P01828,Property Transfer,2022-05-27 20:07:55,Property Transfer noted near Bhopal Park 68 in Chandigarh.,CASE0184
EV00012,P00062,Travel,2025-06-19 12:27:51,Travel noted near Patna Hub 52 in Lucknow.,CASE0239
EV00013,P00394,Property Transfer,2023-09-03 20:54:00,Property Transfer noted near Hyderabad Park 7 in Guwahati.,CASE0070
EV00014,P00776,Meeting,2022-07-13 23:00:54,Meeting noted near Surat Tower 108 in Delhi.,CASE0051
EV00015,P01814,Travel,2023-03-07 16:37:57,Travel noted near Hyderabad Tower 85 in Bhopal.,CASE0021
EV00016,P00334,Incident,2023-09-14 10:01:56,Incident noted near Hyderabad Colony 145 in Bhopal.,CASE0002
EV00017,P01233,Observation,2025-06-08 09:55:59,Observation noted near Indore Tower 128 in Surat.,CASE0237
EV00018,P01564,Observation,2025-07-05 13:04:02,Observation noted near Chennai Plaza 139 in Kolkata.,CASE0097
EV00019,P01386,Incident,2025-09-25 12:04:28,Incident noted near Visakhapatnam Junction 110 in Ahmedabad.,CASE0085
EV00020,P00467,Meeting,2022-09-03 06:02:24,Meeting noted near Hyderabad Tower 85 in Chennai.,CASE0037
EV00021,P01889,Meeting,2022-07-01 10:31:55,Meeting noted near Jaipur Colony 114 in Patna.,CASE0149
EV00022,P01814,Travel,2023-06-27 17:39:52,Travel noted near Guwahati Park 61 in Bhopal.,CASE0130
EV00023,P00143,Observation,2023-11-20 01:46:46,Observation noted near Delhi Hub 82 in Mumbai.,CASE0162
EV00024,P01555,Financial Activity,2023-02-13 05:10:47,Financial Activity noted near Ranchi Market 132 in Guwahati.,CASE0184
EV00025,P00736,Observation,2023-08-15 06:34:26,Observation noted near Bhopal Junction 58 in Ahmedabad.,CASE0078
EV00026,P01117,Incident,2024-05-26 14:32:42,Incident noted near Visakhapatnam Market 50 in Bengaluru.,CASE0233
EV00027,P00066,Incident,2022-11-18 12:09:41,Incident noted near Lucknow Park 94 in Patna.,CASE0172
EV00028,P01555,Incident,2023-12-20 14:48:38,Incident noted near Chennai Tower 134 in Guwahati.,CASE0240
EV00029,P01443,Property Transfer,2024-05-23 21:29:32,Property Transfer noted near Bhopal Hub 113 in Delhi.,CASE0124
EV00030,P00467,Travel,2025-02-08 22:05:52,Travel noted near Bhopal Junction 151 in Chennai.,CASE0102
EV00031,P00066,Property Transfer,2024-10-01 10:30:34,Property Transfer noted near Delhi Park 47 in Patna.,CASE0107
EV00032,P00502,Travel,2025-12-27 19:54:33,Travel noted near Chandigarh Hub 1 in Patna.,CASE0147
EV00033,P00207,Property Transfer,2022-09-21 20:21:28,Property Transfer noted near Nagpur Junction 116 in Mumbai.,CASE0057
EV00034,P01437,Financial Activity,2024-04-20 13:18:40,Financial Activity noted near Ahmedabad Plaza 35 in Kolkata.,CASE0030
EV00035,P00014,Incident,2024-10-31 10:56:41,Incident noted near Bhopal Junction 58 in Hyderabad.,CASE0002
EV00036,P00593,Travel,2024-03-17 19:13:50,Travel noted near Visakhapatnam Colony 6 in Hyderabad.,CASE0166
EV00037,P00860,Travel,2025-02-09 23:27:28,Travel noted near Nagpur Junction 51 in Kochi.,CASE0073
EV00038,P00776,Meeting,2022-11-05 19:10:35,Meeting noted near Bhopal Hub 64 in Delhi.,CASE0051
EV00039,P01961,Incident,2025-03-19 23:05:02,Incident noted near Visakhapatnam Junction 34 in Guwahati.,CASE0080
EV00040,P01430,Property Transfer,2022-12-03 21:48:06,Property Transfer noted near Visakhapatnam Colony 72 in Mumbai.,CASE0140
EV00041,P01443,Financial Activity,2023-08-29 11:24:52,Financial Activity noted near Bhopal Junction 58 in Delhi.,CASE0209
EV00042,P00179,Property Transfer,2022-09-30 14:53:11,Property Transfer noted near Hyderabad Colony 145 in Bengaluru.,CASE0156
EV00043,P00286,Travel,2022-10-03 16:49:50,Travel noted near Kolkata Junction 45 in Mumbai.,CASE0198
EV00044,P00736,Financial Activity,2024-07-03 15:53:58,Financial Activity noted near Bengaluru Market 43 in Ahmedabad.,CASE0091
EV00045,P00143,Property Transfer,2024-01-10 14:33:00,Property Transfer noted near Ahmedabad Tower 98 in Mumbai.,CASE0207
EV00046,P01437,Meeting,2025-08-28 20:36:32,Meeting noted near Guwahati Plaza 152 in Kolkata.,CASE0020
EV00047,P00736,Observation,2023-02-20 17:58:35,Observation noted near Bengaluru Tower 105 in Ahmedabad.,CASE0118
EV00048,P00210,Incident,2022-10-11 15:40:07,Incident noted near Guwahati Plaza 92 in Pune.,CASE0007
EV00049,P00441,Observation,2023-08-15 00:15:37,Observation noted near Kochi Plaza 107 in Kolkata.,CASE0121
EV00050,P00430,Meeting,2023-09-19 23:01:10,Meeting noted near Nagpur Tower 104 in Chennai.,CASE0192
EV00051,P00441,Financial Activity,2025-10-22 21:01:16,Financial Activity noted near Chennai Hub 5 in Kolkata.,CASE0123
EV00052,P00547,Observation,2024-03-19 17:47:49,Observation noted near Bengaluru Market 43 in Chandigarh.,CASE0150
EV00053,P00192,Property Transfer,2023-06-22 16:54:02,Property Transfer noted near Kolkata Plaza 119 in Delhi.,CASE0197
EV00054,P01237,Travel,2023-11-28 14:48:56,Travel noted near Nagpur Tower 130 in Ahmedabad.,CASE0105
EV00055,P01438,Financial Activity,2022-02-02 23:44:00,Financial Activity noted near Pune Market 17 in Delhi.,CASE0139
EV00056,P01658,Travel,2025-10-16 08:10:01,Travel noted near Lucknow Plaza 142 in Nagpur.,CASE0022
EV00057,P01564,Meeting,2022-03-08 00:03:26,Meeting noted near Ranchi Colony 90 in Kolkata.,CASE0097
EV00058,P00759,Property Transfer,2025-10-19 22:17:11,Property Transfer noted near Jaipur Market 31 in Jaipur.,CASE0159
EV00059,P01035,Observation,2022-08-05 21:45:48,Observation noted near Hyderabad Market 131 in Chennai.,CASE0202
EV00060,P01781,Property Transfer,2023-09-11 18:20:54,Property Transfer noted near Lucknow Colony 87 in Kochi.,CASE0081
EV00061,P00229,Observation,2022-11-29 12:47:54,Observation noted near Bhopal Colony 97 in Visakhapatnam.,CASE0160
EV00062,P00866,Financial Activity,2025-02-25 16:16:12,Financial Activity noted near Chennai Plaza 139 in Guwahati.,CASE0068
EV00063,P00929,Meeting,2025-05-11 17:02:28,Meeting noted near Surat Park 62 in Chandigarh.,CASE0022
EV00064,P01099,Travel,2025-10-21 14:06:39,Travel noted near Nagpur Junction 51 in Hyderabad.,CASE0093
EV00065,P00334,Financial Activity,2022-04-01 04:00:26,Financial Activity noted near Guwahati Park 61 in Bhopal.,CASE0015
EV00066,P00593,Financial Activity,2023-09-17 12:03:29,Financial Activity noted near Surat Hub 9 in Hyderabad.,CASE0160
EV00067,P00394,Property Transfer,2022-10-01 22:21:12,Property Transfer noted near Guwahati Plaza 152 in Guwahati.,CASE0019
EV00068,P00458,Observation,2023-12-03 08:43:02,Observation noted near Pune Junction 125 in Ranchi.,CASE0124
EV00069,P00014,Incident,2023-10-11 13:23:55,Incident noted near Indore Park 109 in Hyderabad.,CASE0091
EV00070,P01519,Observation,2023-10-18 18:35:25,Observation noted near Mumbai Junction 88 in Delhi.,CASE0199
EV00071,P00748,Property Transfer,2024-02-27 15:48:51,Property Transfer noted near Chennai Colony 48 in Bhopal.,CASE0047
EV00072,P00062,Meeting,2022-06-08 05:02:59,Meeting noted near Delhi Junction 147 in Lucknow.,CASE0171
EV00073,P01035,Property Transfer,2023-02-16 06:07:22,Property Transfer noted near Nagpur Colony 80 in Chennai.,CASE0091
EV00074,P00430,Travel,2023-06-18 09:27:30,Travel noted near Chennai Park 96 in Chennai.,CASE0039
EV00075,P00094,Travel,2023-03-11 19:50:29,Travel noted near Delhi Colony 133 in Lucknow.,CASE0047
EV00076,P00441,Travel,2022-08-06 10:00:06,Travel noted near Indore Tower 128 in Kolkata.,CASE0190
EV00077,P01210,Meeting,2024-10-05 02:36:05,Meeting noted near Patna Colony 77 in Patna.,CASE0191
EV00078,P00094,Incident,2024-11-17 00:18:04,Incident noted near Surat Plaza 156 in Lucknow.,CASE0202
EV00079,P00593,Meeting,2025-10-24 19:33:09,Meeting noted near Mumbai Junction 88 in Hyderabad.,CASE0154
EV00080,P01555,Travel,2025-05-13 08:54:56,Travel noted near Surat Plaza 40 in Guwahati.,CASE0014
EV00081,P00467,Incident,2024-12-26 03:23:57,Incident noted near Chandigarh Market 54 in Chennai.,CASE0121
EV00082,P00192,Travel,2024-01-29 04:00:31,Travel noted near Surat Tower 108 in Delhi.,CASE0206
EV00083,P01237,Travel,2022-02-22 08:29:14,Travel noted near Kochi Market 28 in Ahmedabad.,CASE0090
EV00084,P01495,Travel,2022-11-27 18:28:52,Travel noted near Surat Hub 9 in Hyderabad.,CASE0058
EV00085,P01099,Incident,2022-02-07 16:56:25,Incident noted near Jaipur Plaza 78 in Hyderabad.,CASE0193
EV00086,P01658,Incident,2022-09-09 00:22:07,Incident noted near Chennai Park 96 in Nagpur.,CASE0035
EV00087,P01993,Financial Activity,2024-01-03 20:20:12,Financial Activity noted near Indore Hub 2 in Kochi.,CASE0084
EV00088,P00728,Travel,2023-05-21 13:37:02,Travel noted near Mumbai Junction 88 in Patna.,CASE0096
EV00089,P00327,Property Transfer,2022-07-03 23:53:47,Property Transfer noted near Ranchi Colony 90 in Ranchi.,CASE0199
EV00090,P00179,Travel,2025-02-24 12:56:13,Travel noted near Surat Hub 9 in Bengaluru.,CASE0170
EV00091,P00690,Meeting,2023-08-06 14:16:52,Meeting noted near Visakhapatnam Junction 21 in Kolkata.,CASE0098
EV00092,P01237,Financial Activity,2023-07-10 19:20:34,Financial Activity noted near Guwahati Plaza 92 in Ahmedabad.,CASE0202
EV00093,P00162,Observation,2022-08-07 17:13:28,Observation noted near Visakhapatnam Colony 72 in Lucknow.,CASE0112
EV00094,P00229,Meeting,2025-01-05 15:00:05,Meeting noted near Chandigarh Hub 1 in Visakhapatnam.,CASE0194
EV00095,P01495,Incident,2023-04-28 00:41:42,Incident noted near Hyderabad Tower 85 in Hyderabad.,CASE0112
EV00096,P00089,Meeting,2025-07-25 03:56:24,Meeting noted near Bhopal Park 68 in Guwahati.,CASE0134
EV00097,P01699,Incident,2024-09-11 22:58:37,Incident noted near Hyderabad Tower 10 in Surat.,CASE0024
EV00098,P01736,Observation,2025-11-15 14:05:01,Observation noted near Delhi Hub 3 in Lucknow.,CASE0125
EV00099,P00759,Financial Activity,2025-03-15 13:50:16,Financial Activity noted near Kochi Park 117 in Jaipur.,CASE0108
EV00100,P01509,Meeting,2023-01-24 11:32:00,Meeting noted near Indore Market 83 in Lucknow.,CASE0054
EV00101,P01736,Meeting,2023-11-12 22:50:43,Meeting noted near Delhi Colony 133 in Lucknow.,CASE0043
EV00102,P01207,Meeting,2022-08-28 23:37:56,Meeting noted near Jaipur Colony 56 in Kochi.,CASE0075
EV00103,P01443,Meeting,2025-02-23 13:11:33,Meeting noted near Hyderabad Market 131 in Delhi.,CASE0111
EV00104,P00327,Travel,2024-12-26 11:00:44,Travel noted near Chandigarh Plaza 89 in Ranchi.,CASE0159
EV00105,P01310,Observation,2024-03-14 07:39:16,Observation noted near Visakhapatnam Junction 34 in Ranchi.,CASE0050
EV00106,P01517,Incident,2024-03-21 19:24:55,Incident noted near Chennai Tower 134 in Lucknow.,CASE0047
EV00107,P01207,Incident,2023-12-01 23:56:10,Incident noted near Pune Tower 71 in Kochi.,CASE0201
EV00108,P01765,Incident,2022-02-20 08:35:15,Incident noted near Kochi Plaza 107 in Delhi.,CASE0086
EV00109,P00502,Observation,2022-11-28 08:12:55,Observation noted near Pune Colony 59 in Patna.,CASE0017
EV00110,P01889,Observation,2024-08-29 01:26:12,Observation noted near Chandigarh Market 54 in Patna.,CASE0024
EV00111,P00593,Incident,2024-02-23 07:35:27,Incident noted near Kochi Tower 144 in Hyderabad.,CASE0126
EV00112,P00327,Travel,2022-11-29 17:26:17,Travel noted near Delhi Junction 8 in Ranchi.,CASE0202
EV00113,P00866,Travel,2025-01-02 08:41:13,Travel noted near Nagpur Hub 118 in Guwahati.,CASE0085
EV00114,P00327,Financial Activity,2022-02-16 05:30:06,Financial Activity noted near Hyderabad Market 131 in Ranchi.,CASE0162
EV00115,P00860,Property Transfer,2024-02-12 21:51:28,Property Transfer noted near Nagpur Hub 103 in Kochi.,CASE0192
EV00116,P00477,Observation,2025-10-03 05:03:19,Observation noted near Lucknow Colony 29 in Kochi.,CASE0016
EV00117,P00547,Financial Activity,2024-08-17 15:03:43,Financial Activity noted near Indore Market 23 in Chandigarh.,CASE0120
EV00118,P01386,Financial Activity,2025-01-30 23:26:53,Financial Activity noted near Surat Plaza 40 in Ahmedabad.,CASE0209
EV00119,P01355,Financial Activity,2023-10-28 05:06:56,Financial Activity noted near Lucknow Colony 73 in Visakhapatnam.,CASE0224
EV00120,P00736,Property Transfer,2022-06-11 07:12:26,Property Transfer noted near Surat Hub 20 in Ahmedabad.,CASE0106
EV00121,P01752,Observation,2023-07-20 15:42:22,Observation noted near Visakhapatnam Tower 124 in Indore.,CASE0148
EV00122,P00066,Financial Activity,2024-02-17 12:14:46,Financial Activity noted near Jaipur Market 31 in Patna.,CASE0021
EV00123,P00593,Property Transfer,2025-05-30 19:58:44,Property Transfer noted near Kolkata Hub 143 in Hyderabad.,CASE0012
EV00124,P00776,Observation,2023-08-31 13:34:08,Observation noted near Chennai Colony 48 in Delhi.,CASE0124
EV00125,P00542,Travel,2023-01-17 22:27:00,Travel noted near Bhopal Hub 113 in Nagpur.,CASE0234
EV00126,P00055,Travel,2022-03-31 04:35:35,Travel noted near Indore Market 83 in Nagpur.,CASE0172
EV00127,P00448,Financial Activity,2024-07-27 14:14:36,Financial Activity noted near Guwahati Colony 11 in Surat.,CASE0016
EV00128,P00748,Observation,2025-01-31 21:25:02,Observation noted near Hyderabad Tower 85 in Bhopal.,CASE0132
EV00129,P01653,Meeting,2022-07-18 14:20:17,Meeting noted near Visakhapatnam Junction 110 in Delhi.,CASE0074
EV00130,P00866,Travel,2023-07-23 06:42:29,Travel noted near Bhopal Junction 151 in Guwahati.,CASE0128
EV00131,P01288,Incident,2025-07-27 22:43:20,Incident noted near Hyderabad Park 81 in Guwahati.,CASE0209
EV00132,P00190,Financial Activity,2025-08-28 01:06:37,Financial Activity noted near Hyderabad Hub 16 in Pune.,CASE0043
EV00133,P00477,Meeting,2023-07-07 15:44:36,Meeting noted near Hyderabad Tower 85 in Kochi.,CASE0149
EV00134,P00920,Incident,2024-02-03 11:59:11,Incident noted near Kochi Park 117 in Nagpur.,CASE0138
EV00135,P00319,Observation,2024-09-15 01:09:41,Observation noted near Kochi Park 117 in Bengaluru.,CASE0213
EV00136,P01828,Incident,2022-08-07 07:28:26,Incident noted near Ahmedabad Tower 98 in Chandigarh.,CASE0060
EV00137,P00728,Observation,2023-04-17 05:49:08,Observation noted near Chennai Tower 134 in Patna.,CASE0169
EV00138,P01658,Financial Activity,2025-10-30 10:11:18,Financial Activity noted near Chandigarh Hub 74 in Nagpur.,CASE0213
EV00139,P00448,Incident,2022-03-26 00:30:44,Incident noted near Jaipur Market 31 in Surat.,CASE0007
EV00140,P01658,Property Transfer,2022-03-25 21:12:11,Property Transfer noted near Hyderabad Plaza 22 in Nagpur.,CASE0034
EV00141,P00162,Meeting,2022-11-15 10:24:28,Meeting noted near Kochi Park 117 in Lucknow.,CASE0226
EV00142,P00865,Property Transfer,2025-12-19 10:15:42,Property Transfer noted near Lucknow Park 79 in Bengaluru.,CASE0179
EV00143,P01828,Meeting,2024-11-21 05:47:14,Meeting noted near Jaipur Plaza 78 in Chandigarh.,CASE0130
EV00144,P00542,Financial Activity,2023-12-08 14:13:03,Financial Activity noted near Chennai Hub 5 in Nagpur.,CASE0066
EV00145,P00458,Financial Activity,2023-01-16 16:22:08,Financial Activity noted near Kochi Park 115 in Ranchi.,CASE0041
EV00146,P00327,Meeting,2025-09-26 00:22:12,Meeting noted near Lucknow Park 19 in Ranchi.,CASE0187
EV00147,P00542,Incident,2025-05-22 07:21:22,Incident noted near Patna Market 67 in Nagpur.,CASE0005
EV00148,P00690,Meeting,2023-04-17 01:09:24,Meeting noted near Bhopal Junction 151 in Kolkata.,CASE0177
EV00149,P01752,Financial Activity,2024-12-27 08:00:17,Financial Activity noted near Bhopal Park 68 in Indore.,CASE0025
EV00150,P01651,Property Transfer,2025-01-01 06:04:32,Property Transfer noted near Lucknow Park 53 in Indore.,CASE0165
EV00151,P00094,Financial Activity,2025-07-22 14:23:56,Financial Activity noted near Patna Market 67 in Lucknow.,CASE0117
EV00152,P01386,Meeting,2025-05-30 16:26:16,Meeting noted near Nagpur Hub 26 in Ahmedabad.,CASE0008
EV00153,P01517,Property Transfer,2022-07-07 17:33:06,Property Transfer noted near Chandigarh Tower 157 in Lucknow.,CASE0056
EV00154,P00736,Meeting,2023-11-05 14:46:02,Meeting noted near Delhi Park 47 in Ahmedabad.,CASE0207
EV00155,P01495,Travel,2023-07-01 08:50:36,Travel noted near Surat Plaza 40 in Hyderabad.,CASE0180
EV00156,P00736,Incident,2024-09-04 21:35:25,Incident noted near Chandigarh Hub 1 in Ahmedabad.,CASE0097
EV00157,P00052,Meeting,2025-10-23 08:01:30,Meeting noted near Visakhapatnam Tower 124 in Bengaluru.,CASE0093
EV00158,P00055,Financial Activity,2022-07-14 21:14:54,Financial Activity noted near Kochi Market 28 in Nagpur.,CASE0106
EV00159,P01443,Observation,2025-05-05 06:45:52,Observation noted near Lucknow Park 94 in Delhi.,CASE0116
EV00160,P00319,Travel,2022-05-04 15:58:26,Travel noted near Bhopal Plaza 160 in Bengaluru.,CASE0034
EV00161,P00089,Meeting,2025-08-21 07:36:58,Meeting noted near Visakhapatnam Tower 42 in Guwahati.,CASE0149
EV00162,P00547,Observation,2025-03-08 17:52:10,Observation noted near Surat Tower 108 in Chandigarh.,CASE0022
EV00163,P00502,Financial Activity,2023-07-30 17:34:10,Financial Activity noted near Hyderabad Colony 145 in Patna.,CASE0237
EV00164,P01467,Observation,2024-01-18 03:17:15,Observation noted near Hyderabad Colony 145 in Chandigarh.,CASE0222
EV00165,P00776,Meeting,2024-08-18 08:21:51,Meeting noted near Hyderabad Hub 12 in Delhi.,CASE0054
EV00166,P00199,Travel,2025-11-10 18:32:14,Travel noted near Kochi Park 121 in Ranchi.,CASE0237
EV00167,P01775,Meeting,2023-07-24 09:14:00,Meeting noted near Chennai Hub 5 in Kolkata.,CASE0137
EV00168,P00334,Financial Activity,2023-02-25 01:20:12,Financial Activity noted near Surat Plaza 122 in Bhopal.,CASE0006
EV00169,P00164,Financial Activity,2023-09-23 12:54:24,Financial Activity noted near Ranchi Market 132 in Indore.,CASE0106
EV00170,P00256,Travel,2023-10-14 11:41:10,Travel noted near Kochi Plaza 107 in Delhi.,CASE0036
EV00171,P00502,Incident,2023-07-03 10:24:34,Incident noted near Indore Hub 2 in Patna.,CASE0210
EV00172,P00570,Property Transfer,2023-05-02 18:00:21,Property Transfer noted near Visakhapatnam Market 50 in Chennai.,CASE0107
EV00173,P00229,Property Transfer,2022-12-23 23:06:57,Property Transfer noted near Indore Market 83 in Visakhapatnam.,CASE0172
EV00174,P00502,Meeting,2022-05-02 10:52:09,Meeting noted near Visakhapatnam Hub 38 in Patna.,CASE0228
EV00175,P00564,Meeting,2022-09-30 09:10:25,Meeting noted near Visakhapatnam Hub 112 in Surat.,CASE0031
EV00176,P01437,Financial Activity,2022-03-20 02:31:58,Financial Activity noted near Visakhapatnam Tower 14 in Kolkata.,CASE0088
EV00177,P01237,Meeting,2025-06-26 08:37:43,Meeting noted near Nagpur Market 32 in Ahmedabad.,CASE0103
EV00178,P01658,Meeting,2022-11-28 19:15:51,Meeting noted near Kochi Market 28 in Nagpur.,CASE0213
EV00179,P01331,Meeting,2022-09-28 04:43:23,Meeting noted near Indore Market 93 in Mumbai.,CASE0055
EV00180,P01386,Travel,2022-03-06 02:09:05,Travel noted near Mumbai Plaza 27 in Ahmedabad.,CASE0116
EV00181,P01131,Incident,2025-03-17 14:27:43,Incident noted near Kolkata Tower 75 in Kochi.,CASE0211
EV00182,P01699,Travel,2025-11-04 02:07:00,Travel noted near Indore Market 93 in Surat.,CASE0006
EV00183,P01373,Incident,2022-10-02 12:04:56,Incident noted near Patna Hub 52 in Jaipur.,CASE0007
EV00184,P01331,Meeting,2023-05-18 07:09:09,Meeting noted near Surat Park 62 in Mumbai.,CASE0229
EV00185,P01210,Meeting,2022-07-01 16:20:23,Meeting noted near Patna Market 70 in Patna.,CASE0057
EV00186,P00394,Property Transfer,2025-02-10 10:18:43,Property Transfer noted near Chennai Colony 69 in Guwahati.,CASE0124
EV00187,P01699,Observation,2022-10-08 19:31:26,Observation noted near Indore Tower 39 in Surat.,CASE0240
EV00188,P00256,Incident,2022-10-26 06:13:38,Incident noted near Delhi Park 47 in Delhi.,CASE0147
EV00189,P00062,Travel,2024-09-19 18:46:06,Travel noted near Kolkata Tower 30 in Lucknow.,CASE0123
EV00190,P00860,Observation,2025-04-11 17:59:28,Observation noted near Visakhapatnam Plaza 120 in Kochi.,CASE0071
EV00191,P01517,Property Transfer,2025-03-23 02:00:52,Property Transfer noted near Indore Market 83 in Lucknow.,CASE0180
EV00192,P00866,Meeting,2023-03-28 01:07:35,Meeting noted near Lucknow Park 79 in Guwahati.,CASE0014
EV00193,P00502,Incident,2024-03-14 18:23:40,Incident noted near Chandigarh Colony 99 in Patna.,CASE0163
EV00194,P01517,Financial Activity,2022-01-01 03:39:13,Financial Activity noted near Pune Colony 59 in Lucknow.,CASE0160
EV00195,P00564,Property Transfer,2022-01-23 21:38:55,Property Transfer noted near Lucknow Park 19 in Surat.,CASE0125
EV00196,P01653,Travel,2023-06-28 04:33:29,Travel noted near Bhopal Colony 97 in Delhi.,CASE0117
EV00197,P00192,Property Transfer,2022-07-31 16:23:12,Property Transfer noted near Mumbai Plaza 27 in Delhi.,CASE0111
EV00198,P00697,Financial Activity,2023-03-30 01:26:46,Financial Activity noted near Pune Junction 25 in Chennai.,CASE0224
EV00199,P00741,Financial Activity,2025-03-30 07:28:37,Financial Activity noted near Nagpur Plaza 106 in Ahmedabad.,CASE0026
EV00200,P00920,Meeting,2025-05-16 14:30:52,Meeting noted near Bengaluru Market 43 in Nagpur.,CASE0008
EV00201,P00705,Meeting,2023-01-27 03:29:12,Meeting noted near Hyderabad Tower 85 in Visakhapatnam.,CASE0172
EV00202,P01584,Property Transfer,2023-11-16 01:12:03,Property Transfer noted near Visakhapatnam Hub 38 in Lucknow.,CASE0238
EV00203,P01373,Travel,2025-02-24 16:04:15,Travel noted near Pune Market 17 in Jaipur.,CASE0080
EV00204,P00162,Travel,2023-08-14 16:15:50,Travel noted near Chennai Tower 134 in Lucknow.,CASE0072
EV00205,P00458,Incident,2025-03-25 05:29:22,Incident noted near Guwahati Hub 60 in Ranchi.,CASE0199
EV00206,P01131,Travel,2025-06-19 01:15:21,Travel noted near Kochi Market 28 in Kochi.,CASE0039
EV00207,P00192,Financial Activity,2023-10-04 05:50:08,Financial Activity noted near Mumbai Hub 76 in Delhi.,CASE0215
EV00208,P00190,Observation,2024-08-31 14:30:19,Observation noted near Hyderabad Market 131 in Pune.,CASE0102
EV00209,P01699,Observation,2022-07-30 06:33:52,Observation noted near Delhi Park 47 in Surat.,CASE0220
EV00210,P00570,Incident,2025-04-02 09:10:39,Incident noted near Chennai Tower 134 in Chennai.,CASE0024
EV00211,P00941,Meeting,2025-03-28 01:42:03,Meeting noted near Delhi Junction 8 in Ahmedabad.,CASE0047
EV00212,P01993,Financial Activity,2024-11-20 03:48:28,Financial Activity noted near Visakhapatnam Tower 14 in Kochi.,CASE0222
EV00213,P00190,Meeting,2022-04-29 13:58:36,Meeting noted near Visakhapatnam Colony 6 in Pune.,CASE0094
EV00214,P00564,Travel,2025-05-26 02:49:42,Travel noted near Mumbai Park 41 in Surat.,CASE0008
EV00215,P00779,Financial Activity,2025-08-24 13:40:01,Financial Activity noted near Jaipur Market 31 in Delhi.,CASE0047
EV00216,P01699,Incident,2025-02-23 10:51:06,Incident noted near Visakhapatnam Hub 112 in Surat.,CASE0021
EV00217,P00705,Meeting,2022-11-04 15:24:13,Meeting noted near Hyderabad Park 7 in Visakhapatnam.,CASE0025
EV00218,P00179,Incident,2023-04-08 17:26:21,Incident noted near Kochi Plaza 107 in Bengaluru.,CASE0038
EV00219,P01517,Financial Activity,2024-02-14 13:45:32,Financial Activity noted near Visakhapatnam Colony 72 in Lucknow.,CASE0098
EV00220,P01373,Travel,2022-08-11 00:05:03,Travel noted near Bengaluru Tower 66 in Jaipur.,CASE0174
EV00221,P01919,Financial Activity,2022-05-27 18:20:52,Financial Activity noted near Nagpur Colony 80 in Ahmedabad.,CASE0209
EV00222,P00477,Financial Activity,2023-12-24 00:59:32,Financial Activity noted near Bhopal Plaza 160 in Kochi.,CASE0076
EV00223,P00452,Observation,2023-04-30 14:39:34,Observation noted near Chandigarh Plaza 89 in Chandigarh.,CASE0005
EV00224,P01302,Travel,2024-06-17 11:47:02,Travel noted near Guwahati Plaza 152 in Kolkata.,CASE0101
EV00225,P00542,Meeting,2024-03-02 03:12:23,Meeting noted near Ahmedabad Plaza 33 in Nagpur.,CASE0153
EV00226,P00334,Financial Activity,2023-10-09 02:09:32,Financial Activity noted near Mumbai Hub 76 in Bhopal.,CASE0110
EV00227,P00192,Observation,2023-01-01 08:25:44,Observation noted near Indore Market 83 in Delhi.,CASE0166
EV00228,P01099,Travel,2024-08-13 17:41:44,Travel noted near Nagpur Hub 118 in Hyderabad.,CASE0220
EV00229,P00866,Meeting,2023-05-11 09:08:53,Meeting noted near Indore Market 136 in Guwahati.,CASE0012
EV00230,P01438,Observation,2024-01-27 19:30:09,Observation noted near Chennai Park 96 in Delhi.,CASE0120
EV00231,P01564,Observation,2025-04-10 22:09:29,Observation noted near Visakhapatnam Tower 124 in Kolkata.,CASE0116
EV00232,P01752,Property Transfer,2025-08-22 03:40:52,Property Transfer noted near Ranchi Park 95 in Indore.,CASE0154
EV00233,P01495,Financial Activity,2025-01-15 23:45:08,Financial Activity noted near Visakhapatnam Tower 14 in Hyderabad.,CASE0097
EV00234,P00052,Financial Activity,2023-08-23 15:50:21,Financial Activity noted near Ahmedabad Plaza 33 in Bengaluru.,CASE0178
EV00235,P00055,Meeting,2022-12-03 11:38:17,Meeting noted near Kolkata Park 15 in Nagpur.,CASE0026
EV00236,P00441,Meeting,2022-03-06 03:30:44,Meeting noted near Guwahati Hub 60 in Kolkata.,CASE0167
EV00237,P00866,Travel,2023-03-01 19:55:51,Travel noted near Bhopal Hub 64 in Guwahati.,CASE0101
EV00238,P00690,Financial Activity,2023-06-19 21:38:38,Financial Activity noted near Hyderabad Plaza 102 in Kolkata.,CASE0229
EV00239,P00319,Travel,2022-07-24 03:30:02,Travel noted near Kochi Tower 126 in Bengaluru.,CASE0096
EV00240,P00929,Incident,2024-03-03 12:30:04,Incident noted near Pune Tower 71 in Chandigarh.,CASE0202
EV00241,P01736,Incident,2023-05-23 01:28:33,Incident noted near Ahmedabad Plaza 33 in Lucknow.,CASE0091
EV00242,P00210,Property Transfer,2024-01-12 21:24:06,Property Transfer noted near Indore Tower 128 in Pune.,CASE0097
EV00243,P01699,Incident,2022-08-10 07:16:52,Incident noted near Visakhapatnam Tower 124 in Surat.,CASE0066
EV00244,P01386,Meeting,2022-04-10 00:39:02,Meeting noted near Kochi Market 28 in Ahmedabad.,CASE0084
EV00245,P00179,Travel,2024-05-29 22:35:14,Travel noted near Surat Plaza 122 in Bengaluru.,CASE0189
EV00246,P00865,Financial Activity,2024-12-06 20:24:02,Financial Activity noted near Jaipur Market 31 in Bengaluru.,CASE0056
EV00247,P00190,Travel,2023-10-06 16:36:06,Travel noted near Chennai Colony 153 in Pune.,CASE0209
EV00248,P01355,Observation,2022-06-03 16:04:17,Observation noted near Visakhapatnam Colony 72 in Visakhapatnam.,CASE0175
EV00249,P00920,Travel,2025-02-21 01:21:39,Travel noted near Delhi Colony 133 in Nagpur.,CASE0045
EV00250,P00319,Observation,2023-10-02 13:18:26,Observation noted near Bengaluru Market 43 in Bengaluru.,CASE0030
EV00251,P00865,Incident,2024-08-08 05:47:48,Incident noted near Visakhapatnam Hub 123 in Bengaluru.,CASE0013
EV00252,P00467,Meeting,2025-05-28 02:12:33,Meeting noted near Patna Market 67 in Chennai.,CASE0182
EV00253,P00210,Meeting,2025-04-08 06:46:08,Meeting noted near Chennai Colony 153 in Pune.,CASE0048
EV00254,P01736,Travel,2022-01-15 22:10:19,Travel noted near Hyderabad Tower 85 in Lucknow.,CASE0005
EV00255,P01233,Property Transfer,2024-04-12 16:27:51,Property Transfer noted near Ranchi Plaza 100 in Surat.,CASE0051
EV00256,P00759,Financial Activity,2022-01-28 18:26:45,Financial Activity noted near Bengaluru Tower 66 in Jaipur.,CASE0038
EV00257,P01653,Observation,2024-12-21 21:46:16,Observation noted near Nagpur Plaza 106 in Delhi.,CASE0091
EV00258,P01509,Observation,2025-05-21 14:58:59,Observation noted near Lucknow Colony 87 in Lucknow.,CASE0208
EV00259,P01709,Financial Activity,2022-07-14 18:09:30,Financial Activity noted near Guwahati Park 158 in Patna.,CASE0100
EV00260,P01437,Observation,2022-08-14 17:27:05,Observation noted near Ranchi Plaza 100 in Kolkata.,CASE0195
EV00261,P01509,Incident,2025-05-25 10:23:02,Incident noted near Chennai Tower 134 in Lucknow.,CASE0190
EV00262,P00062,Property Transfer,2025-01-01 10:23:39,Property Transfer noted near Hyderabad Tower 10 in Lucknow.,CASE0203
EV00263,P00014,Travel,2025-03-22 13:25:42,Travel noted near Indore Junction 101 in Hyderabad.,CASE0118
EV00264,P00441,Observation,2025-01-18 15:21:02,Observation noted near Guwahati Park 61 in Kolkata.,CASE0106
EV00265,P00779,Travel,2025-03-07 04:46:25,Travel noted near Patna Market 70 in Delhi.,CASE0165
EV00266,P00052,Financial Activity,2022-06-28 17:33:34,Financial Activity noted near Ranchi Colony 111 in Bengaluru.,CASE0041
EV00267,P00094,Incident,2022-03-15 17:49:16,Incident noted near Chennai Colony 48 in Lucknow.,CASE0124
EV00268,P01993,Observation,2022-12-19 14:20:23,Observation noted near Patna Hub 52 in Kochi.,CASE0029
EV00269,P01310,Property Transfer,2025-08-18 04:03:02,Property Transfer noted near Mumbai Hub 138 in Ranchi.,CASE0044
EV00270,P01993,Incident,2024-03-03 06:59:15,Incident noted near Visakhapatnam Junction 110 in Kochi.,CASE0150
EV00271,P01509,Incident,2023-12-02 23:58:00,Incident noted near Guwahati Park 158 in Lucknow.,CASE0075
EV00272,P01430,Property Transfer,2024-06-19 01:17:31,Property Transfer noted near Nagpur Colony 80 in Mumbai.,CASE0076
EV00273,P00210,Incident,2023-12-04 11:10:19,Incident noted near Kolkata Park 15 in Pune.,CASE0214
EV00274,P01584,Financial Activity,2024-11-05 00:25:33,Financial Activity noted near Hyderabad Hub 16 in Lucknow.,CASE0114
EV00275,P00327,Travel,2025-11-23 20:55:42,Travel noted near Pune Tower 71 in Ranchi.,CASE0094
EV00276,P01651,Property Transfer,2024-08-15 19:40:40,Property Transfer noted near Guwahati Plaza 92 in Indore.,CASE0165
EV00277,P01310,Incident,2024-05-23 02:00:06,Incident noted near Pune Junction 25 in Ranchi.,CASE0185
EV00278,P00052,Financial Activity,2025-05-08 11:53:02,Financial Activity noted near Nagpur Tower 130 in Bengaluru.,CASE0213
EV00279,P01288,Financial Activity,2024-06-21 14:05:08,Financial Activity noted near Bhopal Junction 151 in Guwahati.,CASE0136
EV00280,P00929,Meeting,2023-03-03 05:35:53,Meeting noted near Hyderabad Tower 10 in Chandigarh.,CASE0166
EV00281,P01117,Observation,2022-05-08 12:36:53,Observation noted near Visakhapatnam Tower 42 in Bengaluru.,CASE0180
EV00282,P01765,Meeting,2025-05-01 09:31:45,Meeting noted near Nagpur Junction 116 in Delhi.,CASE0013
EV00283,P00143,Incident,2023-08-18 11:07:44,Incident noted near Chennai Plaza 139 in Mumbai.,CASE0235
EV00284,P00089,Meeting,2024-04-22 08:38:22,Meeting noted near Guwahati Hub 129 in Guwahati.,CASE0080
EV00285,P00860,Observation,2022-04-05 13:59:55,Observation noted near Bhopal Plaza 160 in Kochi.,CASE0194
EV00286,P01183,Financial Activity,2023-04-04 11:36:24,Financial Activity noted near Mumbai Plaza 27 in Bhopal.,CASE0232
EV00287,P01430,Travel,2023-01-03 00:54:22,Travel noted near Nagpur Colony 80 in Mumbai.,CASE0144
EV00288,P00062,Observation,2022-09-21 07:37:44,Observation noted near Bengaluru Market 43 in Lucknow.,CASE0203
EV00289,P00286,Financial Activity,2022-09-04 02:20:43,Financial Activity noted near Guwahati Plaza 152 in Mumbai.,CASE0213
EV00290,P00728,Travel,2024-12-16 22:16:06,Travel noted near Lucknow Colony 149 in Patna.,CASE0232
EV00291,P00866,Incident,2025-01-12 06:04:54,Incident noted near Hyderabad Hub 12 in Guwahati.,CASE0194
EV00292,P01584,Observation,2023-01-09 21:37:54,Observation noted near Chandigarh Hub 1 in Lucknow.,CASE0072
EV00293,P00458,Travel,2023-01-08 08:32:42,Travel noted near Visakhapatnam Junction 21 in Ranchi.,CASE0005
EV00294,P00865,Financial Activity,2024-12-13 04:56:07,Financial Activity noted near Chennai Plaza 139 in Bengaluru.,CASE0071
EV00295,P00408,Observation,2025-06-30 12:50:39,Observation noted near Delhi Colony 133 in Delhi.,CASE0002
EV00296,P00430,Travel,2023-03-09 13:32:09,Travel noted near Hyderabad Plaza 22 in Chennai.,CASE0146
EV00297,P01386,Meeting,2024-08-28 15:18:19,Meeting noted near Pune Market 65 in Ahmedabad.,CASE0102
EV00298,P00286,Meeting,2022-10-31 23:49:53,Meeting noted near Kolkata Tower 30 in Mumbai.,CASE0045
EV00299,P01117,Observation,2024-10-24 23:49:26,Observation noted near Kochi Plaza 107 in Bengaluru.,CASE0078
EV00300,P01099,Financial Activity,2024-03-07 05:20:21,Financial Activity noted near Lucknow Colony 29 in Hyderabad.,CASE0030
EV00301,P01355,Property Transfer,2024-07-12 00:02:39,Property Transfer noted near Indore Tower 39 in Visakhapatnam.,CASE0134
EV00302,P01117,Travel,2023-11-11 22:35:56,Travel noted near Nagpur Junction 116 in Bengaluru.,CASE0203
EV00303,P00458,Financial Activity,2023-06-05 11:10:22,Financial Activity noted near Bhopal Colony 97 in Ranchi.,CASE0211
EV00304,P00207,Observation,2024-12-10 11:12:33,Observation noted near Bhopal Park 68 in Mumbai.,CASE0207
EV00305,P01302,Travel,2023-12-15 18:39:13,Travel noted near Ranchi Junction 140 in Kolkata.,CASE0169
EV00306,P00776,Observation,2024-03-04 14:45:17,Observation noted near Visakhapatnam Hub 112 in Delhi.,CASE0059
EV00307,P00430,Financial Activity,2022-10-13 11:52:50,Financial Activity noted near Chandigarh Hub 74 in Chennai.,CASE0029
EV00308,P00748,Incident,2023-05-19 18:29:32,Incident noted near Delhi Junction 46 in Bhopal.,CASE0235
EV00309,P01331,Property Transfer,2025-03-25 19:28:12,Property Transfer noted near Guwahati Park 158 in Mumbai.,CASE0105
EV00310,P00866,Financial Activity,2023-11-12 08:24:59,Financial Activity noted near Indore Tower 39 in Guwahati.,CASE0154
EV00311,P00052,Meeting,2025-01-27 04:17:18,Meeting noted near Kolkata Colony 127 in Bengaluru.,CASE0091
EV00312,P00055,Financial Activity,2024-06-19 14:30:19,Financial Activity noted near Chennai Colony 48 in Nagpur.,CASE0038
EV00313,P00458,Travel,2025-08-19 09:52:56,Travel noted near Visakhapatnam Junction 21 in Ranchi.,CASE0099
EV00314,P00759,Property Transfer,2023-11-18 15:32:31,Property Transfer noted near Visakhapatnam Junction 34 in Jaipur.,CASE0067
EV00315,P00601,Financial Activity,2023-10-13 07:16:01,Financial Activity noted near Indore Tower 146 in Chennai.,CASE0044
EV00316,P01131,Financial Activity,2023-03-25 10:42:10,Financial Activity noted near Kochi Plaza 107 in Kochi.,CASE0234
EV00317,P01183,Property Transfer,2024-11-27 21:05:45,Property Transfer noted near Delhi Junction 46 in Bhopal.,CASE0042
EV00318,P00210,Property Transfer,2023-04-10 00:24:34,Property Transfer noted near Delhi Market 141 in Pune.,CASE0239
EV00319,P01765,Meeting,2022-11-11 23:58:34,Meeting noted near Delhi Hub 82 in Delhi.,CASE0238
EV00320,P01430,Incident,2024-05-03 23:34:43,Incident noted near Bengaluru Tower 66 in Mumbai.,CASE0173
EV00321,P00089,Property Transfer,2024-06-18 22:41:33,Property Transfer noted near Guwahati Plaza 92 in Guwahati.,CASE0130
EV00322,P00467,Incident,2023-04-11 04:48:53,Incident noted near Guwahati Hub 60 in Chennai.,CASE0228
EV00323,P01699,Property Transfer,2024-04-21 14:44:18,Property Transfer noted near Mumbai Hub 76 in Surat.,CASE0058
EV00324,P00066,Travel,2022-10-03 21:48:14,Travel noted near Ranchi Plaza 100 in Patna.,CASE0179
EV00325,P00601,Meeting,2025-05-09 02:54:36,Meeting noted near Delhi Hub 82 in Chennai.,CASE0134
EV00326,P00162,Financial Activity,2022-05-26 02:49:07,Financial Activity noted near Jaipur Plaza 78 in Lucknow.,CASE0238
EV00327,P01509,Financial Activity,2023-08-07 07:08:26,Financial Activity noted near Visakhapatnam Hub 123 in Lucknow.,CASE0068
EV00328,P00334,Incident,2022-07-23 22:56:52,Incident noted near Lucknow Park 19 in Bhopal.,CASE0061
EV00329,P01736,Financial Activity,2024-07-29 20:25:31,Financial Activity noted near Chennai Tower 24 in Lucknow.,CASE0210
EV00330,P01210,Incident,2024-09-08 20:29:41,Incident noted near Kolkata Colony 127 in Patna.,CASE0010
EV00331,P00920,Travel,2025-03-19 01:37:29,Travel noted near Lucknow Park 94 in Nagpur.,CASE0024
EV00332,P01495,Meeting,2024-02-29 23:13:35,Meeting noted near Surat Park 62 in Hyderabad.,CASE0217
EV00333,P01467,Financial Activity,2023-02-04 13:28:32,Financial Activity noted near Delhi Park 49 in Chandigarh.,CASE0202
EV00334,P00229,Travel,2025-04-23 00:14:01,Travel noted near Surat Hub 9 in Visakhapatnam.,CASE0203
EV00335,P01331,Travel,2024-08-03 22:46:20,Travel noted near Delhi Park 49 in Mumbai.,CASE0159
EV00336,P00690,Travel,2023-03-07 20:13:07,Travel noted near Visakhapatnam Junction 110 in Kolkata.,CASE0057
EV00337,P00448,Travel,2024-04-22 12:51:00,Travel noted near Lucknow Colony 73 in Surat.,CASE0202
EV00338,P00199,Financial Activity,2024-01-10 02:41:19,Financial Activity noted near Delhi Junction 8 in Ranchi.,CASE0105
EV00339,P00164,Incident,2024-07-25 21:19:55,Incident noted near Pune Junction 25 in Indore.,CASE0035
EV00340,P01519,Property Transfer,2025-07-14 01:59:10,Property Transfer noted near Ranchi Market 132 in Delhi.,CASE0178
EV00341,P00458,Meeting,2022-09-10 04:59:16,Meeting noted near Nagpur Tower 104 in Ranchi.,CASE0019
EV00342,P00192,Financial Activity,2024-05-26 12:12:29,Financial Activity noted near Guwahati Colony 11 in Delhi.,CASE0216
EV00343,P00162,Meeting,2023-05-12 19:09:06,Meeting noted near Bhopal Junction 151 in Lucknow.,CASE0091
EV00344,P00759,Incident,2022-07-26 06:54:39,Incident noted near Bhopal Hub 113 in Jaipur.,CASE0191
EV00345,P00690,Financial Activity,2022-09-17 16:51:09,Financial Activity noted near Visakhapatnam Junction 110 in Kolkata.,CASE0091
EV00346,P00055,Observation,2024-05-18 20:41:11,Observation noted near Hyderabad Park 81 in Nagpur.,CASE0087
EV00347,P00162,Incident,2023-06-17 08:04:04,Incident noted near Chennai Plaza 139 in Lucknow.,CASE0035
EV00348,P00334,Meeting,2022-10-15 22:15:36,Meeting noted near Ahmedabad Plaza 33 in Bhopal.,CASE0160
EV00349,P01467,Property Transfer,2022-01-20 18:50:51,Property Transfer noted near Bhopal Junction 58 in Chandigarh.,CASE0018
EV00350,P01736,Financial Activity,2022-03-12 14:10:58,Financial Activity noted near Nagpur Junction 37 in Lucknow.,CASE0179
EV00351,P01467,Financial Activity,2023-05-01 16:13:14,Financial Activity noted near Hyderabad Tower 85 in Chandigarh.,CASE0187
EV00352,P01267,Property Transfer,2022-06-01 06:00:03,Property Transfer noted near Kochi Park 117 in Chennai.,CASE0189
EV00353,P00542,Property Transfer,2024-10-04 01:37:48,Property Transfer noted near Delhi Park 49 in Nagpur.,CASE0033
EV00354,P01210,Incident,2023-09-14 23:23:51,Incident noted near Patna Hub 52 in Patna.,CASE0055
EV00355,P00448,Financial Activity,2025-12-29 08:00:59,Financial Activity noted near Lucknow Colony 87 in Surat.,CASE0223
EV00356,P00179,Financial Activity,2022-05-29 14:29:46,Financial Activity noted near Delhi Hub 82 in Bengaluru.,CASE0024
EV00357,P01555,Travel,2022-01-05 23:20:43,Travel noted near Guwahati Park 158 in Guwahati.,CASE0020
EV00358,P01237,Property Transfer,2024-04-26 14:32:25,Property Transfer noted near Indore Hub 2 in Ahmedabad.,CASE0017
EV00359,P00164,Travel,2023-07-23 10:31:02,Travel noted near Delhi Park 49 in Indore.,CASE0195
EV00360,P00066,Incident,2025-05-23 15:01:15,Incident noted near Nagpur Junction 36 in Patna.,CASE0003
EV00361,P00564,Incident,2025-09-07 16:32:21,Incident noted near Surat Hub 154 in Surat.,CASE0128
EV00362,P00448,Observation,2022-07-08 06:04:59,Observation noted near Visakhapatnam Hub 38 in Surat.,CASE0063
EV00363,P01207,Observation,2024-11-10 11:17:27,Observation noted near Mumbai Hub 55 in Kochi.,CASE0217
EV00364,P01775,Financial Activity,2022-02-24 18:37:31,Financial Activity noted near Indore Market 136 in Kolkata.,CASE0224
EV00365,P00690,Meeting,2025-06-23 18:13:23,Meeting noted near Mumbai Park 41 in Kolkata.,CASE0161
EV00366,P01183,Property Transfer,2024-06-25 08:06:44,Property Transfer noted near Guwahati Hub 129 in Bhopal.,CASE0101
EV00367,P01355,Property Transfer,2025-04-26 17:00:55,Property Transfer noted near Kolkata Tower 75 in Visakhapatnam.,CASE0146
EV00368,P01509,Meeting,2022-03-14 10:44:17,Meeting noted near Jaipur Colony 56 in Lucknow.,CASE0180
EV00369,P01889,Property Transfer,2022-04-26 16:45:24,Property Transfer noted near Nagpur Hub 103 in Patna.,CASE0006
EV00370,P01775,Travel,2023-06-25 13:18:00,Travel noted near Chennai Colony 153 in Kolkata.,CASE0207
EV00371,P00408,Property Transfer,2022-12-08 08:43:21,Property Transfer noted near Delhi Colony 133 in Delhi.,CASE0018
EV00372,P00210,Property Transfer,2024-02-13 17:06:49,Property Transfer noted near Mumbai Park 41 in Pune.,CASE0122
EV00373,P01509,Financial Activity,2022-11-24 19:51:48,Financial Activity noted near Chennai Tower 134 in Lucknow.,CASE0154
EV00374,P00199,Incident,2023-01-07 06:50:08,Incident noted near Visakhapatnam Junction 21 in Ranchi.,CASE0201
EV00375,P00179,Observation,2024-09-21 14:26:20,Observation noted near Mumbai Plaza 27 in Bengaluru.,CASE0133
EV00376,P01467,Financial Activity,2025-04-20 21:01:29,Financial Activity noted near Visakhapatnam Colony 6 in Chandigarh.,CASE0044
EV00377,P00458,Incident,2023-02-14 00:23:15,Incident noted near Hyderabad Junction 86 in Ranchi.,CASE0160
EV00378,P00502,Financial Activity,2025-04-25 09:19:09,Financial Activity noted near Bhopal Junction 151 in Patna.,CASE0141
EV00379,P00164,Financial Activity,2022-01-19 20:56:27,Financial Activity noted near Bhopal Hub 113 in Indore.,CASE0175
EV00380,P00741,Meeting,2024-05-21 10:47:33,Meeting noted near Indore Tower 128 in Ahmedabad.,CASE0217
EV00381,P01555,Travel,2023-01-05 01:34:44,Travel noted near Visakhapatnam Junction 34 in Guwahati.,CASE0214
EV00382,P00207,Observation,2025-10-12 08:19:14,Observation noted near Indore Park 109 in Mumbai.,CASE0025
EV00383,P00334,Incident,2025-11-13 09:05:54,Incident noted near Ranchi Park 95 in Bhopal.,CASE0193
EV00384,P00014,Travel,2024-01-26 00:15:34,Travel noted near Visakhapatnam Hub 123 in Hyderabad.,CASE0207
EV00385,P01207,Incident,2023-07-05 09:35:34,Incident noted near Jaipur Market 31 in Kochi.,CASE0055
EV00386,P00728,Incident,2022-10-11 04:41:42,Incident noted near Pune Tower 71 in Patna.,CASE0156
EV00387,P00327,Financial Activity,2023-09-24 12:17:39,Financial Activity noted near Delhi Park 47 in Ranchi.,CASE0145
EV00388,P01386,Property Transfer,2025-12-12 04:56:43,Property Transfer noted near Patna Hub 52 in Ahmedabad.,CASE0047
EV00389,P00192,Incident,2024-02-25 09:44:31,Incident noted near Ahmedabad Plaza 33 in Delhi.,CASE0123
EV00390,P00066,Observation,2024-08-07 01:05:57,Observation noted near Visakhapatnam Hub 112 in Patna.,CASE0231
EV00391,P00179,Property Transfer,2023-12-16 06:53:40,Property Transfer noted near Nagpur Junction 36 in Bengaluru.,CASE0214
EV00392,P01781,Observation,2023-12-04 01:08:41,Observation noted near Surat Hub 9 in Kochi.,CASE0135
EV00393,P01584,Travel,2022-07-11 22:10:49,Travel noted near Delhi Park 49 in Lucknow.,CASE0073
EV00394,P01517,Travel,2024-05-25 12:50:21,Travel noted near Lucknow Park 53 in Lucknow.,CASE0093
EV00395,P00458,Observation,2022-12-20 05:18:29,Observation noted near Hyderabad Tower 85 in Ranchi.,CASE0011
EV00396,P00327,Observation,2025-07-03 12:27:03,Observation noted near Mumbai Hub 55 in Ranchi.,CASE0131
EV00397,P00593,Property Transfer,2024-03-09 06:19:10,Property Transfer noted near Lucknow Colony 87 in Hyderabad.,CASE0225
EV00398,P00467,Observation,2023-10-21 13:34:25,Observation noted near Jaipur Colony 56 in Chennai.,CASE0049
EV00399,P01355,Observation,2023-02-02 16:16:15,Observation noted near Nagpur Hub 118 in Visakhapatnam.,CASE0144
EV00400,P01310,Meeting,2024-02-14 00:27:26,Meeting noted near Nagpur Colony 80 in Ranchi.,CASE0120
EV00401,P00179,Travel,2024-02-13 16:09:15,Travel noted near Kochi Tower 126 in Bengaluru.,CASE0138
EV00402,P00467,Meeting,2025-09-03 10:19:47,Meeting noted near Indore Park 109 in Chennai.,CASE0030
EV00403,P01131,Meeting,2025-02-09 19:55:51,Meeting noted near Delhi Hub 3 in Kochi.,CASE0049
EV00404,P01355,Property Transfer,2025-03-27 14:54:45,Property Transfer noted near Bengaluru Tower 66 in Visakhapatnam.,CASE0022
EV00405,P00458,Meeting,2022-08-17 01:22:51,Meeting noted near Guwahati Colony 11 in Ranchi.,CASE0090
EV00406,P00179,Travel,2023-09-30 07:03:50,Travel noted near Kochi Park 121 in Bengaluru.,CASE0080
EV00407,P00052,Property Transfer,2025-09-01 13:42:31,Property Transfer noted near Ranchi Plaza 100 in Bengaluru.,CASE0178
EV00408,P01207,Observation,2024-01-15 07:31:54,Observation noted near Hyderabad Junction 86 in Kochi.,CASE0152
EV00409,P01207,Meeting,2023-11-21 14:13:24,Meeting noted near Jaipur Market 31 in Kochi.,CASE0082
EV00410,P00728,Travel,2023-02-24 08:50:51,Travel noted near Lucknow Colony 149 in Patna.,CASE0073
EV00411,P00394,Travel,2024-01-31 11:42:40,Travel noted near Ahmedabad Plaza 33 in Guwahati.,CASE0113
EV00412,P01099,Financial Activity,2023-08-27 23:41:35,Financial Activity noted near Visakhapatnam Market 84 in Hyderabad.,CASE0070
EV00413,P00334,Property Transfer,2025-07-08 19:06:07,Property Transfer noted near Pune Tower 71 in Bhopal.,CASE0010
EV00414,P01237,Meeting,2024-10-02 20:55:28,Meeting noted near Visakhapatnam Market 50 in Ahmedabad.,CASE0035
EV00415,P00066,Meeting,2025-03-15 08:58:06,Meeting noted near Ahmedabad Plaza 35 in Patna.,CASE0039
EV00416,P01267,Incident,2025-07-29 20:03:59,Incident noted near Indore Tower 39 in Chennai.,CASE0204
EV00417,P01775,Property Transfer,2022-11-17 20:59:10,Property Transfer noted near Mumbai Hub 138 in Kolkata.,CASE0231
EV00418,P01437,Incident,2024-11-17 01:32:53,Incident noted near Chennai Colony 48 in Kolkata.,CASE0002
EV00419,P00066,Incident,2023-02-28 01:07:44,Incident noted near Guwahati Park 158 in Patna.,CASE0166
EV00420,P01267,Financial Activity,2023-09-26 01:55:47,Financial Activity noted near Kolkata Tower 75 in Chennai.,CASE0163
EV00421,P00547,Incident,2024-08-27 16:03:46,Incident noted near Kochi Plaza 107 in Chandigarh.,CASE0233
EV00422,P00327,Financial Activity,2024-03-25 10:59:39,Financial Activity noted near Lucknow Colony 149 in Ranchi.,CASE0064
EV00423,P01814,Incident,2022-06-07 08:19:58,Incident noted near Indore Market 135 in Bhopal.,CASE0205
EV00424,P00860,Meeting,2025-01-30 14:09:06,Meeting noted near Indore Market 93 in Kochi.,CASE0169
EV00425,P01467,Property Transfer,2025-09-04 17:21:58,Property Transfer noted near Jaipur Market 31 in Chandigarh.,CASE0142
EV00426,P01207,Observation,2024-07-30 22:32:54,Observation noted near Visakhapatnam Junction 34 in Kochi.,CASE0142
EV00427,P01961,Incident,2025-02-07 15:22:24,Incident noted near Ranchi Market 132 in Guwahati.,CASE0102
EV00428,P00192,Property Transfer,2022-02-05 20:55:08,Property Transfer noted near Surat Tower 108 in Delhi.,CASE0119
EV00429,P00319,Incident,2022-06-20 14:59:30,Incident noted near Hyderabad Park 81 in Bengaluru.,CASE0166
EV00430,P01509,Observation,2022-06-07 09:18:58,Observation noted near Bhopal Hub 113 in Lucknow.,CASE0034
EV00431,P00164,Meeting,2024-08-12 04:32:26,Meeting noted near Surat Park 155 in Indore.,CASE0151
EV00432,P01237,Meeting,2024-02-20 06:54:21,Meeting noted near Nagpur Plaza 106 in Ahmedabad.,CASE0153
EV00433,P00408,Financial Activity,2022-01-07 16:52:10,Financial Activity noted near Lucknow Park 53 in Delhi.,CASE0046
EV00434,P01993,Property Transfer,2025-10-30 01:02:52,Property Transfer noted near Jaipur Plaza 78 in Kochi.,CASE0031
EV00435,P01781,Incident,2023-08-21 02:05:02,Incident noted near Surat Park 155 in Kochi.,CASE0114
EV00436,P00319,Property Transfer,2024-08-08 17:42:10,Property Transfer noted near Nagpur Hub 103 in Bengaluru.,CASE0032
EV00437,P00705,Financial Activity,2023-05-05 08:05:06,Financial Activity noted near Lucknow Colony 149 in Visakhapatnam.,CASE0220
EV00438,P00866,Property Transfer,2025-05-04 02:01:45,Property Transfer noted near Guwahati Hub 129 in Guwahati.,CASE0063
EV00439,P01736,Property Transfer,2023-01-05 07:55:01,Property Transfer noted near Visakhapatnam Tower 124 in Lucknow.,CASE0056
EV00440,P01653,Travel,2025-10-22 07:31:36,Travel noted near Visakhapatnam Junction 21 in Delhi.,CASE0132
EV00441,P01183,Incident,2024-06-27 16:43:21,Incident noted near Guwahati Junction 159 in Bhopal.,CASE0126
EV00442,P00741,Meeting,2024-01-30 20:56:00,Meeting noted near Ranchi Colony 111 in Ahmedabad.,CASE0032
EV00443,P00062,Observation,2024-05-26 03:06:24,Observation noted near Bhopal Junction 58 in Lucknow.,CASE0140
EV00444,P00327,Property Transfer,2025-03-01 03:19:01,Property Transfer noted near Ahmedabad Plaza 33 in Ranchi.,CASE0194
EV00445,P00143,Property Transfer,2023-03-14 04:48:26,Property Transfer noted near Nagpur Plaza 106 in Mumbai.,CASE0160
EV00446,P00055,Observation,2023-12-17 00:54:09,Observation noted near Visakhapatnam Colony 6 in Nagpur.,CASE0090
EV00447,P00570,Property Transfer,2025-06-25 04:44:43,Property Transfer noted near Nagpur Junction 116 in Chennai.,CASE0226
EV00448,P00441,Financial Activity,2024-02-13 00:48:07,Financial Activity noted near Visakhapatnam Plaza 120 in Kolkata.,CASE0170
EV00449,P00860,Observation,2024-08-30 03:30:27,Observation noted near Lucknow Junction 137 in Kochi.,CASE0060
EV00450,P01555,Property Transfer,2025-04-19 09:56:57,Property Transfer noted near Lucknow Park 53 in Guwahati.,CASE0044
EV00451,P01150,Property Transfer,2023-04-12 11:56:22,Property Transfer noted near Kochi Park 115 in Guwahati.,CASE0177
EV00452,P01495,Financial Activity,2025-12-20 01:43:49,Financial Activity noted near Lucknow Park 19 in Hyderabad.,CASE0142
EV00453,P00199,Property Transfer,2022-10-29 11:05:43,Property Transfer noted near Indore Market 136 in Ranchi.,CASE0045
EV00454,P01131,Property Transfer,2022-05-05 16:31:35,Property Transfer noted near Visakhapatnam Colony 72 in Kochi.,CASE0058
EV00455,P01267,Incident,2024-08-20 05:34:57,Incident noted near Visakhapatnam Market 50 in Chennai.,CASE0142
EV00456,P01775,Meeting,2022-07-05 03:56:09,Meeting noted near Hyderabad Colony 145 in Kolkata.,CASE0194
EV00457,P00564,Financial Activity,2025-12-14 10:26:42,Financial Activity noted near Ahmedabad Tower 98 in Surat.,CASE0083
EV00458,P01207,Financial Activity,2024-10-28 17:31:48,Financial Activity noted near Kolkata Colony 127 in Kochi.,CASE0156
EV00459,P01993,Financial Activity,2022-09-18 13:38:14,Financial Activity noted near Indore Hub 63 in Kochi.,CASE0231
EV00460,P01495,Property Transfer,2024-12-13 23:09:50,Property Transfer noted near Guwahati Hub 129 in Hyderabad.,CASE0075
EV00461,P01150,Property Transfer,2025-11-05 20:04:13,Property Transfer noted near Jaipur Market 31 in Guwahati.,CASE0159
EV00462,P01355,Observation,2024-07-17 02:31:12,Observation noted near Visakhapatnam Colony 6 in Visakhapatnam.,CASE0210
EV00463,P00759,Observation,2025-10-22 15:53:54,Observation noted near Delhi Hub 82 in Jaipur.,CASE0030
EV00464,P00697,Incident,2024-08-18 12:02:56,Incident noted near Visakhapatnam Junction 34 in Chennai.,CASE0067
EV00465,P01653,Financial Activity,2023-09-16 01:19:03,Financial Activity noted near Kochi Tower 144 in Delhi.,CASE0076
EV00466,P01207,Travel,2025-10-14 19:21:59,Travel noted near Pune Market 65 in Kochi.,CASE0167
EV00467,P00094,Financial Activity,2023-04-30 12:21:37,Financial Activity noted near Guwahati Hub 129 in Lucknow.,CASE0210
EV00468,P00866,Observation,2024-04-18 16:44:00,Observation noted near Hyderabad Market 131 in Guwahati.,CASE0113
EV00469,P00062,Meeting,2022-03-07 20:31:51,Meeting noted near Chennai Tower 134 in Lucknow.,CASE0202
EV00470,P01131,Financial Activity,2023-10-21 10:50:59,Financial Activity noted near Nagpur Hub 103 in Kochi.,CASE0238
EV00471,P00094,Property Transfer,2025-07-05 04:45:43,Property Transfer noted near Ahmedabad Tower 98 in Lucknow.,CASE0039
EV00472,P00192,Property Transfer,2024-12-22 19:00:30,Property Transfer noted near Hyderabad Park 7 in Delhi.,CASE0223
EV00473,P00779,Incident,2023-03-25 06:42:24,Incident noted near Chennai Tower 134 in Delhi.,CASE0027
EV00474,P01267,Financial Activity,2023-07-08 03:29:36,Financial Activity noted near Nagpur Hub 26 in Chennai.,CASE0129
EV00475,P01443,Observation,2025-09-21 11:00:09,Observation noted near Surat Park 155 in Delhi.,CASE0099
EV00476,P01035,Travel,2025-03-02 21:19:28,Travel noted near Jaipur Colony 56 in Chennai.,CASE0202
EV00477,P00728,Incident,2024-08-31 18:13:05,Incident noted near Jaipur Colony 114 in Patna.,CASE0045
EV00478,P00394,Travel,2024-12-16 12:23:06,Travel noted near Guwahati Park 158 in Guwahati.,CASE0046
EV00479,P01961,Incident,2025-05-12 06:25:17,Incident noted near Pune Junction 125 in Guwahati.,CASE0081
EV00480,P00866,Financial Activity,2025-10-10 01:18:14,Financial Activity noted near Pune Colony 59 in Guwahati.,CASE0027
EV00481,P01331,Observation,2024-01-14 15:31:38,Observation noted near Bhopal Hub 113 in Mumbai.,CASE0002
EV00482,P00441,Meeting,2024-11-16 06:15:45,Meeting noted near Guwahati Park 158 in Kolkata.,CASE0204
EV00483,P01183,Travel,2024-10-17 22:46:21,Travel noted near Chennai Tower 134 in Bhopal.,CASE0134
EV00484,P00564,Incident,2024-02-01 02:40:48,Incident noted near Lucknow Colony 149 in Surat.,CASE0099
EV00485,P00164,Property Transfer,2022-01-24 18:20:34,Property Transfer noted near Surat Hub 9 in Indore.,CASE0057
EV00486,P00690,Property Transfer,2025-03-17 06:26:13,Property Transfer noted near Hyderabad Colony 145 in Kolkata.,CASE0075
EV00487,P01267,Meeting,2024-06-26 22:34:08,Meeting noted near Hyderabad Tower 10 in Chennai.,CASE0177
EV00488,P01355,Travel,2025-10-04 15:34:35,Travel noted near Nagpur Tower 130 in Visakhapatnam.,CASE0051
EV00489,P01267,Meeting,2024-11-26 11:50:50,Meeting noted near Ahmedabad Tower 98 in Chennai.,CASE0044
EV00490,P01653,Financial Activity,2024-04-29 05:13:34,Financial Activity noted near Kochi Park 117 in Delhi.,CASE0143
EV00491,P01267,Travel,2023-01-23 00:45:54,Travel noted near Nagpur Junction 116 in Chennai.,CASE0125
EV00492,P00593,Observation,2023-03-08 18:32:20,Observation noted near Delhi Junction 46 in Hyderabad.,CASE0153
EV00493,P00502,Meeting,2024-05-09 12:52:38,Meeting noted near Guwahati Plaza 92 in Patna.,CASE0090
EV00494,P01517,Financial Activity,2024-11-24 02:27:16,Financial Activity noted near Kochi Park 115 in Lucknow.,CASE0180
EV00495,P01781,Observation,2022-07-21 12:36:18,Observation noted near Chennai Colony 48 in Kochi.,CASE0134
EV00496,P01386,Observation,2024-02-29 22:40:52,Observation noted near Indore Tower 39 in Ahmedabad.,CASE0018
EV00497,P00448,Travel,2022-10-06 09:13:11,Travel noted near Delhi Park 47 in Surat.,CASE0021
EV00498,P01233,Financial Activity,2025-05-29 11:09:01,Financial Activity noted near Kochi Plaza 107 in Surat.,CASE0220
EV00499,P00741,Observation,2024-04-29 21:16:43,Observation noted near Jaipur Colony 56 in Ahmedabad.,CASE0167
EV00500,P00162,Meeting,2022-04-09 03:44:17,Meeting noted near Guwahati Junction 159 in Lucknow.,CASE0037
EV00501,P01517,Financial Activity,2023-09-07 04:02:45,Financial Activity noted near Lucknow Colony 87 in Lucknow.,CASE0236
EV00502,P00143,Observation,2023-01-23 09:22:04,Observation noted near Visakhapatnam Tower 42 in Mumbai.,CASE0232
EV00503,P01355,Travel,2022-12-10 19:53:10,Travel noted near Visakhapatnam Junction 34 in Visakhapatnam.,CASE0156
EV00504,P00929,Observation,2022-07-07 12:46:38,Observation noted near Lucknow Park 53 in Chandigarh.,CASE0103
EV00505,P01752,Meeting,2025-09-02 22:38:32,Meeting noted near Lucknow Colony 29 in Indore.,CASE0107
EV00506,P00690,Meeting,2025-11-28 06:24:00,Meeting noted near Chandigarh Colony 99 in Kolkata.,CASE0193
EV00507,P00448,Travel,2022-02-15 12:27:25,Travel noted near Indore Tower 146 in Surat.,CASE0025
EV00508,P01889,Incident,2025-08-06 12:32:58,Incident noted near Kochi Park 117 in Patna.,CASE0096
EV00509,P00759,Meeting,2022-06-25 23:44:23,Meeting noted near Surat Hub 9 in Jaipur.,CASE0208
EV00510,P00327,Meeting,2024-03-29 19:05:13,Meeting noted near Nagpur Tower 130 in Ranchi.,CASE0124
EV00511,P01889,Meeting,2025-08-09 15:07:05,Meeting noted near Visakhapatnam Colony 6 in Patna.,CASE0113
EV00512,P01099,Travel,2024-05-18 06:09:52,Travel noted near Chandigarh Colony 99 in Hyderabad.,CASE0194
EV00513,P00199,Meeting,2024-08-14 13:14:36,Meeting noted near Chandigarh Market 54 in Ranchi.,CASE0130
EV00514,P01509,Incident,2025-02-10 05:22:45,Incident noted near Hyderabad Tower 10 in Lucknow.,CASE0239
EV00515,P01736,Financial Activity,2024-12-28 16:24:47,Financial Activity noted near Visakhapatnam Tower 42 in Lucknow.,CASE0089
EV00516,P00052,Observation,2022-07-23 05:42:51,Observation noted near Patna Tower 13 in Bengaluru.,CASE0148
EV00517,P01373,Travel,2022-09-10 00:35:54,Travel noted near Lucknow Colony 87 in Jaipur.,CASE0077
EV00518,P00190,Property Transfer,2023-10-13 20:00:07,Property Transfer noted near Delhi Market 141 in Pune.,CASE0139
EV00519,P01302,Observation,2023-04-08 01:30:45,Observation noted near Surat Market 150 in Kolkata.,CASE0223
EV00520,P01437,Meeting,2024-03-16 00:24:31,Meeting noted near Kolkata Hub 143 in Kolkata.,CASE0062
EV00521,P00728,Incident,2022-09-30 14:26:37,Incident noted near Jaipur Market 31 in Patna.,CASE0186
EV00522,P01919,Incident,2025-02-22 11:15:33,Incident noted near Visakhapatnam Hub 112 in Ahmedabad.,CASE0097
EV00523,P01736,Financial Activity,2022-09-17 07:43:31,Financial Activity noted near Chennai Colony 69 in Lucknow.,CASE0221
EV00524,P01993,Observation,2023-12-15 03:32:08,Observation noted near Kochi Market 28 in Kochi.,CASE0057
EV00525,P01267,Financial Activity,2023-12-28 11:26:09,Financial Activity noted near Mumbai Plaza 27 in Chennai.,CASE0159
EV00526,P00066,Financial Activity,2023-10-20 09:27:52,Financial Activity noted near Kolkata Junction 45 in Patna.,CASE0074
EV00527,P00448,Observation,2022-02-09 16:04:18,Observation noted near Visakhapatnam Hub 112 in Surat.,CASE0176
EV00528,P00327,Property Transfer,2024-12-02 15:06:04,Property Transfer noted near Pune Junction 125 in Ranchi.,CASE0089
EV00529,P01752,Property Transfer,2023-10-17 14:51:11,Property Transfer noted near Bengaluru Market 43 in Indore.,CASE0007
EV00530,P00759,Meeting,2023-05-20 18:20:38,Meeting noted near Visakhapatnam Colony 72 in Jaipur.,CASE0101
EV00531,P00728,Property Transfer,2025-01-15 15:10:18,Property Transfer noted near Indore Hub 63 in Patna.,CASE0113
EV00532,P00865,Financial Activity,2022-04-30 04:26:17,Financial Activity noted near Nagpur Market 32 in Bengaluru.,CASE0138
EV00533,P01584,Travel,2022-01-17 20:39:45,Travel noted near Kolkata Park 18 in Lucknow.,CASE0206
EV00534,P00736,Travel,2024-11-18 21:34:54,Travel noted near Hyderabad Hub 16 in Ahmedabad.,CASE0041
EV00535,P00334,Financial Activity,2025-03-08 15:29:00,Financial Activity noted near Nagpur Colony 80 in Bhopal.,CASE0080
EV00536,P00467,Financial Activity,2023-10-05 21:42:47,Financial Activity noted near Bhopal Junction 58 in Chennai.,CASE0055
EV00537,P00690,Property Transfer,2025-11-27 11:06:52,Property Transfer noted near Ranchi Colony 90 in Kolkata.,CASE0200
EV00538,P01099,Observation,2025-05-03 15:18:39,Observation noted near Surat Hub 9 in Hyderabad.,CASE0115
EV00539,P01889,Property Transfer,2025-05-18 07:08:02,Property Transfer noted near Visakhapatnam Hub 123 in Patna.,CASE0167
EV00540,P00164,Property Transfer,2023-05-15 03:47:28,Property Transfer noted near Surat Plaza 40 in Indore.,CASE0118
EV00541,P00052,Property Transfer,2022-12-18 08:57:29,Property Transfer noted near Lucknow Junction 137 in Bengaluru.,CASE0236
EV00542,P00601,Travel,2022-06-03 06:01:31,Travel noted near Kochi Tower 126 in Chennai.,CASE0215
EV00543,P01814,Incident,2023-04-05 20:14:03,Incident noted near Kolkata Park 15 in Bhopal.,CASE0146
EV00544,P00776,Property Transfer,2022-08-12 09:32:27,Property Transfer noted near Patna Market 67 in Delhi.,CASE0217
EV00545,P01310,Property Transfer,2023-04-24 08:56:46,Property Transfer noted near Visakhapatnam Junction 34 in Ranchi.,CASE0208
EV00546,P01736,Travel,2025-05-28 14:05:08,Travel noted near Jaipur Market 31 in Lucknow.,CASE0164
EV00547,P00210,Observation,2024-11-05 07:08:10,Observation noted near Patna Market 70 in Pune.,CASE0015
EV00548,P00192,Financial Activity,2024-08-18 04:41:42,Financial Activity noted near Lucknow Colony 87 in Delhi.,CASE0008
EV00549,P00394,Incident,2024-07-27 16:44:15,Incident noted near Hyderabad Hub 12 in Guwahati.,CASE0057
EV00550,P01117,Property Transfer,2024-03-29 08:31:18,Property Transfer noted near Kolkata Plaza 119 in Bengaluru.,CASE0020
EV00551,P01555,Observation,2023-05-29 15:23:59,Observation noted near Chennai Hub 5 in Guwahati.,CASE0224
EV00552,P00094,Property Transfer,2022-08-11 07:35:13,Property Transfer noted near Surat Plaza 156 in Lucknow.,CASE0183
EV00553,P01775,Incident,2023-08-02 20:50:48,Incident noted near Hyderabad Tower 10 in Kolkata.,CASE0186
EV00554,P00601,Property Transfer,2022-02-01 02:26:46,Property Transfer noted near Guwahati Park 61 in Chennai.,CASE0094
EV00555,P00094,Incident,2025-05-27 00:47:50,Incident noted near Nagpur Colony 80 in Lucknow.,CASE0191
EV00556,P01709,Meeting,2022-06-12 15:35:53,Meeting noted near Chennai Park 96 in Patna.,CASE0089
EV00557,P00779,Observation,2024-09-25 11:22:26,Observation noted near Mumbai Hub 55 in Delhi.,CASE0161
EV00558,P01653,Incident,2022-07-10 15:10:55,Incident noted near Indore Tower 128 in Delhi.,CASE0029
EV00559,P00467,Observation,2024-12-24 03:54:41,Observation noted near Delhi Colony 133 in Chennai.,CASE0174
EV00560,P01919,Travel,2023-12-29 02:16:38,Travel noted near Patna Market 67 in Ahmedabad.,CASE0181
EV00561,P01709,Financial Activity,2025-05-10 02:37:33,Financial Activity noted near Chennai Park 96 in Patna.,CASE0044
EV00562,P01519,Financial Activity,2025-10-13 21:37:15,Financial Activity noted near Nagpur Hub 118 in Delhi.,CASE0040
EV00563,P00089,Property Transfer,2024-12-25 02:28:56,Property Transfer noted near Kochi Tower 126 in Guwahati.,CASE0227
EV00564,P01653,Travel,2025-02-16 00:27:33,Travel noted near Visakhapatnam Colony 72 in Delhi.,CASE0135
EV00565,P00190,Travel,2022-02-12 01:46:24,Travel noted near Indore Junction 101 in Pune.,CASE0148
EV00566,P01099,Observation,2025-11-19 20:09:02,Observation noted near Delhi Junction 8 in Hyderabad.,CASE0143
EV00567,P00593,Observation,2024-07-24 20:25:58,Observation noted near Chandigarh Hub 1 in Hyderabad.,CASE0058
EV00568,P00179,Travel,2022-02-11 08:50:05,Travel noted near Kolkata Tower 75 in Bengaluru.,CASE0038
EV00569,P01437,Incident,2024-07-03 13:35:58,Incident noted near Surat Hub 20 in Kolkata.,CASE0055
EV00570,P00736,Property Transfer,2022-07-05 23:09:43,Property Transfer noted near Delhi Junction 46 in Ahmedabad.,CASE0073
EV00571,P00229,Meeting,2023-08-29 20:18:03,Meeting noted near Chennai Colony 48 in Visakhapatnam.,CASE0080
EV00572,P01919,Financial Activity,2022-08-10 13:35:17,Financial Activity noted near Visakhapatnam Hub 112 in Ahmedabad.,CASE0058
EV00573,P01150,Meeting,2024-02-03 04:09:30,Meeting noted near Pune Junction 25 in Guwahati.,CASE0087
EV00574,P01651,Observation,2024-12-18 13:17:49,Observation noted near Lucknow Colony 87 in Indore.,CASE0212
EV00575,P01519,Financial Activity,2024-01-03 23:38:51,Financial Activity noted near Nagpur Market 32 in Delhi.,CASE0115
EV00576,P01302,Travel,2023-10-02 11:58:30,Travel noted near Nagpur Tower 104 in Kolkata.,CASE0192
EV00577,P01765,Financial Activity,2025-11-25 15:14:46,Financial Activity noted near Chandigarh Hub 74 in Delhi.,CASE0036
EV00578,P00736,Incident,2022-07-03 18:35:09,Incident noted near Chennai Park 96 in Ahmedabad.,CASE0166
EV00579,P01519,Observation,2025-02-05 04:14:13,Observation noted near Bhopal Plaza 160 in Delhi.,CASE0222
EV00580,P01584,Meeting,2024-11-17 08:51:42,Meeting noted near Hyderabad Market 131 in Lucknow.,CASE0008
EV00581,P01775,Incident,2025-10-24 21:11:56,Incident noted near Hyderabad Hub 12 in Kolkata.,CASE0042
EV00582,P00736,Travel,2022-04-21 13:30:32,Travel noted near Mumbai Park 41 in Ahmedabad.,CASE0218
EV00583,P00207,Travel,2022-07-13 06:00:41,Travel noted near Chandigarh Tower 157 in Mumbai.,CASE0038
EV00584,P01495,Incident,2023-07-07 23:01:49,Incident noted near Bhopal Plaza 160 in Hyderabad.,CASE0223
EV00585,P00334,Travel,2023-11-03 18:29:00,Travel noted near Delhi Park 49 in Bhopal.,CASE0211
EV00586,P00408,Observation,2023-12-23 16:07:36,Observation noted near Pune Market 17 in Delhi.,CASE0160
EV00587,P00728,Meeting,2023-01-17 19:13:45,Meeting noted near Nagpur Market 32 in Patna.,CASE0201
EV00588,P01658,Property Transfer,2024-03-11 05:12:34,Property Transfer noted near Chennai Tower 24 in Nagpur.,CASE0166
EV00589,P01961,Meeting,2022-09-19 09:46:22,Meeting noted near Chennai Hub 5 in Guwahati.,CASE0170
EV00590,P00601,Observation,2023-12-18 08:07:45,Observation noted near Indore Tower 39 in Chennai.,CASE0221
EV00591,P01651,Observation,2024-10-23 15:51:24,Observation noted near Lucknow Junction 137 in Indore.,CASE0067
EV00592,P00452,Meeting,2024-04-29 07:04:36,Meeting noted near Chandigarh Colony 99 in Chandigarh.,CASE0218
EV00593,P00542,Property Transfer,2025-05-27 22:51:50,Property Transfer noted near Kolkata Junction 45 in Nagpur.,CASE0175
EV00594,P01150,Property Transfer,2025-11-14 21:41:15,Property Transfer noted near Nagpur Hub 26 in Guwahati.,CASE0171
EV00595,P00542,Financial Activity,2022-05-30 07:11:30,Financial Activity noted near Surat Hub 9 in Nagpur.,CASE0074
EV00596,P01430,Property Transfer,2025-11-24 11:42:00,Property Transfer noted near Delhi Park 49 in Mumbai.,CASE0065
EV00597,P00866,Property Transfer,2025-05-15 14:50:39,Property Transfer noted near Ranchi Market 132 in Guwahati.,CASE0017
EV00598,P00327,Property Transfer,2024-04-15 01:01:00,Property Transfer noted near Indore Tower 39 in Ranchi.,CASE0195
EV00599,P00327,Travel,2022-02-03 06:48:27,Travel noted near Delhi Junction 46 in Ranchi.,CASE0234
EV00600,P01237,Travel,2022-04-11 07:31:26,Travel noted near Lucknow Junction 137 in Ahmedabad.,CASE0015
EV00601,P00089,Incident,2024-06-25 16:32:11,Incident noted near Nagpur Colony 80 in Guwahati.,CASE0231
EV00602,P01752,Property Transfer,2024-10-19 09:01:15,Property Transfer noted near Pune Market 17 in Indore.,CASE0233
EV00603,P01765,Financial Activity,2025-11-19 13:12:39,Financial Activity noted near Mumbai Plaza 27 in Delhi.,CASE0183
EV00604,P01035,Incident,2023-10-07 21:10:20,Incident noted near Kolkata Park 15 in Chennai.,CASE0166
EV00605,P01117,Property Transfer,2024-09-02 14:47:40,Property Transfer noted near Surat Plaza 156 in Bengaluru.,CASE0178
EV00606,P00055,Incident,2024-06-05 07:11:57,Incident noted near Ahmedabad Plaza 35 in Nagpur.,CASE0160
EV00607,P00467,Incident,2024-11-09 17:08:26,Incident noted near Guwahati Colony 11 in Chennai.,CASE0144
EV00608,P01775,Meeting,2024-09-11 15:54:25,Meeting noted near Surat Plaza 122 in Kolkata.,CASE0012
EV00609,P01709,Observation,2025-01-14 20:41:04,Observation noted near Chennai Colony 69 in Patna.,CASE0224
EV00610,P00741,Incident,2022-05-03 14:15:30,Incident noted near Visakhapatnam Junction 21 in Ahmedabad.,CASE0097
EV00611,P00697,Incident,2023-12-09 15:38:23,Incident noted near Delhi Junction 8 in Chennai.,CASE0159
EV00612,P00542,Incident,2022-01-06 01:26:40,Incident noted near Bhopal Park 68 in Nagpur.,CASE0102
EV00613,P00319,Incident,2024-08-11 17:59:21,Incident noted near Surat Park 62 in Bengaluru.,CASE0060
EV00614,P01509,Travel,2023-02-09 11:47:18,Travel noted near Pune Junction 125 in Lucknow.,CASE0077
EV00615,P01765,Property Transfer,2024-08-13 10:23:41,Property Transfer noted near Jaipur Colony 56 in Delhi.,CASE0002
EV00616,P01584,Financial Activity,2025-04-23 19:16:07,Financial Activity noted near Ranchi Market 132 in Lucknow.,CASE0152
EV00617,P00705,Property Transfer,2024-08-21 06:43:08,Property Transfer noted near Jaipur Plaza 78 in Visakhapatnam.,CASE0135
EV00618,P01828,Property Transfer,2022-08-15 15:15:02,Property Transfer noted near Lucknow Colony 149 in Chandigarh.,CASE0238
EV00619,P01117,Observation,2023-01-08 11:55:48,Observation noted near Pune Colony 59 in Bengaluru.,CASE0001
EV00620,P01331,Travel,2023-12-22 05:00:28,Travel noted near Bhopal Junction 58 in Mumbai.,CASE0027
EV00621,P00448,Travel,2023-11-09 22:14:25,Travel noted near Kolkata Tower 30 in Surat.,CASE0183
EV00622,P01517,Meeting,2022-11-13 10:32:06,Meeting noted near Hyderabad Plaza 102 in Lucknow.,CASE0209
EV00623,P01658,Meeting,2023-06-18 14:27:29,Meeting noted near Hyderabad Plaza 22 in Nagpur.,CASE0102
EV00624,P01564,Incident,2025-06-19 23:10:39,Incident noted near Patna Market 4 in Kolkata.,CASE0203
EV00625,P01699,Property Transfer,2022-05-18 15:18:41,Property Transfer noted near Kolkata Colony 127 in Surat.,CASE0001
EV00626,P00593,Travel,2024-12-23 11:33:37,Travel noted near Visakhapatnam Colony 6 in Hyderabad.,CASE0215
EV00627,P00192,Incident,2024-06-29 06:31:22,Incident noted near Lucknow Park 94 in Delhi.,CASE0225
EV00628,P00430,Financial Activity,2023-07-14 10:06:58,Financial Activity noted near Guwahati Plaza 57 in Chennai.,CASE0032
EV00629,P01183,Travel,2023-07-29 22:51:45,Travel noted near Jaipur Colony 56 in Bhopal.,CASE0051
EV00630,P00052,Property Transfer,2022-05-10 17:07:10,Property Transfer noted near Visakhapatnam Tower 124 in Bengaluru.,CASE0228
EV00631,P01035,Travel,2023-12-06 03:32:32,Travel noted near Hyderabad Park 81 in Chennai.,CASE0120
EV00632,P00207,Travel,2024-09-06 19:48:11,Travel noted near Jaipur Plaza 78 in Mumbai.,CASE0238
EV00633,P00601,Meeting,2024-03-25 18:33:51,Meeting noted near Delhi Park 47 in Chennai.,CASE0133
EV00634,P01443,Observation,2024-12-06 15:15:37,Observation noted near Hyderabad Tower 85 in Delhi.,CASE0136
EV00635,P00502,Travel,2025-05-14 06:39:38,Travel noted near Delhi Junction 147 in Patna.,CASE0071
EV00636,P01495,Observation,2025-09-17 17:08:50,Observation noted near Surat Tower 108 in Hyderabad.,CASE0239
EV00637,P01814,Property Transfer,2022-09-07 01:45:07,Property Transfer noted near Lucknow Colony 73 in Bhopal.,CASE0203
EV00638,P00394,Meeting,2022-02-06 23:33:01,Meeting noted near Hyderabad Park 7 in Guwahati.,CASE0067
EV00639,P01765,Financial Activity,2025-09-13 07:55:17,Financial Activity noted near Lucknow Colony 149 in Delhi.,CASE0080
EV00640,P01519,Meeting,2024-12-26 20:09:21,Meeting noted near Indore Tower 39 in Delhi.,CASE0019
EV00641,P01709,Observation,2023-09-18 11:27:22,Observation noted near Indore Tower 128 in Patna.,CASE0188
EV00642,P00179,Observation,2022-07-09 10:06:10,Observation noted near Chennai Tower 24 in Bengaluru.,CASE0065
EV00643,P00162,Property Transfer,2023-11-22 02:32:49,Property Transfer noted near Ranchi Market 132 in Lucknow.,CASE0017
EV00644,P01658,Travel,2023-12-07 11:56:43,Travel noted near Kolkata Plaza 119 in Nagpur.,CASE0022
EV00645,P01919,Meeting,2022-03-28 09:09:32,Meeting noted near Indore Tower 146 in Ahmedabad.,CASE0086
EV00646,P00448,Travel,2024-01-24 02:29:57,Travel noted near Hyderabad Hub 16 in Surat.,CASE0005
EV00647,P01814,Financial Activity,2023-10-25 21:51:49,Financial Activity noted near Hyderabad Colony 145 in Bhopal.,CASE0098
EV00648,P01765,Observation,2025-09-12 22:20:15,Observation noted near Delhi Junction 8 in Delhi.,CASE0185
EV00649,P00920,Meeting,2024-03-11 13:59:14,Meeting noted near Ranchi Market 132 in Nagpur.,CASE0112
EV00650,P01555,Observation,2024-02-10 09:28:03,Observation noted near Ranchi Park 95 in Guwahati.,CASE0060
EV00651,P00697,Financial Activity,2022-03-25 04:12:03,Financial Activity noted near Hyderabad Tower 10 in Chennai.,CASE0014
EV00652,P00062,Financial Activity,2025-12-15 02:37:58,Financial Activity noted near Jaipur Colony 114 in Lucknow.,CASE0150
EV00653,P00062,Incident,2023-01-14 16:37:50,Incident noted near Indore Market 23 in Lucknow.,CASE0082
EV00654,P00408,Incident,2022-11-24 08:16:28,Incident noted near Visakhapatnam Market 50 in Delhi.,CASE0240
EV00655,P01183,Meeting,2022-02-17 12:55:55,Meeting noted near Hyderabad Market 131 in Bhopal.,CASE0138
EV00656,P00190,Observation,2023-03-09 15:23:52,Observation noted near Bhopal Hub 64 in Pune.,CASE0170
EV00657,P00542,Financial Activity,2022-01-28 01:35:56,Financial Activity noted near Indore Junction 101 in Nagpur.,CASE0068
EV00658,P00920,Property Transfer,2024-03-13 23:01:44,Property Transfer noted near Bengaluru Tower 105 in Nagpur.,CASE0064
EV00659,P00052,Travel,2022-02-17 11:57:26,Travel noted near Ahmedabad Plaza 35 in Bengaluru.,CASE0167
EV00660,P00441,Meeting,2025-10-25 05:45:58,Meeting noted near Guwahati Hub 129 in Kolkata.,CASE0133
EV00661,P01150,Financial Activity,2025-09-26 23:20:28,Financial Activity noted near Guwahati Colony 11 in Guwahati.,CASE0139
EV00662,P01564,Observation,2025-04-19 07:26:15,Observation noted near Nagpur Tower 130 in Kolkata.,CASE0012
EV00663,P00319,Incident,2024-06-23 08:13:02,Incident noted near Visakhapatnam Market 50 in Bengaluru.,CASE0066
EV00664,P00929,Incident,2023-12-30 10:30:01,Incident noted near Kochi Colony 148 in Chandigarh.,CASE0139
EV00665,P00547,Meeting,2022-10-16 18:40:46,Meeting noted near Kolkata Tower 30 in Chandigarh.,CASE0051
EV00666,P01781,Travel,2023-10-08 02:20:44,Travel noted near Guwahati Park 158 in Kochi.,CASE0196
EV00667,P01267,Property Transfer,2022-01-23 02:03:44,Property Transfer noted near Kochi Tower 126 in Chennai.,CASE0110
EV00668,P01443,Observation,2023-01-28 03:45:31,Observation noted near Visakhapatnam Colony 6 in Delhi.,CASE0085
EV00669,P01709,Incident,2022-10-31 10:20:26,Incident noted near Visakhapatnam Junction 21 in Patna.,CASE0200
EV00670,P01331,Travel,2022-05-14 20:33:25,Travel noted near Bhopal Plaza 160 in Mumbai.,CASE0059
EV00671,P00929,Observation,2022-05-15 18:04:23,Observation noted near Hyderabad Hub 16 in Chandigarh.,CASE0073
EV00672,P00143,Property Transfer,2024-06-22 13:36:45,Property Transfer noted near Pune Market 65 in Mumbai.,CASE0192
EV00673,P00408,Meeting,2023-09-19 04:19:12,Meeting noted near Chandigarh Hub 1 in Delhi.,CASE0148
EV00674,P01519,Meeting,2025-04-10 23:24:42,Meeting noted near Lucknow Plaza 142 in Delhi.,CASE0177
EV00675,P00866,Meeting,2022-04-21 16:17:56,Meeting noted near Bengaluru Tower 66 in Guwahati.,CASE0130
EV00676,P01099,Incident,2022-01-30 04:56:25,Incident noted near Hyderabad Hub 12 in Hyderabad.,CASE0043
EV00677,P01752,Financial Activity,2023-04-24 20:08:57,Financial Activity noted near Bengaluru Tower 66 in Indore.,CASE0161
EV00678,P00179,Travel,2024-03-02 18:32:07,Travel noted near Bhopal Junction 151 in Bengaluru.,CASE0114
EV00679,P01651,Meeting,2025-12-27 17:28:37,Meeting noted near Nagpur Hub 118 in Indore.,CASE0163
EV00680,P01438,Travel,2022-05-11 06:23:18,Travel noted near Chandigarh Hub 74 in Delhi.,CASE0009
EV00681,P00690,Travel,2023-04-10 04:32:54,Travel noted near Lucknow Junction 137 in Kolkata.,CASE0227
EV00682,P00779,Travel,2022-11-16 09:27:53,Travel noted near Hyderabad Junction 86 in Delhi.,CASE0077
EV00683,P00408,Travel,2025-03-23 02:02:01,Travel noted near Guwahati Hub 129 in Delhi.,CASE0211
EV00684,P00408,Meeting,2023-01-12 19:36:32,Meeting noted near Guwahati Junction 159 in Delhi.,CASE0205
EV00685,P01495,Property Transfer,2024-10-06 06:09:53,Property Transfer noted near Nagpur Colony 80 in Hyderabad.,CASE0060
EV00686,P00941,Travel,2024-08-27 04:06:31,Travel noted near Visakhapatnam Tower 14 in Ahmedabad.,CASE0107
EV00687,P01519,Meeting,2024-08-07 13:53:42,Meeting noted near Nagpur Junction 116 in Delhi.,CASE0084
EV00688,P00920,Financial Activity,2024-01-22 14:58:37,Financial Activity noted near Surat Hub 20 in Nagpur.,CASE0134
EV00689,P01438,Observation,2023-01-06 01:24:42,Observation noted near Surat Hub 20 in Delhi.,CASE0179
EV00690,P01519,Incident,2025-11-09 14:49:29,Incident noted near Ranchi Colony 90 in Delhi.,CASE0031
EV00691,P00941,Observation,2024-10-13 07:00:20,Observation noted near Bengaluru Tower 66 in Ahmedabad.,CASE0029
EV00692,P00697,Meeting,2023-08-19 10:02:43,Meeting noted near Indore Hub 2 in Chennai.,CASE0102
EV00693,P00860,Observation,2023-01-24 03:34:49,Observation noted near Nagpur Market 32 in Kochi.,CASE0084
EV00694,P01237,Incident,2025-11-28 15:04:30,Incident noted near Kolkata Junction 45 in Ahmedabad.,CASE0074
EV00695,P01584,Travel,2023-10-03 08:17:39,Travel noted near Surat Plaza 122 in Lucknow.,CASE0159
EV00696,P01653,Observation,2025-08-01 23:10:01,Observation noted near Chennai Hub 5 in Delhi.,CASE0070
EV00697,P00408,Meeting,2025-06-26 00:28:50,Meeting noted near Visakhapatnam Tower 124 in Delhi.,CASE0125
EV00698,P00759,Observation,2025-08-12 17:10:07,Observation noted near Visakhapatnam Tower 14 in Jaipur.,CASE0171
EV00699,P00759,Property Transfer,2024-04-21 05:23:32,Property Transfer noted near Surat Plaza 122 in Jaipur.,CASE0207
EV00700,P01430,Observation,2023-05-12 08:53:36,Observation noted near Mumbai Junction 88 in Mumbai.,CASE0002
EV00701,P00210,Travel,2025-02-27 22:21:37,Travel noted near Kolkata Park 15 in Pune.,CASE0170
EV00702,P01150,Meeting,2023-02-02 20:08:39,Meeting noted near Surat Hub 154 in Guwahati.,CASE0197
EV00703,P01233,Observation,2025-01-10 16:15:25,Observation noted near Pune Junction 25 in Surat.,CASE0209
EV00704,P01443,Property Transfer,2023-02-01 05:28:03,Property Transfer noted near Jaipur Colony 56 in Delhi.,CASE0018
EV00705,P00062,Travel,2022-09-08 17:01:28,Travel noted near Bengaluru Tower 66 in Lucknow.,CASE0109
EV00706,P00547,Financial Activity,2023-07-21 16:10:36,Financial Activity noted near Visakhapatnam Tower 124 in Chandigarh.,CASE0139
EV00707,P00570,Incident,2025-11-30 17:47:30,Incident noted near Hyderabad Park 81 in Chennai.,CASE0136
EV00708,P00430,Meeting,2023-09-12 18:54:47,Meeting noted near Hyderabad Tower 10 in Chennai.,CASE0225
EV00709,P01961,Property Transfer,2023-08-10 05:05:27,Property Transfer noted near Surat Hub 154 in Guwahati.,CASE0196
EV00710,P01828,Incident,2024-07-13 19:08:11,Incident noted near Hyderabad Park 7 in Chandigarh.,CASE0142
EV00711,P00728,Observation,2025-04-09 03:33:44,Observation noted near Ahmedabad Tower 98 in Patna.,CASE0157
EV00712,P01509,Meeting,2023-08-01 18:40:30,Meeting noted near Nagpur Junction 51 in Lucknow.,CASE0138
EV00713,P01699,Property Transfer,2025-12-02 14:25:25,Property Transfer noted near Visakhapatnam Junction 21 in Surat.,CASE0053
EV00714,P01584,Financial Activity,2022-06-08 23:21:42,Financial Activity noted near Lucknow Colony 149 in Lucknow.,CASE0091
EV00715,P00502,Financial Activity,2025-07-12 08:31:48,Financial Activity noted near Ahmedabad Tower 98 in Patna.,CASE0177
EV00716,P00728,Observation,2024-12-01 14:56:36,Observation noted near Delhi Hub 3 in Patna.,CASE0092
EV00717,P00286,Meeting,2023-09-12 00:35:23,Meeting noted near Pune Colony 59 in Mumbai.,CASE0207
EV00718,P00327,Travel,2023-01-05 19:07:07,Travel noted near Guwahati Plaza 57 in Ranchi.,CASE0198
EV00719,P01331,Financial Activity,2023-10-26 21:31:33,Financial Activity noted near Delhi Junction 46 in Mumbai.,CASE0120
EV00720,P01310,Meeting,2025-07-26 17:19:04,Meeting noted near Guwahati Park 158 in Ranchi.,CASE0105
EV00721,P00164,Travel,2024-05-12 20:55:09,Travel noted near Visakhapatnam Hub 38 in Indore.,CASE0089
EV00722,P00860,Incident,2025-01-14 00:14:26,Incident noted near Visakhapatnam Tower 14 in Kochi.,CASE0099
EV00723,P01386,Meeting,2022-11-29 03:57:28,Meeting noted near Indore Market 23 in Ahmedabad.,CASE0103
EV00724,P01517,Meeting,2025-04-05 02:52:51,Meeting noted near Nagpur Tower 130 in Lucknow.,CASE0187
EV00725,P01752,Travel,2023-06-20 21:58:10,Travel noted near Chandigarh Tower 157 in Indore.,CASE0029
EV00726,P01736,Observation,2023-05-30 17:51:05,Observation noted near Visakhapatnam Tower 14 in Lucknow.,CASE0133
EV00727,P00089,Incident,2023-05-25 13:36:02,Incident noted near Bengaluru Tower 105 in Guwahati.,CASE0166
EV00728,P00929,Property Transfer,2025-01-16 19:08:18,Property Transfer noted near Chandigarh Plaza 89 in Chandigarh.,CASE0207
EV00729,P01267,Travel,2022-03-12 10:28:44,Travel noted near Delhi Junction 147 in Chennai.,CASE0036
EV00730,P01781,Travel,2023-08-31 09:28:58,Travel noted near Hyderabad Hub 16 in Kochi.,CASE0093
EV00731,P00477,Incident,2023-11-10 19:45:16,Incident noted near Mumbai Junction 88 in Kochi.,CASE0050
EV00732,P00286,Observation,2025-03-05 08:54:55,Observation noted near Kolkata Tower 30 in Mumbai.,CASE0147
EV00733,P00929,Incident,2025-11-07 00:58:59,Incident noted near Surat Plaza 122 in Chandigarh.,CASE0003
EV00734,P00452,Property Transfer,2025-09-29 20:38:18,Property Transfer noted near Patna Market 67 in Chandigarh.,CASE0168
EV00735,P00452,Property Transfer,2024-08-10 00:17:34,Property Transfer noted near Ranchi Junction 140 in Chandigarh.,CASE0188
EV00736,P01653,Observation,2022-05-01 23:18:38,Observation noted near Visakhapatnam Colony 72 in Delhi.,CASE0019
EV00737,P01355,Financial Activity,2024-07-10 10:54:38,Financial Activity noted near Pune Tower 71 in Visakhapatnam.,CASE0213
EV00738,P01564,Property Transfer,2022-09-17 19:36:11,Property Transfer noted near Hyderabad Park 81 in Kolkata.,CASE0201
EV00739,P01438,Financial Activity,2025-10-12 19:36:36,Financial Activity noted near Visakhapatnam Tower 14 in Delhi.,CASE0069
EV00740,P01736,Travel,2022-11-25 21:28:31,Travel noted near Chennai Park 96 in Lucknow.,CASE0216
EV00741,P00929,Financial Activity,2024-07-29 20:38:58,Financial Activity noted near Indore Tower 39 in Chandigarh.,CASE0216
EV00742,P00941,Meeting,2022-07-28 18:35:06,Meeting noted near Chennai Tower 24 in Ahmedabad.,CASE0213
EV00743,P01828,Travel,2024-12-23 09:28:55,Travel noted near Pune Tower 71 in Chandigarh.,CASE0022
EV00744,P00601,Observation,2024-08-14 20:17:01,Observation noted near Hyderabad Hub 12 in Chennai.,CASE0078
EV00745,P00697,Property Transfer,2023-10-09 16:22:49,Property Transfer noted near Surat Plaza 40 in Chennai.,CASE0091
EV00746,P01653,Incident,2022-02-18 19:25:06,Incident noted near Chandigarh Tower 157 in Delhi.,CASE0025
EV00747,P00066,Meeting,2025-04-26 19:54:02,Meeting noted near Ahmedabad Tower 98 in Patna.,CASE0143
EV00748,P01237,Meeting,2023-12-16 22:00:21,Meeting noted near Kochi Plaza 107 in Ahmedabad.,CASE0124
EV00749,P00502,Travel,2023-06-28 17:32:02,Travel noted near Visakhapatnam Tower 42 in Patna.,CASE0212
EV00750,P01437,Incident,2023-05-16 05:55:30,Incident noted near Hyderabad Tower 85 in Kolkata.,CASE0106
EV00751,P01467,Observation,2025-12-27 11:33:32,Observation noted near Kochi Park 115 in Chandigarh.,CASE0209
EV00752,P01564,Property Transfer,2024-04-12 20:12:36,Property Transfer noted near Nagpur Plaza 106 in Kolkata.,CASE0013
EV00753,P01233,Incident,2022-06-22 02:48:21,Incident noted near Pune Junction 25 in Surat.,CASE0063
EV00754,P00779,Meeting,2023-11-30 03:36:08,Meeting noted near Pune Junction 125 in Delhi.,CASE0094
EV00755,P01699,Observation,2023-01-07 00:56:54,Observation noted near Kochi Park 115 in Surat.,CASE0217
EV00756,P00199,Property Transfer,2024-12-01 18:11:40,Property Transfer noted near Visakhapatnam Market 50 in Ranchi.,CASE0087
EV00757,P00705,Observation,2023-05-15 17:15:36,Observation noted near Indore Market 93 in Visakhapatnam.,CASE0180
EV00758,P01993,Travel,2022-03-11 10:26:44,Travel noted near Delhi Market 141 in Kochi.,CASE0089
EV00759,P00164,Observation,2024-06-29 14:10:58,Observation noted near Nagpur Hub 118 in Indore.,CASE0122
EV00760,P00502,Meeting,2023-10-26 00:12:33,Meeting noted near Kolkata Hub 143 in Patna.,CASE0014
EV00761,P00779,Travel,2024-04-20 04:28:51,Travel noted near Hyderabad Hub 16 in Delhi.,CASE0122
EV00762,P00866,Meeting,2022-11-15 09:53:42,Meeting noted near Delhi Junction 46 in Guwahati.,CASE0114
EV00763,P00014,Observation,2023-10-06 12:55:44,Observation noted near Hyderabad Hub 16 in Hyderabad.,CASE0062
EV00764,P01150,Property Transfer,2024-02-05 18:26:32,Property Transfer noted near Lucknow Park 79 in Guwahati.,CASE0081
EV00765,P00094,Property Transfer,2025-03-29 19:11:32,Property Transfer noted near Patna Hub 52 in Lucknow.,CASE0182
EV00766,P00062,Meeting,2022-02-16 14:24:21,Meeting noted near Visakhapatnam Tower 14 in Lucknow.,CASE0166
EV00767,P00256,Travel,2025-06-24 22:48:56,Travel noted near Ahmedabad Tower 98 in Delhi.,CASE0130
EV00768,P00860,Meeting,2023-09-24 15:45:50,Meeting noted near Patna Market 70 in Kochi.,CASE0019
EV00769,P00162,Financial Activity,2022-07-06 08:32:29,Financial Activity noted near Kochi Park 115 in Lucknow.,CASE0146
EV00770,P00394,Meeting,2023-02-18 16:30:29,Meeting noted near Lucknow Plaza 142 in Guwahati.,CASE0009
EV00771,P00865,Observation,2023-10-07 23:53:00,Observation noted near Patna Market 70 in Bengaluru.,CASE0034
EV00772,P00089,Financial Activity,2023-06-29 01:22:30,Financial Activity noted near Visakhapatnam Hub 38 in Guwahati.,CASE0030
EV00773,P01814,Property Transfer,2025-09-15 12:34:27,Property Transfer noted near Kolkata Hub 143 in Bhopal.,CASE0178
EV00774,P01961,Property Transfer,2022-11-27 19:44:35,Property Transfer noted near Patna Hub 91 in Guwahati.,CASE0061
EV00775,P00207,Observation,2025-03-10 16:45:29,Observation noted near Kochi Market 28 in Mumbai.,CASE0198
EV00776,P00759,Observation,2025-04-11 19:16:18,Observation noted near Nagpur Junction 36 in Jaipur.,CASE0007
EV00777,P00052,Property Transfer,2024-09-16 17:25:49,Property Transfer noted near Chandigarh Junction 44 in Bengaluru.,CASE0238
EV00778,P00210,Financial Activity,2024-04-29 13:19:10,Financial Activity noted near Kochi Park 117 in Pune.,CASE0143
EV00779,P00741,Meeting,2022-06-22 19:10:33,Meeting noted near Indore Junction 101 in Ahmedabad.,CASE0003
EV00780,P00690,Financial Activity,2023-06-02 12:49:55,Financial Activity noted near Lucknow Colony 73 in Kolkata.,CASE0056
EV00781,P00705,Travel,2024-09-23 22:26:44,Travel noted near Ranchi Park 95 in Visakhapatnam.,CASE0185
EV00782,P00705,Incident,2022-03-03 00:28:08,Incident noted near Visakhapatnam Tower 42 in Visakhapatnam.,CASE0044
EV00783,P01233,Travel,2023-10-08 23:08:32,Travel noted near Hyderabad Junction 86 in Surat.,CASE0172
EV00784,P01437,Observation,2024-12-02 08:28:28,Observation noted near Chandigarh Colony 99 in Kolkata.,CASE0043
EV00785,P00690,Travel,2023-02-15 13:15:51,Travel noted near Bhopal Hub 113 in Kolkata.,CASE0153
EV00786,P00207,Travel,2023-07-15 12:21:45,Travel noted near Indore Tower 146 in Mumbai.,CASE0133
EV00787,P01035,Incident,2022-11-19 21:31:36,Incident noted near Nagpur Hub 118 in Chennai.,CASE0137
EV00788,P00062,Travel,2024-08-27 17:42:02,Travel noted near Indore Tower 146 in Lucknow.,CASE0079
EV00789,P01131,Observation,2024-10-09 23:19:44,Observation noted near Indore Market 135 in Kochi.,CASE0191
EV00790,P00920,Financial Activity,2022-02-12 23:36:12,Financial Activity noted near Chennai Colony 48 in Nagpur.,CASE0027
EV00791,P01889,Financial Activity,2024-10-30 08:18:51,Financial Activity noted near Bhopal Hub 113 in Patna.,CASE0237
EV00792,P00547,Incident,2024-02-02 06:59:09,Incident noted near Lucknow Park 53 in Chandigarh.,CASE0024
EV00793,P00570,Property Transfer,2025-08-22 06:33:02,Property Transfer noted near Chennai Colony 153 in Chennai.,CASE0132
EV00794,P01210,Property Transfer,2023-02-19 06:47:51,Property Transfer noted near Nagpur Hub 103 in Patna.,CASE0227
EV00795,P00929,Financial Activity,2023-04-20 17:02:25,Financial Activity noted near Indore Market 135 in Chandigarh.,CASE0052
EV00796,P00542,Meeting,2024-01-06 02:26:19,Meeting noted near Indore Market 136 in Nagpur.,CASE0059
EV00797,P01331,Observation,2025-06-25 09:13:18,Observation noted near Surat Market 150 in Mumbai.,CASE0013
EV00798,P01495,Financial Activity,2025-11-03 01:55:23,Financial Activity noted near Jaipur Colony 114 in Hyderabad.,CASE0169
EV00799,P00162,Financial Activity,2025-09-17 01:00:38,Financial Activity noted near Nagpur Colony 80 in Lucknow.,CASE0156
EV00800,P01373,Observation,2023-08-24 06:36:29,Observation noted near Pune Junction 125 in Jaipur.,CASE0219
EV00801,P01651,Travel,2024-01-20 03:47:40,Travel noted near Bengaluru Tower 105 in Indore.,CASE0016
EV00802,P00570,Financial Activity,2025-10-07 15:17:01,Financial Activity noted near Nagpur Colony 80 in Chennai.,CASE0063
EV00803,P01828,Observation,2025-03-31 00:56:44,Observation noted near Kochi Market 28 in Chandigarh.,CASE0231
EV00804,P01961,Financial Activity,2022-07-20 14:58:33,Financial Activity noted near Mumbai Park 41 in Guwahati.,CASE0214
EV00805,P00736,Incident,2022-09-17 05:11:26,Incident noted near Nagpur Tower 130 in Ahmedabad.,CASE0046
EV00806,P00066,Observation,2023-10-21 07:57:48,Observation noted near Chandigarh Hub 74 in Patna.,CASE0045
EV00807,P00502,Financial Activity,2024-06-20 23:50:55,Financial Activity noted near Ranchi Plaza 100 in Patna.,CASE0221
EV00808,P00229,Incident,2024-05-03 04:39:43,Incident noted near Guwahati Park 158 in Visakhapatnam.,CASE0036
EV00809,P01889,Travel,2025-03-09 09:06:19,Travel noted near Visakhapatnam Market 50 in Patna.,CASE0091
EV00810,P01430,Property Transfer,2024-02-09 02:03:18,Property Transfer noted near Delhi Hub 3 in Mumbai.,CASE0052
EV00811,P01288,Meeting,2024-09-02 19:57:56,Meeting noted near Patna Market 70 in Guwahati.,CASE0119
EV00812,P01781,Travel,2023-03-14 14:17:56,Travel noted near Indore Market 135 in Kochi.,CASE0008
EV00813,P00055,Property Transfer,2025-09-03 11:25:31,Property Transfer noted near Visakhapatnam Hub 123 in Nagpur.,CASE0107
EV00814,P00502,Travel,2022-09-29 11:08:15,Travel noted near Hyderabad Hub 16 in Patna.,CASE0003
EV00815,P00467,Financial Activity,2023-02-09 13:42:22,Financial Activity noted near Surat Market 150 in Chennai.,CASE0059
EV00816,P01517,Travel,2022-12-18 20:58:09,Travel noted near Lucknow Colony 29 in Lucknow.,CASE0233
EV00817,P01310,Meeting,2025-01-11 11:34:53,Meeting noted near Mumbai Junction 88 in Ranchi.,CASE0184
EV00818,P01752,Observation,2025-11-29 17:54:17,Observation noted near Surat Tower 108 in Indore.,CASE0116
EV00819,P01517,Incident,2025-04-17 16:52:09,Incident noted near Delhi Hub 3 in Lucknow.,CASE0222
EV00820,P00256,Meeting,2024-09-29 20:29:09,Meeting noted near Patna Tower 13 in Delhi.,CASE0051
EV00821,P00179,Property Transfer,2024-07-25 07:03:42,Property Transfer noted near Kolkata Colony 127 in Bengaluru.,CASE0087
EV00822,P01919,Incident,2023-07-29 11:38:10,Incident noted near Nagpur Colony 80 in Ahmedabad.,CASE0056
EV00823,P01993,Travel,2024-11-20 22:57:01,Travel noted near Chandigarh Junction 44 in Kochi.,CASE0048
EV00824,P00564,Financial Activity,2024-10-14 10:21:08,Financial Activity noted near Lucknow Colony 149 in Surat.,CASE0105
EV00825,P01237,Financial Activity,2024-02-29 00:05:17,Financial Activity noted near Guwahati Hub 129 in Ahmedabad.,CASE0191
EV00826,P00502,Incident,2023-06-26 14:43:31,Incident noted near Mumbai Hub 55 in Patna.,CASE0081
EV00827,P01775,Property Transfer,2025-10-04 20:27:45,Property Transfer noted near Delhi Hub 3 in Kolkata.,CASE0109
EV00828,P00547,Financial Activity,2023-03-17 01:29:05,Financial Activity noted near Hyderabad Market 131 in Chandigarh.,CASE0099
EV00829,P01430,Incident,2023-01-16 18:57:34,Incident noted near Lucknow Park 19 in Mumbai.,CASE0078
EV00830,P00394,Incident,2023-09-03 16:10:35,Incident noted near Chandigarh Market 54 in Guwahati.,CASE0150
EV00831,P01828,Incident,2023-08-21 23:11:36,Incident noted near Surat Plaza 156 in Chandigarh.,CASE0229
EV00832,P00256,Travel,2025-11-16 01:55:55,Travel noted near Guwahati Junction 159 in Delhi.,CASE0079
EV00833,P00286,Travel,2025-05-15 13:24:56,Travel noted near Kochi Plaza 107 in Mumbai.,CASE0145
EV00834,P00593,Observation,2022-11-25 16:43:58,Observation noted near Patna Market 67 in Hyderabad.,CASE0035
EV00835,P00207,Meeting,2025-09-11 23:28:12,Meeting noted near Nagpur Tower 104 in Mumbai.,CASE0074
EV00836,P00502,Financial Activity,2022-04-11 07:11:05,Financial Activity noted near Mumbai Hub 76 in Patna.,CASE0170
EV00837,P01736,Financial Activity,2022-01-06 06:53:44,Financial Activity noted near Chandigarh Hub 1 in Lucknow.,CASE0114
EV00838,P00448,Observation,2022-01-17 14:49:27,Observation noted near Nagpur Colony 80 in Surat.,CASE0017
EV00839,P00089,Observation,2024-02-03 13:28:15,Observation noted near Patna Hub 52 in Guwahati.,CASE0067
EV00840,P01495,Property Transfer,2022-04-06 21:05:16,Property Transfer noted near Visakhapatnam Tower 42 in Hyderabad.,CASE0183
EV00841,P01099,Incident,2023-04-22 14:20:47,Incident noted near Chandigarh Hub 1 in Hyderabad.,CASE0012
EV00842,P00319,Property Transfer,2022-09-05 13:55:22,Property Transfer noted near Nagpur Junction 51 in Bengaluru.,CASE0076
EV00843,P00941,Incident,2022-11-07 17:42:31,Incident noted near Bengaluru Tower 66 in Ahmedabad.,CASE0040
EV00844,P01495,Property Transfer,2023-09-29 23:00:23,Property Transfer noted near Ranchi Market 132 in Hyderabad.,CASE0160
EV00845,P01267,Property Transfer,2024-08-21 06:01:55,Property Transfer noted near Surat Hub 154 in Chennai.,CASE0041
EV00846,P00728,Incident,2023-09-13 07:02:41,Incident noted near Ranchi Colony 90 in Patna.,CASE0136
EV00847,P01517,Observation,2024-08-06 03:28:23,Observation noted near Chandigarh Market 54 in Lucknow.,CASE0180
EV00848,P00162,Meeting,2025-08-13 11:43:26,Meeting noted near Pune Market 65 in Lucknow.,CASE0238
EV00849,P01430,Financial Activity,2025-01-05 19:07:54,Financial Activity noted near Jaipur Market 31 in Mumbai.,CASE0110
EV00850,P01699,Observation,2022-07-07 12:57:35,Observation noted near Chennai Colony 153 in Surat.,CASE0190
EV00851,P01564,Travel,2022-01-18 22:09:27,Travel noted near Mumbai Plaza 27 in Kolkata.,CASE0006
EV00852,P00748,Travel,2025-12-13 10:12:35,Travel noted near Bhopal Plaza 160 in Bhopal.,CASE0205
EV00853,P00941,Financial Activity,2024-02-12 13:23:24,Financial Activity noted near Hyderabad Junction 86 in Ahmedabad.,CASE0139
EV00854,P00207,Observation,2023-05-23 08:55:57,Observation noted near Bhopal Colony 97 in Mumbai.,CASE0103
EV00855,P01752,Financial Activity,2023-03-09 04:10:58,Financial Activity noted near Delhi Park 49 in Indore.,CASE0014
EV00856,P01919,Travel,2024-06-24 05:00:12,Travel noted near Pune Market 65 in Ahmedabad.,CASE0006
EV00857,P00094,Property Transfer,2022-09-30 03:10:36,Property Transfer noted near Delhi Junction 147 in Lucknow.,CASE0142
EV00858,P01651,Property Transfer,2025-09-06 01:58:48,Property Transfer noted near Hyderabad Market 131 in Indore.,CASE0183
EV00859,P01331,Financial Activity,2022-08-12 15:19:33,Financial Activity noted near Mumbai Hub 55 in Mumbai.,CASE0035
EV00860,P01183,Observation,2025-08-17 09:16:23,Observation noted near Surat Park 62 in Bhopal.,CASE0071
EV00861,P00207,Financial Activity,2022-05-13 00:58:52,Financial Activity noted near Ahmedabad Plaza 33 in Mumbai.,CASE0143
EV00862,P00192,Travel,2025-11-01 22:39:31,Travel noted near Visakhapatnam Hub 112 in Delhi.,CASE0048
EV00863,P00408,Incident,2023-05-04 09:00:55,Incident noted near Kochi Plaza 107 in Delhi.,CASE0034
EV00864,P01584,Incident,2024-07-09 16:46:25,Incident noted near Nagpur Junction 116 in Lucknow.,CASE0028
EV00865,P00066,Incident,2023-06-12 23:00:31,Incident noted near Kochi Park 115 in Patna.,CASE0129
EV00866,P01555,Financial Activity,2025-01-24 21:31:01,Financial Activity noted near Kochi Colony 148 in Guwahati.,CASE0221
EV00867,P01207,Incident,2024-01-08 00:53:39,Incident noted near Guwahati Park 61 in Kochi.,CASE0059
EV00868,P00866,Property Transfer,2023-09-07 08:31:12,Property Transfer noted near Guwahati Hub 60 in Guwahati.,CASE0033
EV00869,P01150,Travel,2022-10-24 16:10:19,Travel noted near Kochi Tower 126 in Guwahati.,CASE0161
EV00870,P00458,Meeting,2022-11-04 06:44:07,Meeting noted near Guwahati Plaza 57 in Ranchi.,CASE0213
EV00871,P00929,Financial Activity,2023-02-05 16:53:15,Financial Activity noted near Surat Plaza 156 in Chandigarh.,CASE0050
EV00872,P00210,Travel,2024-09-04 04:18:54,Travel noted near Bhopal Junction 58 in Pune.,CASE0173
EV00873,P01331,Travel,2025-11-30 02:54:56,Travel noted near Delhi Junction 147 in Mumbai.,CASE0075
EV00874,P01889,Travel,2022-06-09 00:27:30,Travel noted near Delhi Hub 82 in Patna.,CASE0022
EV00875,P01564,Incident,2022-12-13 10:38:00,Incident noted near Indore Market 136 in Kolkata.,CASE0040
EV00876,P00394,Financial Activity,2024-10-30 04:07:58,Financial Activity noted near Kochi Tower 126 in Guwahati.,CASE0048
EV00877,P00736,Meeting,2022-11-07 22:12:38,Meeting noted near Bhopal Colony 97 in Ahmedabad.,CASE0188
EV00878,P00094,Travel,2022-09-21 10:28:47,Travel noted near Lucknow Colony 73 in Lucknow.,CASE0184
EV00879,P00941,Travel,2025-07-13 16:33:38,Travel noted near Guwahati Plaza 57 in Ahmedabad.,CASE0049
EV00880,P01993,Observation,2025-06-23 06:55:53,Observation noted near Visakhapatnam Tower 14 in Kochi.,CASE0020
EV00881,P00860,Financial Activity,2024-02-08 09:08:46,Financial Activity noted near Nagpur Colony 80 in Kochi.,CASE0133
EV00882,P00441,Financial Activity,2022-07-04 18:52:08,Financial Activity noted near Indore Market 136 in Kolkata.,CASE0031
EV00883,P00736,Property Transfer,2022-07-15 01:29:52,Property Transfer noted near Nagpur Market 32 in Ahmedabad.,CASE0113
EV00884,P00759,Property Transfer,2023-01-06 14:38:39,Property Transfer noted near Chandigarh Colony 99 in Jaipur.,CASE0134
EV00885,P00920,Financial Activity,2023-04-12 01:43:45,Financial Activity noted near Chennai Colony 48 in Nagpur.,CASE0173
EV00886,P01555,Meeting,2024-07-11 02:43:49,Meeting noted near Delhi Colony 133 in Guwahati.,CASE0170
EV00887,P01961,Meeting,2024-06-07 02:58:25,Meeting noted near Lucknow Park 79 in Guwahati.,CASE0102
EV00888,P01736,Financial Activity,2022-07-31 21:35:55,Financial Activity noted near Indore Tower 146 in Lucknow.,CASE0239
EV00889,P00441,Meeting,2023-02-26 17:32:39,Meeting noted near Patna Market 70 in Kolkata.,CASE0210
EV00890,P01099,Financial Activity,2025-10-19 07:41:33,Financial Activity noted near Chennai Park 96 in Hyderabad.,CASE0025
EV00891,P01752,Financial Activity,2022-12-18 12:00:11,Financial Activity noted near Guwahati Junction 159 in Indore.,CASE0213
EV00892,P00941,Financial Activity,2024-10-26 21:24:41,Financial Activity noted near Lucknow Park 94 in Ahmedabad.,CASE0181
EV00893,P00502,Incident,2024-08-02 06:58:53,Incident noted near Bhopal Hub 113 in Patna.,CASE0140
EV00894,P01736,Property Transfer,2025-06-25 09:45:07,Property Transfer noted near Delhi Park 49 in Lucknow.,CASE0189
EV00895,P01131,Observation,2023-05-11 23:42:34,Observation noted near Indore Market 23 in Kochi.,CASE0020
EV00896,P00066,Incident,2025-09-10 23:42:11,Incident noted near Guwahati Plaza 152 in Patna.,CASE0019
EV00897,P00210,Incident,2022-09-18 00:02:59,Incident noted near Hyderabad Tower 10 in Pune.,CASE0053
EV00898,P00319,Financial Activity,2025-08-30 08:21:42,Financial Activity noted near Ranchi Colony 90 in Bengaluru.,CASE0058
EV00899,P01993,Meeting,2024-04-22 17:35:05,Meeting noted near Delhi Market 141 in Kochi.,CASE0116
EV00900,P00865,Incident,2024-02-03 07:45:46,Incident noted near Chandigarh Junction 44 in Bengaluru.,CASE0159
EV00901,P01814,Financial Activity,2025-05-30 05:53:22,Financial Activity noted near Visakhapatnam Colony 6 in Bhopal.,CASE0217
EV00902,P00066,Financial Activity,2025-07-16 03:08:52,Financial Activity noted near Indore Tower 146 in Patna.,CASE0015
EV00903,P00866,Incident,2022-08-25 23:31:56,Incident noted near Nagpur Plaza 106 in Guwahati.,CASE0125
EV00904,P00229,Observation,2022-08-08 23:21:42,Observation noted near Ranchi Junction 140 in Visakhapatnam.,CASE0166
EV00905,P00866,Observation,2023-01-29 22:36:34,Observation noted near Pune Junction 125 in Guwahati.,CASE0023
EV00906,P00929,Property Transfer,2024-05-01 19:26:58,Property Transfer noted near Kolkata Park 15 in Chandigarh.,CASE0105
EV00907,P00467,Property Transfer,2023-11-12 12:26:06,Property Transfer noted near Chandigarh Tower 157 in Chennai.,CASE0154
EV00908,P00164,Incident,2022-09-16 02:31:01,Incident noted near Guwahati Plaza 152 in Indore.,CASE0019
EV00909,P00179,Travel,2023-04-02 23:35:12,Travel noted near Visakhapatnam Colony 72 in Bengaluru.,CASE0189
EV00910,P01210,Property Transfer,2025-07-04 21:43:59,Property Transfer noted near Mumbai Junction 88 in Patna.,CASE0110
EV00911,P01993,Financial Activity,2024-10-11 02:58:51,Financial Activity noted near Ranchi Park 95 in Kochi.,CASE0239
EV00912,P01438,Meeting,2023-12-11 21:36:56,Meeting noted near Delhi Park 49 in Delhi.,CASE0090
EV00913,P01658,Financial Activity,2024-07-11 14:25:47,Financial Activity noted near Surat Plaza 40 in Nagpur.,CASE0069
EV00914,P00229,Meeting,2023-10-30 19:13:34,Meeting noted near Ranchi Market 132 in Visakhapatnam.,CASE0055
EV00915,P01386,Property Transfer,2022-12-21 16:51:38,Property Transfer noted near Lucknow Colony 149 in Ahmedabad.,CASE0073
EV00916,P00865,Incident,2023-08-09 13:35:05,Incident noted near Guwahati Hub 129 in Bengaluru.,CASE0073
EV00917,P00199,Incident,2023-03-24 01:07:15,Incident noted near Indore Hub 2 in Ranchi.,CASE0182
EV00918,P01331,Financial Activity,2022-07-21 00:24:06,Financial Activity noted near Indore Tower 146 in Mumbai.,CASE0091
EV00919,P00408,Meeting,2023-03-13 09:26:21,Meeting noted near Lucknow Park 94 in Delhi.,CASE0124
EV00920,P01775,Incident,2023-07-25 15:55:45,Incident noted near Chennai Colony 153 in Kolkata.,CASE0188
EV00921,P00776,Property Transfer,2024-06-20 08:34:09,Property Transfer noted near Visakhapatnam Hub 123 in Delhi.,CASE0105
EV00922,P00256,Financial Activity,2024-10-21 20:07:55,Financial Activity noted near Visakhapatnam Market 84 in Delhi.,CASE0097
EV00923,P00394,Travel,2024-12-22 12:32:22,Travel noted near Lucknow Junction 137 in Guwahati.,CASE0211
EV00924,P01233,Meeting,2024-07-31 13:25:53,Meeting noted near Patna Colony 77 in Surat.,CASE0170
EV00925,P00441,Financial Activity,2025-10-27 15:47:33,Financial Activity noted near Bhopal Junction 151 in Kolkata.,CASE0045
EV00926,P01752,Observation,2022-01-25 19:58:43,Observation noted near Visakhapatnam Hub 123 in Indore.,CASE0087
EV00927,P01709,Incident,2022-05-30 08:25:49,Incident noted near Guwahati Colony 11 in Patna.,CASE0219
EV00928,P00759,Meeting,2025-02-11 02:53:00,Meeting noted near Mumbai Hub 55 in Jaipur.,CASE0164
EV00929,P00865,Observation,2025-05-27 05:18:17,Observation noted near Kochi Plaza 107 in Bengaluru.,CASE0192
EV00930,P01584,Incident,2023-08-06 07:54:56,Incident noted near Kochi Tower 144 in Lucknow.,CASE0165
EV00931,P01828,Property Transfer,2025-02-23 05:10:09,Property Transfer noted near Chandigarh Market 54 in Chandigarh.,CASE0154
EV00932,P00776,Financial Activity,2023-05-02 17:01:24,Financial Activity noted near Kochi Park 115 in Delhi.,CASE0208
EV00933,P00452,Financial Activity,2023-03-04 15:41:17,Financial Activity noted near Indore Park 109 in Chandigarh.,CASE0140
EV00934,P01752,Travel,2024-01-06 14:32:02,Travel noted near Hyderabad Tower 10 in Indore.,CASE0055
EV00935,P01233,Observation,2022-02-02 01:54:43,Observation noted near Hyderabad Tower 10 in Surat.,CASE0073
EV00936,P00207,Financial Activity,2023-10-29 10:27:06,Financial Activity noted near Chennai Plaza 139 in Mumbai.,CASE0235
EV00937,P01564,Travel,2023-04-09 18:17:10,Travel noted near Chennai Tower 24 in Kolkata.,CASE0196
EV00938,P01467,Incident,2022-09-01 14:02:26,Incident noted near Nagpur Hub 26 in Chandigarh.,CASE0158
EV00939,P00441,Meeting,2022-02-11 10:31:17,Meeting noted near Pune Tower 71 in Kolkata.,CASE0096
EV00940,P00143,Incident,2023-06-12 00:00:35,Incident noted near Chandigarh Hub 74 in Mumbai.,CASE0227
EV00941,P00860,Incident,2023-04-27 17:51:28,Incident noted near Lucknow Colony 149 in Kochi.,CASE0127
EV00942,P01509,Incident,2022-08-05 00:56:18,Incident noted near Ranchi Colony 90 in Lucknow.,CASE0139
EV00943,P01519,Meeting,2023-01-25 01:19:53,Meeting noted near Hyderabad Park 81 in Delhi.,CASE0205
EV00944,P00094,Observation,2024-09-07 05:46:03,Observation noted near Chandigarh Plaza 89 in Lucknow.,CASE0132
EV00945,P01736,Observation,2025-04-13 10:21:29,Observation noted near Patna Tower 13 in Lucknow.,CASE0215
EV00946,P00467,Travel,2024-02-05 22:03:47,Travel noted near Pune Tower 71 in Chennai.,CASE0199
EV00947,P00334,Observation,2023-02-25 13:05:46,Observation noted near Lucknow Colony 87 in Bhopal.,CASE0126
EV00948,P00601,Travel,2025-10-16 08:36:45,Travel noted near Visakhapatnam Junction 34 in Chennai.,CASE0057
EV00949,P00089,Observation,2022-09-20 09:37:30,Observation noted near Lucknow Park 79 in Guwahati.,CASE0200
EV00950,P00748,Observation,2022-04-09 12:14:29,Observation noted near Indore Tower 146 in Bhopal.,CASE0154
EV00951,P01373,Meeting,2025-10-17 13:45:02,Meeting noted near Visakhapatnam Hub 123 in Jaipur.,CASE0213
EV00952,P00705,Travel,2024-06-30 22:52:20,Travel noted near Chennai Hub 5 in Visakhapatnam.,CASE0102
EV00953,P01237,Observation,2024-04-29 11:52:26,Observation noted near Visakhapatnam Junction 21 in Ahmedabad.,CASE0194
EV00954,P00094,Observation,2024-08-15 23:02:51,Observation noted near Guwahati Colony 11 in Lucknow.,CASE0061
EV00955,P01658,Travel,2023-09-19 08:12:33,Travel noted near Delhi Hub 3 in Nagpur.,CASE0103
EV00956,P00741,Incident,2023-12-25 05:48:04,Incident noted near Bhopal Hub 113 in Ahmedabad.,CASE0209
EV00957,P01117,Observation,2022-06-03 09:00:31,Observation noted near Delhi Park 49 in Bengaluru.,CASE0003
EV00958,P01355,Property Transfer,2025-10-26 15:06:37,Property Transfer noted near Bhopal Colony 97 in Visakhapatnam.,CASE0086
EV00959,P00458,Property Transfer,2024-05-21 21:16:37,Property Transfer noted near Chennai Tower 24 in Ranchi.,CASE0176
EV00960,P01814,Incident,2025-03-12 13:56:44,Incident noted near Visakhapatnam Hub 38 in Bhopal.,CASE0219
EV00961,P00207,Financial Activity,2025-07-20 06:47:44,Financial Activity noted near Kochi Market 28 in Mumbai.,CASE0178
EV00962,P00055,Incident,2023-08-25 14:09:11,Incident noted near Mumbai Park 41 in Nagpur.,CASE0163
EV00963,P00705,Travel,2024-06-12 15:44:27,Travel noted near Chandigarh Hub 74 in Visakhapatnam.,CASE0176
EV00964,P00759,Meeting,2022-08-29 20:19:08,Meeting noted near Chennai Colony 69 in Jaipur.,CASE0028
EV00965,P00014,Observation,2024-11-01 04:46:44,Observation noted near Bhopal Junction 58 in Hyderabad.,CASE0041
EV00966,P01517,Meeting,2025-07-01 08:29:22,Meeting noted near Visakhapatnam Hub 38 in Lucknow.,CASE0031
EV00967,P01467,Travel,2022-04-05 19:01:11,Travel noted near Indore Market 83 in Chandigarh.,CASE0072
EV00968,P00477,Financial Activity,2025-01-10 12:48:33,Financial Activity noted near Surat Market 150 in Kochi.,CASE0105
EV00969,P00564,Property Transfer,2022-07-21 12:39:28,Property Transfer noted near Lucknow Park 94 in Surat.,CASE0069
EV00970,P00920,Travel,2023-02-28 21:14:24,Travel noted near Nagpur Colony 80 in Nagpur.,CASE0209
EV00971,P01302,Observation,2024-01-24 12:01:20,Observation noted near Visakhapatnam Market 50 in Kolkata.,CASE0221
EV00972,P00759,Meeting,2022-01-26 00:00:26,Meeting noted near Visakhapatnam Junction 34 in Jaipur.,CASE0090
EV00973,P00207,Financial Activity,2025-03-28 02:12:38,Financial Activity noted near Nagpur Colony 80 in Mumbai.,CASE0088
EV00974,P00143,Meeting,2022-03-12 13:19:25,Meeting noted near Visakhapatnam Hub 38 in Mumbai.,CASE0053
EV00975,P01430,Travel,2025-11-09 14:15:15,Travel noted near Hyderabad Hub 12 in Mumbai.,CASE0026
EV00976,P01386,Travel,2024-09-19 06:36:04,Travel noted near Chandigarh Colony 99 in Ahmedabad.,CASE0200
EV00977,P01331,Observation,2025-06-30 09:05:39,Observation noted near Ahmedabad Plaza 35 in Mumbai.,CASE0217
EV00978,P01495,Financial Activity,2023-05-05 22:49:35,Financial Activity noted near Lucknow Colony 29 in Hyderabad.,CASE0080
EV00979,P01288,Meeting,2023-09-24 23:07:58,Meeting noted near Chennai Tower 24 in Guwahati.,CASE0020
EV00980,P00728,Travel,2022-04-08 04:47:17,Travel noted near Chennai Hub 5 in Patna.,CASE0093
EV00981,P01653,Financial Activity,2022-06-28 22:49:50,Financial Activity noted near Chandigarh Junction 44 in Delhi.,CASE0195
EV00982,P01555,Incident,2024-01-16 17:55:02,Incident noted near Chennai Tower 134 in Guwahati.,CASE0100
EV00983,P00705,Meeting,2023-05-28 22:51:26,Meeting noted near Kochi Park 115 in Visakhapatnam.,CASE0169
EV00984,P01302,Incident,2025-07-29 06:10:35,Incident noted near Ranchi Park 95 in Kolkata.,CASE0219
EV00985,P00394,Financial Activity,2022-05-02 16:37:30,Financial Activity noted near Pune Market 65 in Guwahati.,CASE0054
EV00986,P00408,Property Transfer,2023-06-03 15:08:38,Property Transfer noted near Indore Hub 63 in Delhi.,CASE0088
EV00987,P00408,Financial Activity,2022-11-07 00:15:36,Financial Activity noted near Bengaluru Tower 105 in Delhi.,CASE0046
EV00988,P00441,Incident,2025-06-22 11:37:47,Incident noted near Jaipur Market 31 in Kolkata.,CASE0235
EV00989,P00179,Meeting,2025-02-24 14:58:59,Meeting noted near Surat Hub 20 in Bengaluru.,CASE0079
EV00990,P00408,Meeting,2025-08-16 16:41:19,Meeting noted near Lucknow Park 53 in Delhi.,CASE0026
EV00991,P01237,Financial Activity,2025-06-09 12:12:45,Financial Activity noted near Delhi Park 49 in Ahmedabad.,CASE0102
EV00992,P00776,Property Transfer,2022-06-17 22:47:57,Property Transfer noted near Nagpur Colony 80 in Delhi.,CASE0053
EV00993,P01658,Incident,2023-04-09 03:08:07,Incident noted near Guwahati Hub 60 in Nagpur.,CASE0127
EV00994,P00697,Observation,2022-12-18 02:29:31,Observation noted near Nagpur Hub 103 in Chennai.,CASE0207
EV00995,P01267,Property Transfer,2022-05-13 03:15:08,Property Transfer noted near Mumbai Hub 138 in Chennai.,CASE0150
EV00996,P01267,Meeting,2025-10-21 17:35:29,Meeting noted near Pune Colony 59 in Chennai.,CASE0018
EV00997,P00179,Observation,2022-02-15 19:40:42,Observation noted near Kochi Plaza 107 in Bengaluru.,CASE0089
EV00998,P01509,Property Transfer,2022-12-02 18:19:00,Property Transfer noted near Nagpur Junction 36 in Lucknow.,CASE0051
EV00999,P01519,Property Transfer,2024-12-16 13:30:04,Property Transfer noted near Visakhapatnam Hub 123 in Delhi.,CASE0163
EV01000,P01775,Travel,2025-11-01 21:30:26,Travel noted near Lucknow Colony 149 in Kolkata.,CASE0136
EV01001,P00467,Observation,2024-01-31 14:21:39,Observation noted near Nagpur Junction 37 in Chennai.,CASE0170
EV01002,P00865,Financial Activity,2024-07-23 21:01:03,Financial Activity noted near Mumbai Hub 55 in Bengaluru.,CASE0149
EV01003,P01467,Observation,2022-05-26 07:31:46,Observation noted near Visakhapatnam Junction 34 in Chandigarh.,CASE0170
EV01004,P01210,Financial Activity,2023-12-15 04:14:56,Financial Activity noted near Patna Colony 77 in Patna.,CASE0152
EV01005,P01509,Incident,2024-01-23 15:38:48,Incident noted near Pune Junction 125 in Lucknow.,CASE0168
EV01006,P01781,Property Transfer,2024-11-24 21:09:58,Property Transfer noted near Hyderabad Park 81 in Kochi.,CASE0029
EV01007,P01035,Meeting,2024-07-20 07:16:54,Meeting noted near Chandigarh Tower 157 in Chennai.,CASE0167
EV01008,P01355,Travel,2025-08-01 00:49:45,Travel noted near Guwahati Plaza 57 in Visakhapatnam.,CASE0029
EV01009,P01828,Meeting,2023-07-28 23:14:19,Meeting noted near Indore Hub 63 in Chandigarh.,CASE0180
EV01010,P00286,Property Transfer,2022-08-10 02:54:16,Property Transfer noted near Ranchi Market 132 in Mumbai.,CASE0205
EV01011,P01099,Meeting,2022-10-16 03:27:26,Meeting noted near Kolkata Park 18 in Hyderabad.,CASE0211
EV01012,P00593,Property Transfer,2023-12-05 23:45:20,Property Transfer noted near Kolkata Colony 127 in Hyderabad.,CASE0146
EV01013,P01993,Meeting,2025-04-26 14:55:20,Meeting noted near Chandigarh Plaza 89 in Kochi.,CASE0083
EV01014,P00089,Meeting,2022-05-17 01:24:48,Meeting noted near Indore Hub 2 in Guwahati.,CASE0205
EV01015,P00286,Travel,2022-11-28 19:47:48,Travel noted near Delhi Park 49 in Mumbai.,CASE0084
EV01016,P01781,Observation,2024-12-28 02:07:45,Observation noted near Indore Market 83 in Kochi.,CASE0228
EV01017,P01288,Incident,2022-04-24 09:30:25,Incident noted near Delhi Colony 133 in Guwahati.,CASE0045
EV01018,P00319,Observation,2022-07-30 03:48:40,Observation noted near Visakhapatnam Hub 123 in Bengaluru.,CASE0167
EV01019,P00759,Travel,2025-04-09 01:28:34,Travel noted near Hyderabad Park 7 in Jaipur.,CASE0100
EV01020,P00779,Property Transfer,2024-11-11 17:47:30,Property Transfer noted near Patna Market 4 in Delhi.,CASE0111
EV01021,P00860,Incident,2022-02-26 18:38:10,Incident noted near Chennai Park 96 in Kochi.,CASE0193
EV01022,P01993,Meeting,2024-08-17 05:49:20,Meeting noted near Guwahati Park 61 in Kochi.,CASE0062
EV01023,P01437,Travel,2022-09-12 22:08:36,Travel noted near Chandigarh Tower 157 in Kolkata.,CASE0124
EV01024,P01993,Financial Activity,2025-01-01 07:10:45,Financial Activity noted near Visakhapatnam Colony 72 in Kochi.,CASE0041
EV01025,P00179,Property Transfer,2025-08-11 14:24:21,Property Transfer noted near Delhi Market 141 in Bengaluru.,CASE0170
EV01026,P00286,Meeting,2022-03-19 23:14:50,Meeting noted near Nagpur Hub 26 in Mumbai.,CASE0070
EV01027,P00394,Incident,2025-10-18 16:03:57,Incident noted near Visakhapatnam Tower 14 in Guwahati.,CASE0066
EV01028,P00143,Incident,2022-01-08 13:02:24,Incident noted near Visakhapatnam Colony 72 in Mumbai.,CASE0148
EV01029,P00542,Observation,2025-06-21 19:09:26,Observation noted near Bhopal Hub 64 in Nagpur.,CASE0059
EV01030,P00199,Financial Activity,2023-01-17 22:05:43,Financial Activity noted near Visakhapatnam Tower 42 in Ranchi.,CASE0149
EV01031,P00334,Incident,2025-06-30 04:32:15,Incident noted near Chennai Hub 5 in Bhopal.,CASE0203
EV01032,P00210,Meeting,2023-06-02 13:00:11,Meeting noted near Indore Junction 101 in Pune.,CASE0038
EV01033,P01237,Financial Activity,2024-11-30 05:34:46,Financial Activity noted near Kolkata Tower 75 in Ahmedabad.,CASE0172
EV01034,P01775,Observation,2023-01-15 19:55:13,Observation noted near Pune Junction 25 in Kolkata.,CASE0216
EV01035,P01373,Observation,2022-04-28 18:10:54,Observation noted near Guwahati Park 158 in Jaipur.,CASE0083
EV01036,P01099,Observation,2025-04-24 20:03:42,Observation noted near Hyderabad Tower 10 in Hyderabad.,CASE0225
EV01037,P01099,Travel,2024-06-02 15:06:54,Travel noted near Visakhapatnam Plaza 120 in Hyderabad.,CASE0131
EV01038,P00601,Travel,2023-02-01 17:02:33,Travel noted near Chandigarh Tower 157 in Chennai.,CASE0043
EV01039,P00759,Property Transfer,2023-04-11 02:31:36,Property Transfer noted near Jaipur Market 31 in Jaipur.,CASE0067
EV01040,P00192,Meeting,2022-01-31 03:13:13,Meeting noted near Visakhapatnam Hub 38 in Delhi.,CASE0131
EV01041,P01919,Property Transfer,2023-01-23 09:29:44,Property Transfer noted near Surat Market 150 in Ahmedabad.,CASE0075
EV01042,P01310,Property Transfer,2023-10-12 05:25:40,Property Transfer noted near Nagpur Tower 130 in Ranchi.,CASE0238
EV01043,P01099,Incident,2023-06-01 04:07:44,Incident noted near Nagpur Junction 36 in Hyderabad.,CASE0148
EV01044,P01555,Travel,2024-08-16 02:38:38,Travel noted near Chennai Colony 48 in Guwahati.,CASE0099
EV01045,P01564,Property Transfer,2022-04-15 07:31:47,Property Transfer noted near Patna Tower 13 in Kolkata.,CASE0055
EV01046,P01495,Property Transfer,2022-07-09 16:17:28,Property Transfer noted near Visakhapatnam Tower 42 in Hyderabad.,CASE0198
EV01047,P00547,Property Transfer,2023-10-22 17:32:32,Property Transfer noted near Indore Market 136 in Chandigarh.,CASE0080
EV01048,P00776,Property Transfer,2022-01-18 08:25:16,Property Transfer noted near Jaipur Colony 114 in Delhi.,CASE0166
EV01049,P01237,Travel,2025-08-16 15:05:06,Travel noted near Nagpur Market 32 in Ahmedabad.,CASE0125
EV01050,P00502,Observation,2025-05-18 23:56:59,Observation noted near Hyderabad Tower 10 in Patna.,CASE0007
EV01051,P01438,Travel,2022-11-07 12:41:22,Travel noted near Bengaluru Tower 66 in Delhi.,CASE0165
EV01052,P00256,Observation,2024-06-01 20:17:33,Observation noted near Nagpur Plaza 106 in Delhi.,CASE0003
EV01053,P00920,Travel,2025-05-19 17:40:42,Travel noted near Nagpur Junction 116 in Nagpur.,CASE0238
EV01054,P00542,Incident,2025-03-08 11:52:36,Incident noted near Jaipur Market 31 in Nagpur.,CASE0173
EV01055,P01310,Meeting,2023-07-21 17:46:03,Meeting noted near Chennai Plaza 139 in Ranchi.,CASE0150
EV01056,P01889,Travel,2025-01-30 10:40:41,Travel noted near Jaipur Plaza 78 in Patna.,CASE0037
EV01057,P01331,Property Transfer,2025-08-13 18:32:33,Property Transfer noted near Kolkata Hub 143 in Mumbai.,CASE0018
EV01058,P00697,Incident,2023-12-24 13:06:59,Incident noted near Ranchi Colony 111 in Chennai.,CASE0138
EV01059,P00865,Travel,2023-10-21 18:33:11,Travel noted near Hyderabad Colony 145 in Bengaluru.,CASE0175
EV01060,P01765,Observation,2024-03-10 18:45:50,Observation noted near Visakhapatnam Colony 6 in Delhi.,CASE0187
EV01061,P01117,Property Transfer,2022-09-05 13:26:31,Property Transfer noted near Kochi Colony 148 in Bengaluru.,CASE0179
EV01062,P00441,Property Transfer,2025-11-18 23:24:05,Property Transfer noted near Delhi Hub 3 in Kolkata.,CASE0167
EV01063,P00190,Travel,2024-09-06 18:28:29,Travel noted near Hyderabad Junction 86 in Pune.,CASE0036
EV01064,P00570,Property Transfer,2022-07-25 13:56:59,Property Transfer noted near Nagpur Hub 26 in Chennai.,CASE0088
EV01065,P00776,Financial Activity,2025-12-25 08:30:13,Financial Activity noted near Patna Tower 13 in Delhi.,CASE0114
EV01066,P00601,Meeting,2023-01-14 12:36:32,Meeting noted near Pune Colony 59 in Chennai.,CASE0037
EV01067,P01099,Property Transfer,2025-08-13 06:40:03,Property Transfer noted near Chandigarh Junction 44 in Hyderabad.,CASE0127
EV01068,P00547,Property Transfer,2024-06-14 20:34:18,Property Transfer noted near Kochi Tower 144 in Chandigarh.,CASE0206
EV01069,P00593,Incident,2022-03-18 16:51:45,Incident noted near Guwahati Colony 11 in Hyderabad.,CASE0005
EV01070,P01555,Financial Activity,2024-09-09 00:30:24,Financial Activity noted near Guwahati Hub 129 in Guwahati.,CASE0094
EV01071,P00759,Meeting,2025-07-07 14:06:40,Meeting noted near Visakhapatnam Tower 14 in Jaipur.,CASE0201
EV01072,P00690,Travel,2025-03-17 23:31:02,Travel noted near Visakhapatnam Hub 38 in Kolkata.,CASE0204
EV01073,P01150,Incident,2023-09-01 11:06:12,Incident noted near Mumbai Hub 55 in Guwahati.,CASE0066
EV01074,P01658,Financial Activity,2022-01-06 12:08:56,Financial Activity noted near Patna Hub 91 in Nagpur.,CASE0193
EV01075,P01183,Incident,2024-02-06 10:51:51,Incident noted near Kochi Colony 148 in Bhopal.,CASE0080
EV01076,P00705,Property Transfer,2024-05-24 19:58:06,Property Transfer noted near Patna Market 67 in Visakhapatnam.,CASE0144
EV01077,P01519,Observation,2023-08-15 22:41:11,Observation noted near Visakhapatnam Junction 110 in Delhi.,CASE0203
EV01078,P00448,Meeting,2025-08-25 17:54:59,Meeting noted near Lucknow Plaza 142 in Surat.,CASE0115
EV01079,P01288,Property Transfer,2025-03-27 12:49:49,Property Transfer noted near Indore Market 135 in Guwahati.,CASE0230
EV01080,P00467,Meeting,2025-05-24 02:38:54,Meeting noted near Nagpur Junction 36 in Chennai.,CASE0225
EV01081,P01736,Observation,2022-11-15 06:51:42,Observation noted near Visakhapatnam Hub 38 in Lucknow.,CASE0135
EV01082,P01437,Meeting,2025-08-05 04:08:07,Meeting noted near Lucknow Park 53 in Kolkata.,CASE0186
EV01083,P01752,Travel,2023-09-26 10:51:57,Travel noted near Nagpur Tower 130 in Indore.,CASE0237
EV01084,P00929,Property Transfer,2024-01-26 02:19:01,Property Transfer noted near Visakhapatnam Tower 124 in Chandigarh.,CASE0092
EV01085,P00190,Financial Activity,2024-03-06 20:39:20,Financial Activity noted near Surat Park 62 in Pune.,CASE0090
EV01086,P00199,Property Transfer,2024-08-11 12:44:08,Property Transfer noted near Chandigarh Hub 74 in Ranchi.,CASE0060
EV01087,P00327,Property Transfer,2024-09-04 08:40:37,Property Transfer noted near Visakhapatnam Market 84 in Ranchi.,CASE0084
EV01088,P01775,Travel,2025-11-18 13:10:39,Travel noted near Lucknow Park 79 in Kolkata.,CASE0129
EV01089,P00334,Meeting,2025-07-07 22:05:57,Meeting noted near Visakhapatnam Tower 42 in Bhopal.,CASE0111
EV01090,P01099,Financial Activity,2025-09-02 14:33:53,Financial Activity noted near Jaipur Colony 114 in Hyderabad.,CASE0214
EV01091,P00066,Incident,2022-12-07 21:38:10,Incident noted near Pune Junction 25 in Patna.,CASE0157
EV01092,P01131,Meeting,2023-07-23 02:58:39,Meeting noted near Hyderabad Junction 86 in Kochi.,CASE0215
EV01093,P00601,Observation,2024-02-18 01:33:58,Observation noted near Visakhapatnam Junction 34 in Chennai.,CASE0157
EV01094,P01302,Property Transfer,2022-02-25 00:41:45,Property Transfer noted near Nagpur Colony 80 in Kolkata.,CASE0119
EV01095,P00593,Property Transfer,2025-08-02 00:39:25,Property Transfer noted near Surat Plaza 156 in Hyderabad.,CASE0199
EV01096,P00705,Incident,2022-04-28 01:37:28,Incident noted near Delhi Hub 82 in Visakhapatnam.,CASE0032
EV01097,P00055,Property Transfer,2025-01-24 15:01:34,Property Transfer noted near Jaipur Colony 114 in Nagpur.,CASE0210
EV01098,P01993,Financial Activity,2024-12-14 05:07:02,Financial Activity noted near Lucknow Colony 29 in Kochi.,CASE0209
EV01099,P00062,Property Transfer,2023-10-04 12:56:27,Property Transfer noted near Lucknow Junction 137 in Lucknow.,CASE0207
EV01100,P00690,Meeting,2025-06-02 06:51:37,Meeting noted near Hyderabad Tower 10 in Kolkata.,CASE0052
EV01101,P00441,Financial Activity,2022-04-22 18:56:16,Financial Activity noted near Chennai Plaza 139 in Kolkata.,CASE0169
EV01102,P00094,Property Transfer,2022-10-11 04:12:24,Property Transfer noted near Bhopal Plaza 160 in Lucknow.,CASE0239
EV01103,P01373,Observation,2025-09-20 19:34:02,Observation noted near Bengaluru Market 43 in Jaipur.,CASE0114
EV01104,P01331,Incident,2023-11-17 16:20:40,Incident noted near Indore Park 109 in Mumbai.,CASE0100
EV01105,P00736,Travel,2023-01-25 11:55:07,Travel noted near Guwahati Colony 11 in Ahmedabad.,CASE0093
EV01106,P00408,Travel,2022-07-31 06:36:22,Travel noted near Lucknow Plaza 142 in Delhi.,CASE0214
EV01107,P00094,Incident,2022-04-09 01:59:40,Incident noted near Surat Market 150 in Lucknow.,CASE0236
EV01108,P00593,Financial Activity,2025-11-26 16:26:55,Financial Activity noted near Ranchi Junction 140 in Hyderabad.,CASE0026
EV01109,P00547,Observation,2024-08-28 19:31:27,Observation noted near Kolkata Hub 143 in Chandigarh.,CASE0175
EV01110,P01509,Financial Activity,2025-04-29 04:49:52,Financial Activity noted near Nagpur Junction 36 in Lucknow.,CASE0118
EV01111,P00062,Observation,2024-12-10 21:13:35,Observation noted near Surat Market 150 in Lucknow.,CASE0117
EV01112,P00759,Incident,2022-10-21 06:01:50,Incident noted near Kolkata Tower 30 in Jaipur.,CASE0014
EV01113,P00319,Incident,2025-04-30 10:24:26,Incident noted near Surat Market 150 in Bengaluru.,CASE0064
EV01114,P00728,Meeting,2023-10-16 22:30:16,Meeting noted near Chandigarh Colony 99 in Patna.,CASE0010
EV01115,P01736,Incident,2023-01-13 12:54:00,Incident noted near Chandigarh Colony 99 in Lucknow.,CASE0230
EV01116,P00143,Observation,2023-01-20 16:30:50,Observation noted near Ranchi Market 132 in Mumbai.,CASE0125
EV01117,P01430,Property Transfer,2023-04-10 06:26:45,Property Transfer noted near Lucknow Colony 87 in Mumbai.,CASE0004
EV01118,P01467,Travel,2022-12-06 03:52:59,Travel noted near Guwahati Plaza 92 in Chandigarh.,CASE0046
EV01119,P00467,Travel,2023-09-07 12:26:21,Travel noted near Guwahati Colony 11 in Chennai.,CASE0191
EV01120,P00564,Financial Activity,2023-01-14 22:05:24,Financial Activity noted near Indore Hub 63 in Surat.,CASE0148
EV01121,P00547,Travel,2023-09-11 19:37:56,Travel noted near Chennai Colony 48 in Chandigarh.,CASE0036
EV01122,P01430,Incident,2025-10-16 10:43:36,Incident noted near Visakhapatnam Colony 6 in Mumbai.,CASE0168
EV01123,P01099,Meeting,2025-08-28 12:04:06,Meeting noted near Guwahati Hub 129 in Hyderabad.,CASE0101
EV01124,P01443,Financial Activity,2024-02-24 03:23:27,Financial Activity noted near Chandigarh Junction 44 in Delhi.,CASE0042
EV01125,P01765,Travel,2022-12-28 05:15:22,Travel noted near Lucknow Park 79 in Delhi.,CASE0021
EV01126,P00327,Meeting,2023-08-08 23:16:41,Meeting noted near Mumbai Junction 88 in Ranchi.,CASE0235
EV01127,P00229,Meeting,2025-10-13 22:55:58,Meeting noted near Visakhapatnam Junction 110 in Visakhapatnam.,CASE0193
EV01128,P00697,Financial Activity,2024-12-04 08:47:35,Financial Activity noted near Indore Hub 2 in Chennai.,CASE0005
EV01129,P00229,Meeting,2023-04-08 10:58:10,Meeting noted near Indore Market 23 in Visakhapatnam.,CASE0003
EV01130,P00728,Financial Activity,2025-04-07 23:33:46,Financial Activity noted near Jaipur Market 31 in Patna.,CASE0199
EV01131,P01919,Travel,2023-03-04 20:03:43,Travel noted near Nagpur Tower 130 in Ahmedabad.,CASE0177
EV01132,P00941,Financial Activity,2023-12-02 21:54:23,Financial Activity noted near Chennai Park 96 in Ahmedabad.,CASE0208
EV01133,P01781,Observation,2022-10-07 09:41:40,Observation noted near Indore Hub 2 in Kochi.,CASE0093
EV01134,P01752,Meeting,2022-06-07 04:02:37,Meeting noted near Patna Tower 13 in Indore.,CASE0040
EV01135,P01555,Financial Activity,2024-12-28 20:34:36,Financial Activity noted near Guwahati Plaza 152 in Guwahati.,CASE0089
EV01136,P01736,Financial Activity,2024-05-04 22:23:38,Financial Activity noted near Indore Park 109 in Lucknow.,CASE0159
EV01137,P00542,Travel,2025-04-06 03:47:04,Travel noted near Chennai Park 96 in Nagpur.,CASE0024
EV01138,P01438,Travel,2025-10-26 22:41:33,Travel noted near Patna Market 70 in Delhi.,CASE0180
EV01139,P00690,Property Transfer,2022-11-19 14:19:28,Property Transfer noted near Visakhapatnam Hub 112 in Kolkata.,CASE0006
EV01140,P00941,Observation,2025-03-22 09:08:23,Observation noted near Jaipur Plaza 78 in Ahmedabad.,CASE0123
EV01141,P00066,Financial Activity,2022-12-06 02:42:31,Financial Activity noted near Patna Market 4 in Patna.,CASE0131
EV01142,P01709,Travel,2022-10-01 01:48:54,Travel noted near Lucknow Park 79 in Patna.,CASE0154
EV01143,P00062,Travel,2024-05-13 17:43:07,Travel noted near Hyderabad Colony 145 in Lucknow.,CASE0007
EV01144,P01993,Incident,2024-04-06 08:49:29,Incident noted near Bhopal Plaza 160 in Kochi.,CASE0239
EV01145,P00542,Incident,2025-06-16 21:37:06,Incident noted near Mumbai Hub 138 in Nagpur.,CASE0075
EV01146,P00179,Property Transfer,2024-05-09 12:08:02,Property Transfer noted near Surat Hub 9 in Bengaluru.,CASE0165
EV01147,P01302,Financial Activity,2022-07-25 08:34:03,Financial Activity noted near Lucknow Colony 149 in Kolkata.,CASE0023
EV01148,P01373,Observation,2023-12-06 10:03:43,Observation noted near Delhi Junction 8 in Jaipur.,CASE0191
EV01149,P00256,Meeting,2025-07-10 15:23:19,Meeting noted near Nagpur Junction 37 in Delhi.,CASE0017
EV01150,P01099,Incident,2025-02-20 01:11:38,Incident noted near Chandigarh Market 54 in Hyderabad.,CASE0220
EV01151,P01117,Observation,2023-01-07 01:28:26,Observation noted near Pune Market 65 in Bengaluru.,CASE0165
EV01152,P01814,Travel,2022-06-27 11:03:49,Travel noted near Lucknow Park 94 in Bhopal.,CASE0078
EV01153,P00601,Travel,2023-04-12 22:25:55,Travel noted near Indore Junction 101 in Chennai.,CASE0103
EV01154,P01828,Incident,2024-01-06 21:56:25,Incident noted near Kochi Plaza 107 in Chandigarh.,CASE0191
EV01155,P00736,Observation,2024-05-24 18:13:26,Observation noted near Lucknow Junction 137 in Ahmedabad.,CASE0089
EV01156,P00779,Meeting,2024-11-22 01:59:46,Meeting noted near Visakhapatnam Junction 34 in Delhi.,CASE0138
EV01157,P01775,Observation,2022-08-07 13:44:45,Observation noted near Chandigarh Colony 99 in Kolkata.,CASE0183
EV01158,P01752,Observation,2025-06-20 21:44:58,Observation noted near Guwahati Park 158 in Indore.,CASE0059
EV01159,P01355,Financial Activity,2022-06-09 16:58:26,Financial Activity noted near Nagpur Hub 26 in Visakhapatnam.,CASE0180
EV01160,P00477,Financial Activity,2022-03-02 18:27:07,Financial Activity noted near Kolkata Hub 143 in Kochi.,CASE0010
EV01161,P00143,Financial Activity,2025-12-03 11:34:53,Financial Activity noted near Surat Park 62 in Mumbai.,CASE0156
EV01162,P01430,Meeting,2022-10-07 15:17:46,Meeting noted near Indore Tower 128 in Mumbai.,CASE0147
EV01163,P00055,Incident,2024-01-04 14:04:11,Incident noted near Pune Market 17 in Nagpur.,CASE0119
EV01164,P00286,Observation,2025-04-16 12:13:22,Observation noted near Guwahati Colony 11 in Mumbai.,CASE0090
EV01165,P01443,Financial Activity,2024-05-26 21:37:39,Financial Activity noted near Kolkata Park 15 in Delhi.,CASE0144
EV01166,P00502,Property Transfer,2022-05-11 11:47:42,Property Transfer noted near Lucknow Park 53 in Patna.,CASE0146
EV01167,P01828,Travel,2023-03-25 05:59:11,Travel noted near Guwahati Plaza 152 in Chandigarh.,CASE0014
EV01168,P01752,Travel,2023-05-20 21:50:55,Travel noted near Lucknow Park 79 in Indore.,CASE0147
EV01169,P01099,Financial Activity,2023-08-28 14:06:02,Financial Activity noted near Chennai Colony 69 in Hyderabad.,CASE0216
EV01170,P01437,Meeting,2024-04-02 08:50:24,Meeting noted near Indore Market 136 in Kolkata.,CASE0228
EV01171,P00448,Property Transfer,2022-07-27 02:36:48,Property Transfer noted near Mumbai Hub 76 in Surat.,CASE0143
EV01172,P01099,Travel,2025-10-02 10:23:02,Travel noted near Patna Market 4 in Hyderabad.,CASE0225
EV01173,P01658,Property Transfer,2023-12-17 08:30:39,Property Transfer noted near Delhi Junction 46 in Nagpur.,CASE0045
EV01174,P01653,Meeting,2022-07-02 22:58:05,Meeting noted near Surat Plaza 156 in Delhi.,CASE0148
EV01175,P01509,Observation,2024-01-16 23:03:57,Observation noted near Mumbai Hub 76 in Lucknow.,CASE0227
EV01176,P01237,Property Transfer,2023-04-02 12:12:45,Property Transfer noted near Hyderabad Hub 16 in Ahmedabad.,CASE0098
EV01177,P01099,Property Transfer,2024-05-26 22:25:53,Property Transfer noted near Ahmedabad Plaza 33 in Hyderabad.,CASE0077
EV01178,P01288,Financial Activity,2023-05-21 21:38:54,Financial Activity noted near Delhi Junction 147 in Guwahati.,CASE0202
EV01179,P00542,Observation,2023-10-07 17:10:46,Observation noted near Hyderabad Tower 10 in Nagpur.,CASE0059
EV01180,P01584,Meeting,2025-04-01 11:58:49,Meeting noted near Kochi Park 121 in Lucknow.,CASE0069
EV01181,P00477,Property Transfer,2024-03-09 22:49:33,Property Transfer noted near Hyderabad Plaza 102 in Kochi.,CASE0051
EV01182,P01117,Meeting,2022-03-17 03:13:57,Meeting noted near Chandigarh Hub 1 in Bengaluru.,CASE0012
EV01183,P01961,Financial Activity,2022-09-17 04:17:33,Financial Activity noted near Bhopal Junction 151 in Guwahati.,CASE0185
EV01184,P00192,Meeting,2025-08-30 18:05:01,Meeting noted near Ranchi Market 132 in Delhi.,CASE0215
EV01185,P01555,Property Transfer,2022-01-04 14:56:23,Property Transfer noted near Kolkata Junction 45 in Guwahati.,CASE0038
EV01186,P01237,Observation,2022-11-17 01:33:01,Observation noted near Kolkata Park 18 in Ahmedabad.,CASE0226
EV01187,P01736,Incident,2022-06-10 18:02:42,Incident noted near Patna Market 70 in Lucknow.,CASE0136
EV01188,P01814,Incident,2022-10-17 23:17:53,Incident noted near Chennai Colony 153 in Bhopal.,CASE0018
EV01189,P00164,Travel,2023-02-06 18:53:03,Travel noted near Kochi Plaza 107 in Indore.,CASE0236
EV01190,P01035,Property Transfer,2023-03-30 00:56:36,Property Transfer noted near Lucknow Colony 149 in Chennai.,CASE0101
EV01191,P00394,Travel,2023-09-23 09:03:49,Travel noted near Pune Junction 25 in Guwahati.,CASE0141
EV01192,P00162,Observation,2025-08-05 06:27:52,Observation noted near Guwahati Hub 129 in Lucknow.,CASE0040
EV01193,P01993,Incident,2023-02-19 22:00:03,Incident noted near Lucknow Colony 149 in Kochi.,CASE0184
EV01194,P00728,Incident,2024-12-01 05:51:16,Incident noted near Guwahati Plaza 152 in Patna.,CASE0106
EV01195,P01736,Travel,2022-02-14 16:44:16,Travel noted near Surat Tower 108 in Lucknow.,CASE0139
EV01196,P00593,Financial Activity,2024-03-04 06:36:39,Financial Activity noted near Patna Market 4 in Hyderabad.,CASE0006
EV01197,P00705,Property Transfer,2023-07-27 21:02:52,Property Transfer noted near Chennai Tower 24 in Visakhapatnam.,CASE0068
EV01198,P01919,Travel,2024-02-10 11:07:15,Travel noted near Chennai Tower 134 in Ahmedabad.,CASE0235
EV01199,P01035,Meeting,2023-07-07 06:42:18,Meeting noted near Hyderabad Market 131 in Chennai.,CASE0084
EV01200,P01430,Property Transfer,2022-11-20 09:04:41,Property Transfer noted near Pune Market 17 in Mumbai.,CASE0228
EV01201,P00866,Property Transfer,2022-08-05 10:28:11,Property Transfer noted near Kolkata Plaza 119 in Guwahati.,CASE0231
EV01202,P00327,Observation,2023-08-25 16:17:12,Observation noted near Mumbai Hub 76 in Ranchi.,CASE0070
EV01203,P01355,Incident,2023-01-28 00:14:26,Incident noted near Patna Colony 77 in Visakhapatnam.,CASE0109
EV01204,P00052,Observation,2022-07-16 00:39:47,Observation noted near Hyderabad Park 81 in Bengaluru.,CASE0240
EV01205,P01131,Meeting,2022-06-04 02:30:52,Meeting noted near Lucknow Park 19 in Kochi.,CASE0156
EV01206,P00736,Property Transfer,2024-10-01 18:17:33,Property Transfer noted near Kochi Plaza 107 in Ahmedabad.,CASE0163
EV01207,P00690,Property Transfer,2024-04-14 11:29:33,Property Transfer noted near Visakhapatnam Junction 110 in Kolkata.,CASE0199
EV01208,P00542,Meeting,2023-01-21 16:53:42,Meeting noted near Chennai Colony 48 in Nagpur.,CASE0161
EV01209,P00190,Travel,2022-09-04 01:14:23,Travel noted near Guwahati Plaza 92 in Pune.,CASE0169
EV01210,P00319,Observation,2025-04-12 23:49:30,Observation noted near Indore Tower 39 in Bengaluru.,CASE0121
EV01211,P00408,Observation,2024-01-23 18:51:33,Observation noted near Bengaluru Market 43 in Delhi.,CASE0109
EV01212,P01555,Meeting,2025-03-26 12:58:14,Meeting noted near Pune Market 17 in Guwahati.,CASE0197
EV01213,P00736,Travel,2022-05-15 22:09:25,Travel noted near Kolkata Colony 127 in Ahmedabad.,CASE0214
EV01214,P00705,Travel,2025-11-11 15:01:01,Travel noted near Visakhapatnam Colony 6 in Visakhapatnam.,CASE0037
EV01215,P01150,Property Transfer,2023-06-26 13:58:10,Property Transfer noted near Indore Tower 39 in Guwahati.,CASE0077
EV01216,P00452,Meeting,2024-04-06 03:20:39,Meeting noted near Delhi Junction 46 in Chandigarh.,CASE0037
EV01217,P01430,Property Transfer,2025-11-17 13:19:38,Property Transfer noted near Patna Hub 52 in Mumbai.,CASE0213
EV01218,P01438,Property Transfer,2025-04-06 18:25:11,Property Transfer noted near Kochi Colony 148 in Delhi.,CASE0042
EV01219,P01781,Property Transfer,2025-07-20 16:29:10,Property Transfer noted near Jaipur Colony 114 in Kochi.,CASE0174
EV01220,P00094,Financial Activity,2024-12-15 19:48:12,Financial Activity noted near Indore Tower 39 in Lucknow.,CASE0142
EV01221,P00014,Travel,2024-03-25 17:02:29,Travel noted near Kolkata Colony 127 in Hyderabad.,CASE0081
EV01222,P00736,Travel,2023-11-06 08:34:19,Travel noted near Nagpur Tower 130 in Ahmedabad.,CASE0160
EV01223,P01310,Property Transfer,2025-05-04 11:53:30,Property Transfer noted near Hyderabad Park 7 in Ranchi.,CASE0011
EV01224,P01267,Travel,2025-09-17 17:03:34,Travel noted near Bhopal Junction 58 in Chennai.,CASE0096
EV01225,P01437,Financial Activity,2023-01-27 04:04:48,Financial Activity noted near Visakhapatnam Junction 34 in Kolkata.,CASE0115
EV01226,P01267,Travel,2025-08-09 19:34:58,Travel noted near Chandigarh Market 54 in Chennai.,CASE0058
EV01227,P01150,Travel,2022-09-09 19:41:36,Travel noted near Mumbai Park 41 in Guwahati.,CASE0033
EV01228,P00564,Property Transfer,2025-03-28 13:23:18,Property Transfer noted near Mumbai Hub 138 in Surat.,CASE0207
EV01229,P01302,Travel,2023-12-14 00:27:40,Travel noted near Patna Market 4 in Kolkata.,CASE0002
EV01230,P00941,Incident,2025-01-27 18:57:21,Incident noted near Mumbai Hub 76 in Ahmedabad.,CASE0179
EV01231,P01555,Meeting,2024-12-07 03:05:03,Meeting noted near Lucknow Park 79 in Guwahati.,CASE0203
EV01232,P01288,Incident,2023-04-08 02:17:10,Incident noted near Kochi Market 28 in Guwahati.,CASE0178
EV01233,P01765,Travel,2023-09-23 18:53:31,Travel noted near Indore Tower 39 in Delhi.,CASE0225
EV01234,P00066,Incident,2024-06-20 02:57:20,Incident noted near Visakhapatnam Colony 6 in Patna.,CASE0110
EV01235,P01437,Observation,2025-11-29 04:06:28,Observation noted near Kolkata Plaza 119 in Kolkata.,CASE0211
EV01236,P01288,Property Transfer,2023-08-17 05:47:07,Property Transfer noted near Chennai Park 96 in Guwahati.,CASE0126
EV01237,P01207,Property Transfer,2023-01-05 06:10:20,Property Transfer noted near Lucknow Colony 73 in Kochi.,CASE0190
EV01238,P01331,Meeting,2024-04-30 20:03:41,Meeting noted near Guwahati Park 158 in Mumbai.,CASE0160
EV01239,P01131,Travel,2025-09-22 10:17:32,Travel noted near Visakhapatnam Market 84 in Kochi.,CASE0050
EV01240,P01150,Meeting,2023-10-29 18:47:55,Meeting noted near Lucknow Plaza 142 in Guwahati.,CASE0043
EV01241,P00748,Property Transfer,2025-08-29 03:16:00,Property Transfer noted near Guwahati Park 158 in Bhopal.,CASE0020
EV01242,P01509,Meeting,2024-02-07 04:18:06,Meeting noted near Pune Colony 59 in Lucknow.,CASE0171
EV01243,P00502,Financial Activity,2024-05-17 03:29:26,Financial Activity noted near Ranchi Park 95 in Patna.,CASE0090
EV01244,P00192,Meeting,2023-07-25 20:33:51,Meeting noted near Pune Market 17 in Delhi.,CASE0195
EV01245,P00062,Incident,2024-11-08 03:43:03,Incident noted near Mumbai Hub 138 in Lucknow.,CASE0178
EV01246,P00736,Meeting,2022-03-11 05:19:50,Meeting noted near Kochi Park 117 in Ahmedabad.,CASE0048
EV01247,P01919,Incident,2023-08-02 16:40:01,Incident noted near Pune Junction 125 in Ahmedabad.,CASE0182
EV01248,P01709,Meeting,2024-06-10 07:06:12,Meeting noted near Lucknow Colony 87 in Patna.,CASE0045
EV01249,P01828,Meeting,2023-12-30 12:40:25,Meeting noted near Chennai Tower 134 in Chandigarh.,CASE0173
EV01250,P00066,Incident,2024-08-27 13:06:38,Incident noted near Kolkata Tower 75 in Patna.,CASE0136
EV01251,P00207,Observation,2024-12-31 13:11:28,Observation noted near Patna Market 67 in Mumbai.,CASE0126
EV01252,P01919,Financial Activity,2025-05-07 11:56:52,Financial Activity noted near Delhi Junction 46 in Ahmedabad.,CASE0167
EV01253,P01210,Meeting,2022-06-22 23:21:08,Meeting noted near Kolkata Plaza 119 in Patna.,CASE0057
EV01254,P00052,Travel,2025-04-01 09:50:05,Travel noted near Visakhapatnam Hub 112 in Bengaluru.,CASE0012
EV01255,P00776,Meeting,2023-09-26 21:25:31,Meeting noted near Kochi Park 115 in Delhi.,CASE0036
EV01256,P00741,Observation,2022-06-04 02:20:49,Observation noted near Guwahati Hub 129 in Ahmedabad.,CASE0234
EV01257,P01584,Property Transfer,2022-09-16 06:11:00,Property Transfer noted near Indore Market 136 in Lucknow.,CASE0141
EV01258,P00052,Incident,2025-03-07 06:28:53,Incident noted near Surat Plaza 156 in Bengaluru.,CASE0196
EV01259,P00094,Incident,2022-05-19 14:03:09,Incident noted near Kochi Park 115 in Lucknow.,CASE0037
EV01260,P00394,Meeting,2025-04-23 21:53:35,Meeting noted near Chandigarh Plaza 89 in Guwahati.,CASE0156
EV01261,P00210,Property Transfer,2024-02-19 06:52:01,Property Transfer noted near Delhi Colony 133 in Pune.,CASE0052
EV01262,P00467,Travel,2023-01-11 20:46:12,Travel noted near Ranchi Plaza 100 in Chennai.,CASE0108
EV01263,P00741,Observation,2022-01-06 06:41:16,Observation noted near Patna Market 67 in Ahmedabad.,CASE0165
EV01264,P00229,Financial Activity,2022-08-18 09:41:17,Financial Activity noted near Lucknow Park 53 in Visakhapatnam.,CASE0163
EV01265,P00452,Travel,2025-05-15 13:18:01,Travel noted near Kolkata Tower 75 in Chandigarh.,CASE0183
EV01266,P00929,Incident,2023-05-20 21:53:59,Incident noted near Nagpur Junction 51 in Chandigarh.,CASE0163
EV01267,P00055,Meeting,2025-03-19 02:09:17,Meeting noted near Hyderabad Park 7 in Nagpur.,CASE0210
EV01268,P01495,Meeting,2022-05-26 15:23:43,Meeting noted near Kolkata Plaza 119 in Hyderabad.,CASE0161
EV01269,P01752,Meeting,2025-06-01 22:53:36,Meeting noted near Kochi Colony 148 in Indore.,CASE0185
EV01270,P00920,Financial Activity,2025-09-28 10:39:27,Financial Activity noted near Ranchi Market 132 in Nagpur.,CASE0236
EV01271,P00920,Observation,2025-12-13 23:43:54,Observation noted near Lucknow Colony 29 in Nagpur.,CASE0212
EV01272,P01210,Property Transfer,2025-02-13 09:06:54,Property Transfer noted near Ahmedabad Plaza 35 in Patna.,CASE0197
EV01273,P00458,Travel,2024-05-19 07:26:14,Travel noted near Chennai Hub 5 in Ranchi.,CASE0092
EV01274,P01709,Observation,2024-02-03 02:38:51,Observation noted near Chennai Park 96 in Patna.,CASE0214
EV01275,P01564,Observation,2022-02-22 12:57:45,Observation noted near Kochi Park 115 in Kolkata.,CASE0033
EV01276,P01437,Meeting,2025-04-18 12:34:49,Meeting noted near Pune Junction 125 in Kolkata.,CASE0140
EV01277,P00199,Meeting,2024-09-05 23:45:55,Meeting noted near Guwahati Hub 129 in Ranchi.,CASE0131
EV01278,P01564,Meeting,2024-05-14 12:11:30,Meeting noted near Lucknow Colony 73 in Kolkata.,CASE0196
EV01279,P01117,Incident,2023-01-31 01:44:20,Incident noted near Indore Market 136 in Bengaluru.,CASE0042
EV01280,P00143,Incident,2022-11-26 05:49:16,Incident noted near Patna Market 67 in Mumbai.,CASE0201
EV01281,P00570,Property Transfer,2023-07-11 10:46:40,Property Transfer noted near Kolkata Junction 45 in Chennai.,CASE0204
EV01282,P01828,Meeting,2024-09-11 16:17:39,Meeting noted near Hyderabad Hub 12 in Chandigarh.,CASE0192
EV01283,P01210,Observation,2022-07-30 02:57:42,Observation noted near Visakhapatnam Plaza 120 in Patna.,CASE0018
EV01284,P00452,Incident,2023-07-01 12:34:24,Incident noted near Hyderabad Plaza 102 in Chandigarh.,CASE0185
EV01285,P00502,Meeting,2023-04-27 21:29:16,Meeting noted near Ranchi Park 95 in Patna.,CASE0023
EV01286,P00394,Meeting,2022-05-31 09:36:45,Meeting noted near Chennai Colony 69 in Guwahati.,CASE0058
EV01287,P00143,Travel,2024-04-22 21:37:35,Travel noted near Pune Colony 59 in Mumbai.,CASE0233
EV01288,P00062,Incident,2024-09-24 08:50:49,Incident noted near Patna Hub 52 in Lucknow.,CASE0098
EV01289,P01302,Financial Activity,2023-05-24 01:58:29,Financial Activity noted near Hyderabad Plaza 102 in Kolkata.,CASE0161
EV01290,P01237,Travel,2023-05-11 22:45:56,Travel noted near Delhi Junction 147 in Ahmedabad.,CASE0071
EV01291,P00408,Property Transfer,2024-05-21 08:33:49,Property Transfer noted near Visakhapatnam Colony 72 in Delhi.,CASE0014
EV01292,P00408,Travel,2023-09-26 16:30:32,Travel noted near Visakhapatnam Tower 124 in Delhi.,CASE0083
EV01293,P00564,Travel,2024-04-14 13:31:39,Travel noted near Visakhapatnam Tower 124 in Surat.,CASE0220
EV01294,P00327,Travel,2023-05-27 09:52:51,Travel noted near Indore Tower 146 in Ranchi.,CASE0108
EV01295,P00564,Meeting,2023-06-13 00:13:19,Meeting noted near Kolkata Junction 45 in Surat.,CASE0143
EV01296,P01699,Travel,2023-12-17 03:17:28,Travel noted near Delhi Hub 3 in Surat.,CASE0195
EV01297,P01517,Observation,2023-10-28 20:40:19,Observation noted near Nagpur Colony 80 in Lucknow.,CASE0214
EV01298,P00866,Observation,2023-08-04 10:58:49,Observation noted near Nagpur Tower 104 in Guwahati.,CASE0187
EV01299,P00865,Meeting,2025-03-31 11:58:31,Meeting noted near Visakhapatnam Junction 110 in Bengaluru.,CASE0120
EV01300,P00865,Travel,2025-10-04 18:55:58,Travel noted near Surat Plaza 122 in Bengaluru.,CASE0194
EV01301,P01210,Incident,2025-11-19 05:12:36,Incident noted near Patna Market 67 in Patna.,CASE0055
EV01302,P01438,Property Transfer,2025-05-30 20:05:40,Property Transfer noted near Hyderabad Park 7 in Delhi.,CASE0189
EV01303,P00776,Meeting,2023-06-02 20:32:43,Meeting noted near Mumbai Hub 138 in Delhi.,CASE0009
EV01304,P00441,Property Transfer,2025-11-05 03:59:53,Property Transfer noted near Bhopal Junction 58 in Kolkata.,CASE0016
EV01305,P01035,Travel,2025-08-14 08:00:51,Travel noted near Indore Market 23 in Chennai.,CASE0092
EV01306,P01495,Meeting,2025-08-28 23:08:09,Meeting noted near Bhopal Hub 113 in Hyderabad.,CASE0158
EV01307,P01373,Observation,2022-10-23 06:21:04,Observation noted near Nagpur Colony 80 in Jaipur.,CASE0017
EV01308,P01752,Financial Activity,2022-07-09 08:33:04,Financial Activity noted near Chennai Hub 5 in Indore.,CASE0206
EV01309,P00779,Property Transfer,2022-12-13 02:08:02,Property Transfer noted near Mumbai Park 41 in Delhi.,CASE0193
EV01310,P00741,Property Transfer,2024-08-30 20:08:55,Property Transfer noted near Lucknow Colony 73 in Ahmedabad.,CASE0117
EV01311,P00164,Incident,2025-12-28 23:49:47,Incident noted near Kochi Park 121 in Indore.,CASE0018
EV01312,P01509,Property Transfer,2023-03-17 06:13:47,Property Transfer noted near Mumbai Hub 76 in Lucknow.,CASE0160
EV01313,P00199,Meeting,2024-04-18 15:39:43,Meeting noted near Lucknow Park 19 in Ranchi.,CASE0112
EV01314,P00690,Financial Activity,2024-05-03 16:35:42,Financial Activity noted near Nagpur Junction 116 in Kolkata.,CASE0226
EV01315,P00143,Incident,2022-05-30 06:20:16,Incident noted near Visakhapatnam Hub 123 in Mumbai.,CASE0009
EV01316,P01555,Travel,2024-01-03 11:13:12,Travel noted near Mumbai Hub 55 in Guwahati.,CASE0034
EV01317,P00430,Observation,2024-07-17 01:44:46,Observation noted near Mumbai Junction 88 in Chennai.,CASE0233
EV01318,P01993,Property Transfer,2023-06-04 19:08:43,Property Transfer noted near Kolkata Park 18 in Kochi.,CASE0189
EV01319,P01373,Incident,2022-04-13 01:12:41,Incident noted near Jaipur Plaza 78 in Jaipur.,CASE0038
EV01320,P01709,Financial Activity,2025-02-16 11:25:15,Financial Activity noted near Visakhapatnam Market 84 in Patna.,CASE0127
EV01321,P00705,Meeting,2022-06-22 16:59:38,Meeting noted near Nagpur Plaza 106 in Visakhapatnam.,CASE0154
EV01322,P00564,Incident,2023-07-04 15:00:13,Incident noted near Guwahati Plaza 92 in Surat.,CASE0125
EV01323,P01210,Incident,2025-04-04 17:03:56,Incident noted near Guwahati Hub 129 in Patna.,CASE0011
EV01324,P01517,Financial Activity,2025-09-20 00:20:58,Financial Activity noted near Kolkata Tower 30 in Lucknow.,CASE0060
EV01325,P00319,Travel,2022-02-03 21:05:55,Travel noted near Nagpur Market 32 in Bengaluru.,CASE0031
EV01326,P00055,Observation,2025-04-09 23:19:28,Observation noted near Ahmedabad Plaza 35 in Nagpur.,CASE0022
EV01327,P00327,Incident,2024-12-15 06:14:57,Incident noted near Kochi Park 117 in Ranchi.,CASE0197
EV01328,P00334,Financial Activity,2022-12-31 03:41:33,Financial Activity noted near Hyderabad Colony 145 in Bhopal.,CASE0032
EV01329,P00467,Incident,2023-03-30 09:45:32,Incident noted near Pune Market 65 in Chennai.,CASE0104
EV01330,P01233,Meeting,2024-04-12 12:51:12,Meeting noted near Kolkata Plaza 119 in Surat.,CASE0011
EV01331,P01495,Incident,2024-11-09 22:53:10,Incident noted near Indore Market 83 in Hyderabad.,CASE0194
EV01332,P00477,Financial Activity,2022-01-17 13:51:41,Financial Activity noted near Visakhapatnam Junction 34 in Kochi.,CASE0147
EV01333,P00192,Observation,2023-06-13 12:59:43,Observation noted near Hyderabad Park 81 in Delhi.,CASE0049
EV01334,P01993,Travel,2025-10-11 20:03:08,Travel noted near Chennai Colony 48 in Kochi.,CASE0193
EV01335,P01919,Incident,2023-12-02 21:32:36,Incident noted near Chandigarh Tower 157 in Ahmedabad.,CASE0122
EV01336,P00094,Incident,2024-04-19 03:03:57,Incident noted near Nagpur Tower 104 in Lucknow.,CASE0091
EV01337,P01555,Property Transfer,2024-07-01 13:20:53,Property Transfer noted near Nagpur Junction 116 in Guwahati.,CASE0001
EV01338,P00052,Property Transfer,2024-03-25 09:16:52,Property Transfer noted near Visakhapatnam Market 50 in Bengaluru.,CASE0142
EV01339,P01781,Observation,2023-04-23 20:05:46,Observation noted near Ranchi Junction 140 in Kochi.,CASE0122
EV01340,P00199,Financial Activity,2024-11-03 05:35:34,Financial Activity noted near Lucknow Plaza 142 in Ranchi.,CASE0049
EV01341,P00542,Financial Activity,2023-09-14 07:47:30,Financial Activity noted near Patna Colony 77 in Nagpur.,CASE0169
EV01342,P00286,Financial Activity,2023-02-10 04:05:11,Financial Activity noted near Kolkata Hub 143 in Mumbai.,CASE0192
EV01343,P01310,Property Transfer,2025-08-11 00:43:51,Property Transfer noted near Hyderabad Market 131 in Ranchi.,CASE0048
EV01344,P00062,Travel,2025-03-12 20:44:57,Travel noted near Visakhapatnam Junction 110 in Lucknow.,CASE0143
EV01345,P00728,Property Transfer,2022-08-15 17:41:30,Property Transfer noted near Kochi Park 115 in Patna.,CASE0216
EV01346,P01302,Property Transfer,2024-11-19 14:39:47,Property Transfer noted near Hyderabad Hub 16 in Kolkata.,CASE0121
EV01347,P00327,Incident,2025-08-14 22:24:15,Incident noted near Surat Plaza 156 in Ranchi.,CASE0095
EV01348,P01288,Travel,2025-06-21 14:47:41,Travel noted near Chennai Tower 24 in Guwahati.,CASE0143
EV01349,P01288,Incident,2025-12-03 09:05:19,Incident noted near Mumbai Hub 76 in Guwahati.,CASE0177
EV01350,P00542,Observation,2023-12-17 19:25:14,Observation noted near Jaipur Market 31 in Nagpur.,CASE0105
EV01351,P01302,Incident,2022-06-22 21:34:56,Incident noted near Lucknow Plaza 142 in Kolkata.,CASE0162
EV01352,P00089,Incident,2024-08-23 20:42:48,Incident noted near Hyderabad Plaza 102 in Guwahati.,CASE0191
EV01353,P01651,Incident,2023-05-20 02:01:03,Incident noted near Lucknow Park 53 in Indore.,CASE0085
EV01354,P01658,Financial Activity,2024-08-08 19:55:28,Financial Activity noted near Mumbai Park 41 in Nagpur.,CASE0222
EV01355,P01267,Property Transfer,2023-08-29 14:54:30,Property Transfer noted near Guwahati Plaza 92 in Chennai.,CASE0130
EV01356,P01331,Property Transfer,2025-10-27 01:07:54,Property Transfer noted near Chandigarh Tower 157 in Mumbai.,CASE0209
EV01357,P00286,Financial Activity,2024-08-01 19:13:23,Financial Activity noted near Kochi Tower 144 in Mumbai.,CASE0053
EV01358,P00728,Incident,2024-09-17 15:19:39,Incident noted near Chennai Colony 48 in Patna.,CASE0078
EV01359,P00748,Travel,2024-12-07 18:34:15,Travel noted near Bhopal Colony 97 in Bhopal.,CASE0096
EV01360,P00697,Property Transfer,2025-05-07 17:51:47,Property Transfer noted near Lucknow Plaza 142 in Chennai.,CASE0018
EV01361,P01267,Observation,2023-05-26 04:15:38,Observation noted near Kochi Park 117 in Chennai.,CASE0111
EV01362,P00334,Observation,2023-06-09 13:03:50,Observation noted near Kolkata Hub 143 in Bhopal.,CASE0026
EV01363,P00430,Incident,2024-04-14 07:33:37,Incident noted near Indore Market 23 in Chennai.,CASE0018
EV01364,P01555,Incident,2022-06-19 09:01:55,Incident noted near Guwahati Hub 129 in Guwahati.,CASE0168
EV01365,P00334,Travel,2025-12-11 07:12:32,Travel noted near Delhi Junction 8 in Bhopal.,CASE0083
EV01366,P01775,Incident,2023-06-06 20:49:07,Incident noted near Chandigarh Plaza 89 in Kolkata.,CASE0024
EV01367,P00256,Property Transfer,2025-04-25 15:11:45,Property Transfer noted near Surat Hub 154 in Delhi.,CASE0207
EV01368,P01564,Property Transfer,2022-11-26 21:40:02,Property Transfer noted near Lucknow Colony 87 in Kolkata.,CASE0055
EV01369,P01386,Travel,2025-05-12 22:56:35,Travel noted near Chandigarh Colony 99 in Ahmedabad.,CASE0240
EV01370,P00256,Observation,2025-02-16 08:35:53,Observation noted near Mumbai Junction 88 in Delhi.,CASE0152
EV01371,P00448,Financial Activity,2025-12-01 05:09:38,Financial Activity noted near Nagpur Junction 51 in Surat.,CASE0190
EV01372,P00052,Property Transfer,2025-03-01 11:14:49,Property Transfer noted near Chennai Park 96 in Bengaluru.,CASE0133
EV01373,P00477,Observation,2022-03-29 21:28:03,Observation noted near Surat Park 155 in Kochi.,CASE0019
EV01374,P01117,Incident,2024-02-18 11:10:03,Incident noted near Guwahati Plaza 57 in Bengaluru.,CASE0168
EV01375,P01437,Travel,2022-05-12 08:28:50,Travel noted near Pune Tower 71 in Kolkata.,CASE0157
EV01376,P01658,Financial Activity,2024-04-10 15:20:40,Financial Activity noted near Delhi Park 47 in Nagpur.,CASE0146
EV01377,P01210,Travel,2025-08-26 02:24:57,Travel noted near Bhopal Hub 64 in Patna.,CASE0103
EV01378,P00542,Incident,2025-05-02 09:53:05,Incident noted near Delhi Junction 8 in Nagpur.,CASE0113
EV01379,P00179,Travel,2022-09-23 08:23:27,Travel noted near Ranchi Colony 111 in Bengaluru.,CASE0178
EV01380,P00066,Financial Activity,2022-12-07 11:07:39,Financial Activity noted near Visakhapatnam Market 84 in Patna.,CASE0208
EV01381,P01355,Observation,2024-08-08 11:47:54,Observation noted near Jaipur Market 31 in Visakhapatnam.,CASE0186
EV01382,P00759,Financial Activity,2023-07-19 00:26:05,Financial Activity noted near Chennai Colony 153 in Jaipur.,CASE0019
EV01383,P00256,Meeting,2024-10-24 04:38:37,Meeting noted near Indore Junction 101 in Delhi.,CASE0039
EV01384,P01430,Incident,2025-08-14 10:13:34,Incident noted near Hyderabad Tower 85 in Mumbai.,CASE0195
EV01385,P01519,Travel,2022-03-11 14:17:01,Travel noted near Nagpur Hub 26 in Delhi.,CASE0067
EV01386,P01302,Observation,2023-01-02 12:20:47,Observation noted near Bhopal Junction 58 in Kolkata.,CASE0142
EV01387,P01993,Financial Activity,2024-05-01 02:21:56,Financial Activity noted near Guwahati Junction 159 in Kochi.,CASE0203
EV01388,P00441,Incident,2022-08-17 15:08:43,Incident noted near Patna Tower 13 in Kolkata.,CASE0229
EV01389,P00408,Meeting,2023-12-03 19:21:29,Meeting noted near Bhopal Colony 97 in Delhi.,CASE0054
EV01390,P00570,Travel,2025-09-11 01:02:31,Travel noted near Ranchi Market 132 in Chennai.,CASE0106
EV01391,P00547,Financial Activity,2022-07-25 08:20:10,Financial Activity noted near Lucknow Colony 73 in Chandigarh.,CASE0212
EV01392,P01430,Financial Activity,2024-11-24 16:49:37,Financial Activity noted near Pune Junction 125 in Mumbai.,CASE0077
EV01393,P00697,Meeting,2023-01-23 10:25:58,Meeting noted near Bengaluru Market 43 in Chennai.,CASE0020
EV01394,P00860,Observation,2023-05-14 00:52:55,Observation noted near Surat Hub 20 in Kochi.,CASE0070
EV01395,P01889,Incident,2022-07-29 02:53:41,Incident noted near Nagpur Colony 80 in Patna.,CASE0209
EV01396,P01183,Property Transfer,2025-05-20 22:15:52,Property Transfer noted near Jaipur Market 31 in Bhopal.,CASE0170
EV01397,P00570,Financial Activity,2024-04-30 00:05:05,Financial Activity noted near Lucknow Colony 29 in Chennai.,CASE0167
EV01398,P00210,Financial Activity,2023-11-16 08:34:49,Financial Activity noted near Ranchi Junction 140 in Pune.,CASE0184
EV01399,P00394,Meeting,2023-09-21 21:41:41,Meeting noted near Mumbai Hub 76 in Guwahati.,CASE0074
EV01400,P01099,Incident,2025-07-25 11:30:06,Incident noted near Delhi Hub 3 in Hyderabad.,CASE0089
EV01401,P01438,Incident,2024-01-16 12:43:04,Incident noted near Ahmedabad Plaza 35 in Delhi.,CASE0077
EV01402,P00467,Financial Activity,2023-04-01 13:52:14,Financial Activity noted near Nagpur Hub 103 in Chennai.,CASE0204
EV01403,P00441,Travel,2025-03-09 09:31:27,Travel noted near Bhopal Park 68 in Kolkata.,CASE0053
EV01404,P01437,Financial Activity,2023-08-17 08:22:02,Financial Activity noted near Nagpur Junction 37 in Kolkata.,CASE0189
EV01405,P00394,Incident,2022-05-16 21:35:46,Incident noted near Indore Market 136 in Guwahati.,CASE0123
EV01406,P00162,Travel,2023-08-24 02:18:22,Travel noted near Delhi Junction 8 in Lucknow.,CASE0173
EV01407,P00705,Incident,2025-04-15 07:28:21,Incident noted near Visakhapatnam Hub 123 in Visakhapatnam.,CASE0014
EV01408,P00210,Meeting,2023-03-12 06:11:05,Meeting noted near Chandigarh Tower 157 in Pune.,CASE0061
EV01409,P00776,Property Transfer,2022-12-27 16:10:48,Property Transfer noted near Surat Hub 154 in Delhi.,CASE0199
EV01410,P00542,Observation,2023-12-23 22:14:09,Observation noted near Bengaluru Tower 105 in Nagpur.,CASE0235
EV01411,P00759,Travel,2023-03-21 05:20:48,Travel noted near Visakhapatnam Colony 72 in Jaipur.,CASE0020
EV01412,P00467,Incident,2025-08-09 20:53:15,Incident noted near Surat Plaza 122 in Chennai.,CASE0099
EV01413,P01919,Financial Activity,2024-06-14 18:45:15,Financial Activity noted near Pune Junction 25 in Ahmedabad.,CASE0118
EV01414,P01331,Financial Activity,2024-02-29 09:18:49,Financial Activity noted near Kolkata Park 15 in Mumbai.,CASE0169
EV01415,P00190,Financial Activity,2024-10-07 19:45:27,Financial Activity noted near Chennai Tower 24 in Pune.,CASE0102
EV01416,P00776,Financial Activity,2025-04-19 09:09:58,Financial Activity noted near Chandigarh Tower 157 in Delhi.,CASE0164
EV01417,P01765,Property Transfer,2025-08-04 11:43:59,Property Transfer noted near Kolkata Junction 45 in Delhi.,CASE0015
EV01418,P00452,Observation,2024-11-03 11:59:15,Observation noted near Ahmedabad Plaza 35 in Chandigarh.,CASE0010
EV01419,P00593,Property Transfer,2022-09-23 23:57:51,Property Transfer noted near Surat Plaza 122 in Hyderabad.,CASE0028
EV01420,P01035,Observation,2022-12-25 03:15:55,Observation noted near Kochi Colony 148 in Chennai.,CASE0052
EV01421,P01961,Incident,2022-10-05 05:48:37,Incident noted near Lucknow Park 94 in Guwahati.,CASE0050
EV01422,P00256,Travel,2024-01-04 12:24:52,Travel noted near Indore Tower 128 in Delhi.,CASE0150
EV01423,P00860,Property Transfer,2025-07-07 03:39:45,Property Transfer noted near Kochi Tower 144 in Kochi.,CASE0147
EV01424,P01519,Financial Activity,2023-09-02 02:18:09,Financial Activity noted near Lucknow Colony 73 in Delhi.,CASE0059
EV01425,P00741,Property Transfer,2022-03-21 19:13:02,Property Transfer noted near Lucknow Colony 87 in Ahmedabad.,CASE0073
EV01426,P00941,Observation,2024-01-28 12:06:12,Observation noted near Pune Tower 71 in Ahmedabad.,CASE0092
EV01427,P00865,Travel,2024-07-08 16:06:23,Travel noted near Chennai Hub 5 in Bengaluru.,CASE0192
EV01428,P01653,Property Transfer,2025-12-28 15:40:56,Property Transfer noted near Indore Tower 146 in Delhi.,CASE0185
EV01429,P01437,Financial Activity,2025-12-17 00:55:17,Financial Activity noted near Delhi Junction 8 in Kolkata.,CASE0040
EV01430,P01437,Meeting,2022-06-26 18:53:10,Meeting noted near Guwahati Park 61 in Kolkata.,CASE0029
EV01431,P00408,Meeting,2025-05-04 19:41:31,Meeting noted near Hyderabad Tower 85 in Delhi.,CASE0020
EV01432,P01651,Incident,2022-01-17 09:23:53,Incident noted near Nagpur Junction 116 in Indore.,CASE0228
EV01433,P01373,Financial Activity,2022-06-28 10:10:44,Financial Activity noted near Kolkata Park 18 in Jaipur.,CASE0089
EV01434,P00865,Financial Activity,2024-08-09 12:53:47,Financial Activity noted near Kochi Tower 126 in Bengaluru.,CASE0167
EV01435,P01658,Incident,2025-06-24 00:45:28,Incident noted near Ahmedabad Plaza 35 in Nagpur.,CASE0105
EV01436,P00164,Financial Activity,2025-08-04 02:23:52,Financial Activity noted near Chennai Hub 5 in Indore.,CASE0083
EV01437,P00941,Observation,2025-04-08 22:27:49,Observation noted near Chennai Hub 5 in Ahmedabad.,CASE0173
EV01438,P00089,Property Transfer,2025-11-18 23:47:54,Property Transfer noted near Delhi Colony 133 in Guwahati.,CASE0082
EV01439,P00192,Observation,2023-10-27 14:15:51,Observation noted near Visakhapatnam Hub 112 in Delhi.,CASE0019
EV01440,P00430,Travel,2024-12-07 05:17:09,Travel noted near Indore Tower 128 in Chennai.,CASE0207
EV01441,P01709,Travel,2023-11-23 15:19:09,Travel noted near Visakhapatnam Tower 124 in Patna.,CASE0192
EV01442,P00690,Observation,2025-04-26 20:41:51,Observation noted near Delhi Junction 8 in Kolkata.,CASE0084
EV01443,P00430,Meeting,2025-03-31 10:48:07,Meeting noted near Indore Market 93 in Chennai.,CASE0164
EV01444,P00014,Incident,2023-03-28 03:24:40,Incident noted near Surat Market 150 in Hyderabad.,CASE0209
EV01445,P00199,Meeting,2024-10-16 00:05:07,Meeting noted near Surat Plaza 122 in Ranchi.,CASE0006
EV01446,P01961,Travel,2023-07-25 17:10:12,Travel noted near Indore Market 135 in Guwahati.,CASE0031
EV01447,P00164,Travel,2022-05-12 06:38:54,Travel noted near Visakhapatnam Hub 123 in Indore.,CASE0142
EV01448,P00920,Incident,2024-04-12 06:49:58,Incident noted near Ranchi Park 95 in Nagpur.,CASE0138
EV01449,P00728,Incident,2025-06-12 13:44:22,Incident noted near Indore Junction 101 in Patna.,CASE0159
EV01450,P01519,Travel,2024-08-05 22:00:05,Travel noted near Nagpur Market 32 in Delhi.,CASE0172
EV01451,P00394,Incident,2022-09-14 09:09:47,Incident noted near Pune Tower 71 in Guwahati.,CASE0196
EV01452,P00866,Property Transfer,2025-06-28 15:57:47,Property Transfer noted near Surat Plaza 122 in Guwahati.,CASE0056
EV01453,P01517,Incident,2022-01-16 12:16:43,Incident noted near Delhi Market 141 in Lucknow.,CASE0225
EV01454,P01430,Financial Activity,2024-04-23 18:46:43,Financial Activity noted near Patna Market 67 in Mumbai.,CASE0093
EV01455,P00452,Travel,2022-12-20 23:48:24,Travel noted near Nagpur Plaza 106 in Chandigarh.,CASE0097
EV01456,P01355,Incident,2023-04-08 14:27:08,Incident noted near Surat Plaza 40 in Visakhapatnam.,CASE0211
EV01457,P00394,Incident,2025-05-22 19:42:59,Incident noted near Mumbai Plaza 27 in Guwahati.,CASE0002
EV01458,P01961,Observation,2025-05-10 07:53:50,Observation noted near Nagpur Junction 116 in Guwahati.,CASE0227
EV01459,P00759,Financial Activity,2022-04-29 06:39:41,Financial Activity noted near Pune Colony 59 in Jaipur.,CASE0210
EV01460,P00452,Observation,2022-04-07 22:14:47,Observation noted near Guwahati Plaza 92 in Chandigarh.,CASE0153
EV01461,P00779,Observation,2023-07-02 02:48:00,Observation noted near Visakhapatnam Junction 21 in Delhi.,CASE0157
EV01462,P00207,Incident,2022-04-28 06:23:35,Incident noted near Guwahati Plaza 92 in Mumbai.,CASE0177
EV01463,P00094,Observation,2022-01-31 03:38:32,Observation noted near Ranchi Colony 90 in Lucknow.,CASE0228
EV01464,P00199,Property Transfer,2022-04-14 15:51:08,Property Transfer noted near Jaipur Colony 114 in Ranchi.,CASE0153
EV01465,P00143,Incident,2023-07-24 15:58:06,Incident noted near Patna Colony 77 in Mumbai.,CASE0069
EV01466,P01519,Travel,2022-09-05 19:29:49,Travel noted near Pune Market 17 in Delhi.,CASE0021
EV01467,P01437,Incident,2024-03-11 08:34:37,Incident noted near Lucknow Colony 73 in Kolkata.,CASE0056
EV01468,P01709,Meeting,2024-08-24 01:54:46,Meeting noted near Hyderabad Hub 12 in Patna.,CASE0176
EV01469,P00256,Meeting,2024-10-02 22:57:32,Meeting noted near Kochi Market 28 in Delhi.,CASE0115
EV01470,P01564,Travel,2022-09-01 11:44:00,Travel noted near Mumbai Park 41 in Kolkata.,CASE0102
EV01471,P01509,Meeting,2023-08-30 23:46:04,Meeting noted near Kochi Park 117 in Lucknow.,CASE0029
EV01472,P01775,Meeting,2025-06-24 02:51:32,Meeting noted near Guwahati Hub 129 in Kolkata.,CASE0029
EV01473,P00089,Meeting,2024-05-02 15:53:21,Meeting noted near Mumbai Plaza 27 in Guwahati.,CASE0122
EV01474,P01288,Observation,2024-08-10 13:25:30,Observation noted near Pune Colony 59 in Guwahati.,CASE0005
EV01475,P00062,Meeting,2023-03-25 11:35:40,Meeting noted near Kochi Park 121 in Lucknow.,CASE0155
EV01476,P00759,Financial Activity,2022-11-28 04:59:38,Financial Activity noted near Patna Market 4 in Jaipur.,CASE0136
EV01477,P01517,Incident,2023-03-25 04:01:21,Incident noted near Jaipur Market 31 in Lucknow.,CASE0187
EV01478,P00736,Financial Activity,2024-12-08 11:34:25,Financial Activity noted near Ahmedabad Plaza 35 in Ahmedabad.,CASE0167
EV01479,P00334,Incident,2025-12-25 23:31:00,Incident noted near Delhi Park 49 in Bhopal.,CASE0066
EV01480,P01288,Observation,2024-02-02 00:36:55,Observation noted near Hyderabad Plaza 22 in Guwahati.,CASE0235
EV01481,P00441,Property Transfer,2024-07-11 12:20:42,Property Transfer noted near Ahmedabad Plaza 35 in Kolkata.,CASE0178
EV01482,P00741,Incident,2023-07-21 06:05:37,Incident noted near Visakhapatnam Tower 14 in Ahmedabad.,CASE0072
EV01483,P00728,Financial Activity,2023-01-22 12:31:24,Financial Activity noted near Indore Junction 101 in Patna.,CASE0152
EV01484,P00941,Meeting,2023-01-10 03:34:13,Meeting noted near Nagpur Junction 36 in Ahmedabad.,CASE0220
EV01485,P00164,Property Transfer,2025-05-27 13:33:57,Property Transfer noted near Kochi Tower 126 in Indore.,CASE0236
EV01486,P00448,Financial Activity,2022-04-02 04:12:16,Financial Activity noted near Hyderabad Colony 145 in Surat.,CASE0090
EV01487,P01117,Travel,2025-06-25 02:47:48,Travel noted near Chandigarh Market 54 in Bengaluru.,CASE0166
EV01488,P00094,Financial Activity,2023-05-26 00:28:22,Financial Activity noted near Visakhapatnam Junction 34 in Lucknow.,CASE0214
EV01489,P00055,Property Transfer,2024-09-30 12:08:54,Property Transfer noted near Visakhapatnam Tower 124 in Nagpur.,CASE0174
EV01490,P00502,Incident,2024-01-14 11:47:14,Incident noted near Hyderabad Junction 86 in Patna.,CASE0140
EV01491,P00502,Incident,2025-05-22 22:51:27,Incident noted near Kolkata Park 15 in Patna.,CASE0179
EV01492,P01509,Incident,2025-02-21 09:28:05,Incident noted near Guwahati Colony 11 in Lucknow.,CASE0148
EV01493,P01919,Observation,2024-03-08 21:48:03,Observation noted near Guwahati Park 158 in Ahmedabad.,CASE0172
EV01494,P00441,Financial Activity,2022-02-14 17:20:17,Financial Activity noted near Visakhapatnam Plaza 120 in Kolkata.,CASE0231
EV01495,P01495,Travel,2025-09-26 17:09:32,Travel noted near Pune Junction 125 in Hyderabad.,CASE0096
EV01496,P01736,Travel,2024-11-27 05:20:45,Travel noted near Nagpur Junction 36 in Lucknow.,CASE0210
EV01497,P00062,Meeting,2025-07-10 12:02:50,Meeting noted near Nagpur Tower 104 in Lucknow.,CASE0057
EV01498,P01509,Observation,2025-06-29 14:01:57,Observation noted near Surat Tower 108 in Lucknow.,CASE0132
EV01499,P00319,Incident,2022-09-03 14:03:59,Incident noted near Indore Hub 63 in Bengaluru.,CASE0009
EV01500,P00570,Observation,2025-09-25 18:27:25,Observation noted near Ranchi Market 132 in Chennai.,CASE0235
EV01501,P00286,Incident,2024-11-28 01:28:24,Incident noted near Pune Market 17 in Mumbai.,CASE0120
EV01502,P00062,Financial Activity,2025-12-17 22:29:03,Financial Activity noted near Jaipur Colony 114 in Lucknow.,CASE0211
EV01503,P01117,Incident,2023-11-05 20:26:04,Incident noted near Visakhapatnam Hub 38 in Bengaluru.,CASE0024
EV01504,P00143,Incident,2024-09-20 23:21:45,Incident noted near Hyderabad Tower 85 in Mumbai.,CASE0196
EV01505,P01555,Travel,2022-03-30 16:01:50,Travel noted near Surat Market 150 in Guwahati.,CASE0184
EV01506,P01653,Meeting,2024-04-14 22:19:08,Meeting noted near Nagpur Hub 118 in Delhi.,CASE0104
EV01507,P00866,Property Transfer,2023-01-29 14:25:11,Property Transfer noted near Nagpur Junction 37 in Guwahati.,CASE0051
EV01508,P01331,Incident,2023-03-08 22:48:25,Incident noted near Nagpur Tower 130 in Mumbai.,CASE0043
EV01509,P01584,Financial Activity,2023-01-06 20:21:03,Financial Activity noted near Hyderabad Hub 12 in Lucknow.,CASE0119
EV01510,P01699,Meeting,2025-01-14 20:08:55,Meeting noted near Surat Tower 108 in Surat.,CASE0201
EV01511,P01555,Property Transfer,2022-03-20 01:53:23,Property Transfer noted near Lucknow Park 94 in Guwahati.,CASE0124
EV01512,P00062,Observation,2024-10-16 22:17:53,Observation noted near Pune Tower 71 in Lucknow.,CASE0097
EV01513,P01519,Financial Activity,2024-10-07 21:57:40,Financial Activity noted near Visakhapatnam Junction 110 in Delhi.,CASE0046
EV01514,P01373,Financial Activity,2022-09-21 17:34:06,Financial Activity noted near Surat Hub 154 in Jaipur.,CASE0142
EV01515,P01331,Observation,2023-05-28 08:10:38,Observation noted near Nagpur Plaza 106 in Mumbai.,CASE0100
EV01516,P01509,Travel,2024-10-25 00:10:27,Travel noted near Kolkata Junction 45 in Lucknow.,CASE0214
EV01517,P00776,Financial Activity,2023-03-30 14:47:17,Financial Activity noted near Bhopal Hub 113 in Delhi.,CASE0166
EV01518,P01331,Incident,2023-09-04 02:09:15,Incident noted near Kolkata Tower 75 in Mumbai.,CASE0118
EV01519,P00164,Meeting,2022-03-31 07:01:58,Meeting noted near Surat Hub 20 in Indore.,CASE0007
EV01520,P01207,Observation,2022-09-25 03:39:55,Observation noted near Visakhapatnam Market 84 in Kochi.,CASE0074
EV01521,P00408,Travel,2022-09-30 10:36:43,Travel noted near Indore Market 23 in Delhi.,CASE0101
EV01522,P00728,Incident,2022-08-17 04:42:48,Incident noted near Ranchi Park 95 in Patna.,CASE0129
EV01523,P01467,Financial Activity,2024-06-22 22:40:20,Financial Activity noted near Chandigarh Junction 44 in Chandigarh.,CASE0065
EV01524,P01438,Meeting,2022-07-04 12:03:02,Meeting noted near Visakhapatnam Hub 38 in Delhi.,CASE0175
EV01525,P00502,Incident,2024-04-05 01:04:34,Incident noted near Chennai Hub 5 in Patna.,CASE0013
EV01526,P01495,Property Transfer,2025-02-03 15:53:53,Property Transfer noted near Ranchi Park 95 in Hyderabad.,CASE0236
EV01527,P01555,Incident,2025-10-06 03:48:55,Incident noted near Bhopal Hub 113 in Guwahati.,CASE0186
EV01528,P01035,Meeting,2025-01-30 11:52:20,Meeting noted near Nagpur Junction 116 in Chennai.,CASE0111
EV01529,P01709,Incident,2024-06-05 13:45:10,Incident noted near Visakhapatnam Plaza 120 in Patna.,CASE0096
EV01530,P01658,Travel,2023-02-25 21:47:09,Travel noted near Chennai Tower 24 in Nagpur.,CASE0145
EV01531,P01183,Financial Activity,2025-07-07 19:22:06,Financial Activity noted near Visakhapatnam Junction 110 in Bhopal.,CASE0193
EV01532,P00601,Incident,2022-05-29 07:53:27,Incident noted near Guwahati Colony 11 in Chennai.,CASE0153
EV01533,P00920,Meeting,2025-04-10 10:06:16,Meeting noted near Bhopal Colony 97 in Nagpur.,CASE0068
EV01534,P00542,Meeting,2025-02-18 02:56:53,Meeting noted near Ranchi Park 95 in Nagpur.,CASE0221
EV01535,P01331,Financial Activity,2024-04-29 19:37:36,Financial Activity noted near Nagpur Tower 130 in Mumbai.,CASE0053
EV01536,P01736,Travel,2022-06-14 12:06:32,Travel noted near Pune Market 65 in Lucknow.,CASE0154
EV01537,P01495,Property Transfer,2024-06-12 09:50:01,Property Transfer noted near Pune Market 17 in Hyderabad.,CASE0034
EV01538,P00929,Property Transfer,2022-12-09 12:53:08,Property Transfer noted near Surat Hub 154 in Chandigarh.,CASE0230
EV01539,P00929,Property Transfer,2025-09-26 19:18:02,Property Transfer noted near Ranchi Colony 90 in Chandigarh.,CASE0015
EV01540,P00164,Travel,2024-12-27 10:19:47,Travel noted near Visakhapatnam Colony 72 in Indore.,CASE0031
EV01541,P01386,Observation,2025-05-09 19:16:08,Observation noted near Indore Market 83 in Ahmedabad.,CASE0045
EV01542,P01288,Meeting,2024-01-28 08:35:13,Meeting noted near Bhopal Junction 151 in Guwahati.,CASE0231
EV01543,P01099,Travel,2025-11-22 03:38:39,Travel noted near Ahmedabad Tower 98 in Hyderabad.,CASE0225
EV01544,P01210,Travel,2025-06-30 02:52:00,Travel noted near Hyderabad Junction 86 in Patna.,CASE0184
EV01545,P00748,Travel,2024-12-13 05:24:06,Travel noted near Visakhapatnam Junction 34 in Bhopal.,CASE0025
EV01546,P00055,Meeting,2022-08-07 01:04:44,Meeting noted near Patna Hub 91 in Nagpur.,CASE0198
EV01547,P01752,Travel,2022-10-29 06:42:13,Travel noted near Ranchi Park 95 in Indore.,CASE0240
EV01548,P00319,Incident,2022-07-12 02:19:42,Incident noted near Lucknow Colony 73 in Bengaluru.,CASE0220
EV01549,P00728,Property Transfer,2024-10-29 21:14:12,Property Transfer noted near Surat Park 155 in Patna.,CASE0188
EV01550,P00229,Observation,2025-11-28 15:36:30,Observation noted near Visakhapatnam Hub 123 in Visakhapatnam.,CASE0072
EV01551,P00467,Meeting,2022-07-06 16:15:53,Meeting noted near Patna Colony 77 in Chennai.,CASE0139
EV01552,P01035,Meeting,2022-01-13 17:37:45,Meeting noted near Ranchi Colony 111 in Chennai.,CASE0192
EV01553,P01736,Observation,2024-05-14 23:46:52,Observation noted near Visakhapatnam Colony 6 in Lucknow.,CASE0139
EV01554,P00052,Meeting,2022-11-13 09:40:13,Meeting noted near Bengaluru Tower 105 in Bengaluru.,CASE0063
EV01555,P01467,Meeting,2022-01-19 15:08:33,Meeting noted near Ranchi Park 95 in Chandigarh.,CASE0166
EV01556,P00014,Financial Activity,2025-08-25 22:12:57,Financial Activity noted near Chandigarh Hub 1 in Hyderabad.,CASE0102
EV01557,P00319,Travel,2024-02-07 15:25:38,Travel noted near Chandigarh Hub 74 in Bengaluru.,CASE0145
EV01558,P01210,Incident,2024-08-21 18:23:55,Incident noted near Chennai Hub 5 in Patna.,CASE0002
EV01559,P01961,Property Transfer,2024-05-25 09:34:05,Property Transfer noted near Visakhapatnam Market 84 in Guwahati.,CASE0158
EV01560,P00458,Observation,2025-01-14 02:57:35,Observation noted near Indore Tower 146 in Ranchi.,CASE0035
EV01561,P00441,Meeting,2022-03-23 08:36:47,Meeting noted near Guwahati Colony 11 in Kolkata.,CASE0037
EV01562,P00319,Meeting,2025-07-05 05:39:06,Meeting noted near Ahmedabad Plaza 33 in Bengaluru.,CASE0239
EV01563,P01709,Property Transfer,2024-12-20 14:27:52,Property Transfer noted near Nagpur Junction 36 in Patna.,CASE0215
EV01564,P01699,Observation,2024-01-04 21:10:30,Observation noted near Surat Plaza 156 in Surat.,CASE0194
EV01565,P01509,Property Transfer,2024-11-22 21:56:50,Property Transfer noted near Lucknow Junction 137 in Lucknow.,CASE0082
EV01566,P01651,Incident,2025-10-16 21:57:42,Incident noted near Mumbai Junction 88 in Indore.,CASE0042
EV01567,P01207,Observation,2025-04-12 19:08:33,Observation noted near Bhopal Plaza 160 in Kochi.,CASE0115
EV01568,P00055,Property Transfer,2024-03-08 23:26:24,Property Transfer noted near Patna Hub 91 in Nagpur.,CASE0009
EV01569,P00477,Property Transfer,2022-01-01 11:45:30,Property Transfer noted near Hyderabad Colony 145 in Kochi.,CASE0037
EV01570,P00256,Financial Activity,2024-02-24 14:50:02,Financial Activity noted near Hyderabad Plaza 22 in Delhi.,CASE0034
EV01571,P00229,Incident,2022-06-19 05:16:22,Incident noted near Bhopal Plaza 160 in Visakhapatnam.,CASE0233
EV01572,P00697,Observation,2024-07-02 03:07:09,Observation noted near Hyderabad Tower 85 in Chennai.,CASE0219
EV01573,P00502,Property Transfer,2024-05-31 06:44:14,Property Transfer noted near Ranchi Market 132 in Patna.,CASE0020
EV01574,P00941,Incident,2025-12-18 22:33:53,Incident noted near Chandigarh Colony 99 in Ahmedabad.,CASE0077
EV01575,P00066,Travel,2023-02-04 12:16:08,Travel noted near Ranchi Market 132 in Patna.,CASE0184
EV01576,P00394,Meeting,2024-07-31 11:15:25,Meeting noted near Nagpur Colony 80 in Guwahati.,CASE0037
EV01577,P01517,Meeting,2022-04-09 12:42:00,Meeting noted near Bengaluru Tower 105 in Lucknow.,CASE0133
EV01578,P01584,Observation,2022-10-10 21:33:10,Observation noted near Patna Market 4 in Lucknow.,CASE0055
EV01579,P00210,Property Transfer,2025-09-17 07:46:25,Property Transfer noted near Kochi Market 28 in Pune.,CASE0099
EV01580,P01443,Incident,2023-07-31 21:16:21,Incident noted near Kolkata Park 18 in Delhi.,CASE0035
EV01581,P00929,Incident,2023-11-12 11:34:52,Incident noted near Nagpur Hub 103 in Chandigarh.,CASE0037
EV01582,P00477,Travel,2025-04-25 10:37:21,Travel noted near Hyderabad Hub 16 in Kochi.,CASE0118
EV01583,P00929,Travel,2025-10-09 21:35:53,Travel noted near Nagpur Plaza 106 in Chandigarh.,CASE0208
EV01584,P01919,Observation,2024-04-14 03:07:00,Observation noted near Surat Hub 9 in Ahmedabad.,CASE0169
EV01585,P00929,Financial Activity,2023-11-14 12:43:12,Financial Activity noted near Chennai Colony 69 in Chandigarh.,CASE0226
EV01586,P01519,Property Transfer,2023-03-01 08:05:46,Property Transfer noted near Hyderabad Hub 16 in Delhi.,CASE0151
EV01587,P00866,Observation,2025-04-23 19:20:54,Observation noted near Visakhapatnam Junction 21 in Guwahati.,CASE0153
EV01588,P00207,Financial Activity,2022-09-04 12:50:53,Financial Activity noted near Lucknow Junction 137 in Mumbai.,CASE0080
EV01589,P01775,Incident,2023-07-25 12:34:08,Incident noted near Mumbai Hub 138 in Kolkata.,CASE0159
EV01590,P01699,Incident,2022-11-27 10:05:31,Incident noted near Indore Market 135 in Surat.,CASE0043
EV01591,P00601,Observation,2025-08-26 14:40:06,Observation noted near Guwahati Park 158 in Chennai.,CASE0053
EV01592,P01658,Travel,2023-08-10 22:36:27,Travel noted near Pune Market 17 in Nagpur.,CASE0062
EV01593,P00210,Travel,2025-11-20 03:07:17,Travel noted near Mumbai Hub 76 in Pune.,CASE0041
EV01594,P00776,Meeting,2025-03-19 02:33:46,Meeting noted near Indore Tower 128 in Delhi.,CASE0069
EV01595,P00728,Observation,2022-08-04 17:03:32,Observation noted near Hyderabad Tower 85 in Patna.,CASE0115
EV01596,P01099,Observation,2022-07-06 10:48:24,Observation noted near Nagpur Hub 26 in Hyderabad.,CASE0028
EV01597,P00094,Property Transfer,2024-02-13 04:45:12,Property Transfer noted near Ranchi Colony 90 in Lucknow.,CASE0209
EV01598,P01267,Property Transfer,2023-11-06 06:13:03,Property Transfer noted near Guwahati Colony 11 in Chennai.,CASE0162
EV01599,P01993,Meeting,2025-12-28 23:48:00,Meeting noted near Nagpur Plaza 106 in Kochi.,CASE0037
EV01600,P01889,Property Transfer,2025-01-11 22:27:00,Property Transfer noted near Jaipur Colony 114 in Patna.,CASE0074
EV01601,P00394,Property Transfer,2022-07-01 03:08:48,Property Transfer noted near Surat Plaza 40 in Guwahati.,CASE0237
EV01602,P01288,Travel,2025-03-16 23:46:47,Travel noted near Mumbai Hub 76 in Guwahati.,CASE0225
EV01603,P00570,Incident,2025-07-07 23:49:36,Incident noted near Nagpur Junction 37 in Chennai.,CASE0107
EV01604,P00334,Financial Activity,2022-01-24 04:58:26,Financial Activity noted near Ranchi Colony 90 in Bhopal.,CASE0106
EV01605,P00865,Financial Activity,2023-10-30 23:22:43,Financial Activity noted near Delhi Colony 133 in Bengaluru.,CASE0147
EV01606,P00256,Incident,2024-08-01 17:27:54,Incident noted near Chandigarh Colony 99 in Delhi.,CASE0178
EV01607,P01373,Travel,2024-08-30 23:58:38,Travel noted near Kochi Colony 148 in Jaipur.,CASE0205
EV01608,P00502,Observation,2024-04-08 12:27:55,Observation noted near Lucknow Park 53 in Patna.,CASE0009
EV01609,P00920,Meeting,2025-10-15 08:34:38,Meeting noted near Nagpur Colony 80 in Nagpur.,CASE0220
EV01610,P00920,Observation,2025-03-26 03:55:32,Observation noted near Kochi Park 121 in Nagpur.,CASE0132
EV01611,P01430,Property Transfer,2022-05-04 11:46:40,Property Transfer noted near Chandigarh Colony 99 in Mumbai.,CASE0177
EV01612,P00408,Meeting,2024-11-13 16:22:02,Meeting noted near Guwahati Plaza 57 in Delhi.,CASE0025
EV01613,P00164,Meeting,2024-08-10 08:11:58,Meeting noted near Indore Hub 63 in Indore.,CASE0048
EV01614,P01302,Property Transfer,2025-11-12 15:50:15,Property Transfer noted near Chennai Hub 5 in Kolkata.,CASE0234
EV01615,P00334,Financial Activity,2023-08-09 23:06:35,Financial Activity noted near Hyderabad Tower 10 in Bhopal.,CASE0136
EV01616,P00728,Property Transfer,2022-04-03 09:00:36,Property Transfer noted near Visakhapatnam Market 50 in Patna.,CASE0135
EV01617,P00448,Incident,2024-12-13 03:49:36,Incident noted near Nagpur Junction 37 in Surat.,CASE0203
EV01618,P00601,Meeting,2023-02-17 23:40:01,Meeting noted near Lucknow Park 53 in Chennai.,CASE0028
EV01619,P01150,Travel,2023-11-02 21:48:14,Travel noted near Kochi Market 28 in Guwahati.,CASE0015
EV01620,P00229,Meeting,2023-09-27 05:15:23,Meeting noted near Ranchi Market 132 in Visakhapatnam.,CASE0142
EV01621,P01752,Financial Activity,2025-07-20 15:10:43,Financial Activity noted near Lucknow Plaza 142 in Indore.,CASE0108
EV01622,P01150,Property Transfer,2022-12-17 01:01:33,Property Transfer noted near Surat Hub 20 in Guwahati.,CASE0057
EV01623,P00430,Meeting,2025-11-04 03:19:28,Meeting noted near Lucknow Park 79 in Chennai.,CASE0159
EV01624,P01961,Meeting,2025-05-01 00:55:57,Meeting noted near Lucknow Park 94 in Guwahati.,CASE0004
EV01625,P00865,Financial Activity,2024-10-22 17:10:51,Financial Activity noted near Visakhapatnam Colony 72 in Bengaluru.,CASE0161
EV01626,P00164,Incident,2023-07-02 12:36:11,Incident noted near Mumbai Hub 55 in Indore.,CASE0045
EV01627,P01775,Property Transfer,2023-12-26 20:15:53,Property Transfer noted near Kochi Tower 144 in Kolkata.,CASE0228
EV01628,P01131,Incident,2022-01-08 02:38:17,Incident noted near Ahmedabad Tower 98 in Kochi.,CASE0151
EV01629,P00593,Property Transfer,2022-07-21 04:20:10,Property Transfer noted near Surat Park 155 in Hyderabad.,CASE0027
EV01630,P01709,Meeting,2024-11-01 01:35:10,Meeting noted near Surat Hub 154 in Patna.,CASE0208
EV01631,P01651,Financial Activity,2025-03-07 03:26:25,Financial Activity noted near Patna Hub 91 in Indore.,CASE0203
EV01632,P00593,Incident,2023-12-27 11:08:41,Incident noted near Pune Junction 25 in Hyderabad.,CASE0218
EV01633,P00408,Property Transfer,2024-10-29 03:09:09,Property Transfer noted near Chandigarh Tower 157 in Delhi.,CASE0076
EV01634,P01267,Property Transfer,2024-07-26 15:27:46,Property Transfer noted near Ranchi Colony 111 in Chennai.,CASE0129
EV01635,P00408,Incident,2024-11-07 14:49:27,Incident noted near Jaipur Colony 114 in Delhi.,CASE0072
EV01636,P00162,Property Transfer,2025-03-24 18:30:18,Property Transfer noted near Chennai Plaza 139 in Lucknow.,CASE0030
EV01637,P01993,Observation,2023-09-05 21:44:04,Observation noted near Kochi Park 117 in Kochi.,CASE0008
EV01638,P01288,Travel,2023-12-27 21:54:02,Travel noted near Bhopal Hub 113 in Guwahati.,CASE0095
EV01639,P00705,Financial Activity,2022-07-25 02:39:00,Financial Activity noted near Kolkata Park 15 in Visakhapatnam.,CASE0092
EV01640,P00458,Financial Activity,2025-03-04 22:38:47,Financial Activity noted near Patna Hub 91 in Ranchi.,CASE0013
EV01641,P00705,Financial Activity,2025-10-31 19:42:50,Financial Activity noted near Kolkata Hub 143 in Visakhapatnam.,CASE0132
EV01642,P01288,Property Transfer,2025-12-23 17:20:23,Property Transfer noted near Nagpur Hub 26 in Guwahati.,CASE0109
EV01643,P01509,Meeting,2024-12-12 08:37:04,Meeting noted near Guwahati Plaza 152 in Lucknow.,CASE0190
EV01644,P01765,Observation,2024-05-27 05:22:21,Observation noted near Chandigarh Colony 99 in Delhi.,CASE0036
EV01645,P01699,Financial Activity,2023-12-01 15:27:51,Financial Activity noted near Kochi Market 28 in Surat.,CASE0084
EV01646,P01653,Observation,2023-01-13 21:15:55,Observation noted near Nagpur Plaza 106 in Delhi.,CASE0045
EV01647,P01736,Property Transfer,2024-09-19 05:21:47,Property Transfer noted near Lucknow Junction 137 in Lucknow.,CASE0109
EV01648,P01495,Observation,2025-03-15 01:57:30,Observation noted near Lucknow Junction 137 in Hyderabad.,CASE0195
EV01649,P00697,Meeting,2023-02-13 12:43:51,Meeting noted near Lucknow Park 94 in Chennai.,CASE0173
EV01650,P01233,Incident,2024-06-03 15:55:40,Incident noted near Surat Park 155 in Surat.,CASE0127
EV01651,P01709,Incident,2022-10-13 21:08:48,Incident noted near Kolkata Tower 75 in Patna.,CASE0189
EV01652,P01267,Property Transfer,2023-10-05 20:08:47,Property Transfer noted near Delhi Junction 8 in Chennai.,CASE0008
EV01653,P00467,Property Transfer,2025-09-13 00:25:59,Property Transfer noted near Chennai Colony 153 in Chennai.,CASE0217
EV01654,P01150,Travel,2023-01-29 15:34:43,Travel noted near Chennai Colony 48 in Guwahati.,CASE0052
EV01655,P01331,Meeting,2025-01-05 21:15:09,Meeting noted near Patna Hub 91 in Mumbai.,CASE0228
EV01656,P00143,Meeting,2025-05-21 03:25:42,Meeting noted near Kochi Park 115 in Mumbai.,CASE0176
EV01657,P01438,Meeting,2025-02-07 18:07:56,Meeting noted near Chennai Colony 153 in Delhi.,CASE0021
EV01658,P01150,Meeting,2025-09-28 00:33:01,Meeting noted near Delhi Junction 8 in Guwahati.,CASE0140
EV01659,P01207,Property Transfer,2022-09-05 06:48:58,Property Transfer noted near Nagpur Tower 130 in Kochi.,CASE0050
EV01660,P01889,Meeting,2024-01-14 02:48:14,Meeting noted near Nagpur Hub 26 in Patna.,CASE0177
EV01661,P01237,Property Transfer,2023-08-20 19:50:42,Property Transfer noted near Hyderabad Tower 10 in Ahmedabad.,CASE0203
EV01662,P00448,Meeting,2022-08-25 02:37:52,Meeting noted near Lucknow Junction 137 in Surat.,CASE0168
EV01663,P01495,Financial Activity,2024-11-20 08:00:33,Financial Activity noted near Pune Colony 59 in Hyderabad.,CASE0095
EV01664,P01117,Property Transfer,2022-07-02 22:44:32,Property Transfer noted near Bhopal Hub 64 in Bengaluru.,CASE0028
EV01665,P01961,Travel,2024-10-26 10:12:57,Travel noted near Delhi Hub 82 in Guwahati.,CASE0028
EV01666,P00143,Incident,2022-06-08 10:10:17,Incident noted near Hyderabad Park 7 in Mumbai.,CASE0033
EV01667,P00564,Financial Activity,2025-04-28 23:09:45,Financial Activity noted near Patna Hub 91 in Surat.,CASE0125
EV01668,P01267,Incident,2024-08-21 20:48:35,Incident noted near Kochi Park 121 in Chennai.,CASE0143
EV01669,P01150,Meeting,2025-03-02 03:06:11,Meeting noted near Delhi Hub 3 in Guwahati.,CASE0202
EV01670,P01517,Incident,2023-09-10 18:22:53,Incident noted near Lucknow Colony 149 in Lucknow.,CASE0212
EV01671,P00441,Travel,2025-03-28 07:52:44,Travel noted near Bhopal Park 68 in Kolkata.,CASE0198
EV01672,P00458,Travel,2024-02-29 01:07:41,Travel noted near Kolkata Tower 75 in Ranchi.,CASE0024
EV01673,P00441,Observation,2023-12-24 22:24:13,Observation noted near Chennai Park 96 in Kolkata.,CASE0112
EV01674,P00394,Incident,2024-03-08 03:19:26,Incident noted near Indore Market 136 in Guwahati.,CASE0111
EV01675,P00748,Financial Activity,2023-04-20 09:42:33,Financial Activity noted near Nagpur Hub 26 in Bhopal.,CASE0199
EV01676,P01651,Incident,2023-04-13 19:51:02,Incident noted near Guwahati Park 61 in Indore.,CASE0025
EV01677,P00199,Meeting,2023-12-04 11:56:03,Meeting noted near Surat Hub 9 in Ranchi.,CASE0173
EV01678,P01117,Financial Activity,2025-03-17 17:00:19,Financial Activity noted near Chandigarh Hub 1 in Bengaluru.,CASE0212
EV01679,P01584,Financial Activity,2023-05-30 13:07:44,Financial Activity noted near Ahmedabad Plaza 33 in Lucknow.,CASE0206
EV01680,P01658,Financial Activity,2024-11-07 10:16:03,Financial Activity noted near Pune Junction 25 in Nagpur.,CASE0128
EV01681,P00162,Observation,2025-03-13 03:29:57,Observation noted near Patna Market 4 in Lucknow.,CASE0214
EV01682,P00564,Observation,2024-05-21 11:35:36,Observation noted near Chennai Colony 48 in Surat.,CASE0077
EV01683,P00941,Observation,2022-05-08 20:44:37,Observation noted near Chennai Colony 69 in Ahmedabad.,CASE0147
EV01684,P00408,Property Transfer,2022-08-16 08:19:41,Property Transfer noted near Delhi Park 47 in Delhi.,CASE0195
EV01685,P00748,Meeting,2022-03-01 04:05:48,Meeting noted near Surat Plaza 40 in Bhopal.,CASE0116
EV01686,P01699,Incident,2025-06-04 07:42:49,Incident noted near Jaipur Colony 56 in Surat.,CASE0192
EV01687,P00094,Property Transfer,2023-12-29 15:45:16,Property Transfer noted near Bhopal Plaza 160 in Lucknow.,CASE0204
EV01688,P00776,Financial Activity,2024-10-18 21:32:05,Financial Activity noted near Visakhapatnam Junction 34 in Delhi.,CASE0198
EV01689,P01150,Financial Activity,2022-07-31 16:59:19,Financial Activity noted near Visakhapatnam Colony 6 in Guwahati.,CASE0015
EV01690,P01237,Meeting,2023-09-30 03:37:07,Meeting noted near Delhi Colony 133 in Ahmedabad.,CASE0135
EV01691,P00286,Incident,2025-04-30 13:12:55,Incident noted near Kochi Tower 126 in Mumbai.,CASE0151
EV01692,P00052,Travel,2024-07-04 02:20:38,Travel noted near Nagpur Junction 37 in Bengaluru.,CASE0031
EV01693,P00052,Financial Activity,2025-12-22 05:14:25,Financial Activity noted near Guwahati Hub 129 in Bengaluru.,CASE0161
EV01694,P01131,Incident,2024-08-06 14:59:33,Incident noted near Chandigarh Plaza 89 in Kochi.,CASE0193
EV01695,P01131,Observation,2022-01-03 23:52:26,Observation noted near Chennai Park 96 in Kochi.,CASE0010
EV01696,P01438,Property Transfer,2024-07-28 03:27:02,Property Transfer noted near Patna Tower 13 in Delhi.,CASE0160
EV01697,P01555,Incident,2024-06-20 12:34:41,Incident noted near Indore Tower 39 in Guwahati.,CASE0053
EV01698,P01035,Observation,2022-03-23 06:43:04,Observation noted near Visakhapatnam Colony 72 in Chennai.,CASE0067
EV01699,P00164,Property Transfer,2022-09-16 12:04:25,Property Transfer noted near Visakhapatnam Junction 34 in Indore.,CASE0185
EV01700,P00728,Financial Activity,2022-01-25 17:10:45,Financial Activity noted near Visakhapatnam Market 84 in Patna.,CASE0023
EV01701,P01267,Meeting,2022-03-02 03:54:24,Meeting noted near Surat Hub 154 in Chennai.,CASE0136
EV01702,P00860,Property Transfer,2024-04-06 02:51:16,Property Transfer noted near Surat Plaza 156 in Kochi.,CASE0183
EV01703,P01467,Incident,2023-04-27 12:20:46,Incident noted near Nagpur Junction 37 in Chandigarh.,CASE0028
EV01704,P00066,Incident,2024-11-02 09:07:50,Incident noted near Visakhapatnam Hub 123 in Patna.,CASE0105
EV01705,P00759,Observation,2022-12-01 07:36:11,Observation noted near Surat Park 62 in Jaipur.,CASE0005
EV01706,P00430,Travel,2025-03-26 08:45:30,Travel noted near Lucknow Colony 29 in Chennai.,CASE0205
EV01707,P00327,Observation,2023-12-28 20:24:35,Observation noted near Chandigarh Hub 1 in Ranchi.,CASE0151
EV01708,P01781,Travel,2024-04-16 03:07:38,Travel noted near Indore Market 83 in Kochi.,CASE0231
EV01709,P01828,Travel,2023-11-12 15:21:51,Travel noted near Visakhapatnam Hub 112 in Chandigarh.,CASE0179
EV01710,P01183,Incident,2023-10-20 15:16:34,Incident noted near Indore Tower 146 in Bhopal.,CASE0118
EV01711,P00143,Property Transfer,2024-08-29 11:24:54,Property Transfer noted near Nagpur Tower 130 in Mumbai.,CASE0140
EV01712,P00776,Financial Activity,2025-07-06 08:27:40,Financial Activity noted near Mumbai Plaza 27 in Delhi.,CASE0195
EV01713,P00776,Meeting,2024-06-29 23:36:02,Meeting noted near Indore Market 83 in Delhi.,CASE0230
EV01714,P01495,Observation,2024-03-06 03:51:23,Observation noted near Visakhapatnam Market 84 in Hyderabad.,CASE0036
EV01715,P01373,Meeting,2024-11-08 07:18:56,Meeting noted near Nagpur Hub 103 in Jaipur.,CASE0008
EV01716,P01564,Property Transfer,2024-08-26 09:39:09,Property Transfer noted near Indore Market 83 in Kolkata.,CASE0017
EV01717,P00408,Meeting,2023-02-19 01:21:06,Meeting noted near Surat Plaza 122 in Delhi.,CASE0193
EV01718,P01709,Observation,2023-04-04 22:53:59,Observation noted near Mumbai Junction 88 in Patna.,CASE0075
EV01719,P01752,Travel,2025-07-07 10:35:55,Travel noted near Visakhapatnam Market 84 in Indore.,CASE0056
EV01720,P00865,Financial Activity,2025-01-05 19:11:19,Financial Activity noted near Nagpur Hub 103 in Bengaluru.,CASE0068
EV01721,P00502,Financial Activity,2025-04-28 01:06:30,Financial Activity noted near Guwahati Park 61 in Patna.,CASE0208
EV01722,P00199,Travel,2024-09-15 03:45:04,Travel noted near Kochi Park 121 in Ranchi.,CASE0108
EV01723,P00229,Property Transfer,2024-07-24 17:00:06,Property Transfer noted near Ranchi Colony 111 in Visakhapatnam.,CASE0075
EV01724,P00601,Incident,2024-08-02 18:42:50,Incident noted near Delhi Junction 147 in Chennai.,CASE0052
EV01725,P01207,Observation,2023-03-08 12:45:52,Observation noted near Visakhapatnam Tower 124 in Kochi.,CASE0120
EV01726,P01814,Meeting,2022-08-15 13:30:05,Meeting noted near Ranchi Junction 140 in Bhopal.,CASE0001
EV01727,P01828,Financial Activity,2023-11-06 09:59:43,Financial Activity noted near Nagpur Hub 118 in Chandigarh.,CASE0013
EV01728,P00066,Observation,2022-10-31 17:29:12,Observation noted near Delhi Junction 8 in Patna.,CASE0197
EV01729,P00089,Meeting,2023-06-14 00:55:09,Meeting noted near Visakhapatnam Market 84 in Guwahati.,CASE0105
EV01730,P01765,Property Transfer,2024-05-19 17:20:06,Property Transfer noted near Nagpur Junction 116 in Delhi.,CASE0071
EV01731,P01467,Financial Activity,2024-01-13 03:20:59,Financial Activity noted near Hyderabad Hub 12 in Chandigarh.,CASE0012
EV01732,P01919,Property Transfer,2024-03-15 07:56:23,Property Transfer noted near Kochi Market 28 in Ahmedabad.,CASE0116
EV01733,P00014,Observation,2025-12-21 07:12:28,Observation noted near Lucknow Colony 87 in Hyderabad.,CASE0012
EV01734,P01150,Observation,2023-03-29 05:43:04,Observation noted near Pune Market 65 in Guwahati.,CASE0059
EV01735,P01443,Travel,2025-03-10 19:02:35,Travel noted near Ahmedabad Plaza 35 in Delhi.,CASE0040
EV01736,P00736,Property Transfer,2025-08-20 21:37:16,Property Transfer noted near Kochi Tower 126 in Ahmedabad.,CASE0208
EV01737,P01117,Meeting,2024-05-05 18:08:23,Meeting noted near Bengaluru Tower 66 in Bengaluru.,CASE0205
EV01738,P01331,Meeting,2022-10-04 16:32:34,Meeting noted near Indore Junction 101 in Mumbai.,CASE0087
EV01739,P00319,Property Transfer,2022-02-21 01:46:23,Property Transfer noted near Lucknow Park 19 in Bengaluru.,CASE0131
EV01740,P01302,Financial Activity,2022-11-16 06:15:02,Financial Activity noted near Indore Market 136 in Kolkata.,CASE0220
EV01741,P00865,Observation,2024-09-07 17:13:00,Observation noted near Pune Colony 59 in Bengaluru.,CASE0227
EV01742,P00286,Financial Activity,2023-03-19 20:42:59,Financial Activity noted near Guwahati Junction 159 in Mumbai.,CASE0167
EV01743,P00570,Financial Activity,2024-11-22 14:16:35,Financial Activity noted near Bengaluru Tower 66 in Chennai.,CASE0187
EV01744,P01775,Incident,2024-08-11 10:38:10,Incident noted near Kolkata Plaza 119 in Kolkata.,CASE0069
EV01745,P01765,Observation,2025-12-22 11:14:00,Observation noted near Guwahati Plaza 152 in Delhi.,CASE0057
EV01746,P01653,Meeting,2024-11-16 14:33:33,Meeting noted near Kolkata Park 18 in Delhi.,CASE0230
EV01747,P00860,Incident,2022-03-03 22:30:40,Incident noted near Chandigarh Tower 157 in Kochi.,CASE0168
EV01748,P01131,Meeting,2022-01-16 20:37:58,Meeting noted near Guwahati Park 61 in Kochi.,CASE0028
EV01749,P00593,Incident,2023-02-23 20:28:03,Incident noted near Chennai Hub 5 in Hyderabad.,CASE0019
EV01750,P01564,Incident,2022-04-18 11:51:52,Incident noted near Visakhapatnam Market 50 in Kolkata.,CASE0223
EV01751,P00866,Travel,2024-02-13 12:31:52,Travel noted near Ranchi Junction 140 in Guwahati.,CASE0153
EV01752,P01438,Observation,2023-03-29 16:15:51,Observation noted near Ahmedabad Plaza 35 in Delhi.,CASE0043
EV01753,P01517,Incident,2024-05-28 21:47:28,Incident noted near Ahmedabad Plaza 33 in Lucknow.,CASE0196
EV01754,P00705,Observation,2023-10-25 12:54:15,Observation noted near Surat Hub 154 in Visakhapatnam.,CASE0113
EV01755,P01495,Observation,2024-11-06 15:27:41,Observation noted near Visakhapatnam Hub 112 in Hyderabad.,CASE0123
EV01756,P01386,Travel,2025-12-28 10:43:45,Travel noted near Jaipur Plaza 78 in Ahmedabad.,CASE0193
EV01757,P00920,Financial Activity,2025-07-31 02:19:02,Financial Activity noted near Pune Market 17 in Nagpur.,CASE0098
EV01758,P01430,Property Transfer,2024-12-27 01:28:06,Property Transfer noted near Hyderabad Tower 10 in Mumbai.,CASE0188
EV01759,P00179,Financial Activity,2023-05-19 10:53:27,Financial Activity noted near Kochi Park 117 in Bengaluru.,CASE0022
EV01760,P00690,Travel,2024-07-01 06:34:11,Travel noted near Visakhapatnam Market 84 in Kolkata.,CASE0075
EV01761,P00542,Meeting,2024-12-13 15:17:42,Meeting noted near Chennai Tower 24 in Nagpur.,CASE0162
EV01762,P00094,Property Transfer,2022-11-09 00:17:16,Property Transfer noted near Guwahati Plaza 152 in Lucknow.,CASE0033
EV01763,P00776,Meeting,2025-09-11 09:35:54,Meeting noted near Chennai Tower 134 in Delhi.,CASE0131
EV01764,P00502,Property Transfer,2022-03-10 07:57:53,Property Transfer noted near Visakhapatnam Plaza 120 in Patna.,CASE0124
EV01765,P01517,Meeting,2024-11-14 16:51:23,Meeting noted near Chennai Colony 69 in Lucknow.,CASE0190
EV01766,P01555,Incident,2025-08-28 01:51:24,Incident noted near Chennai Colony 69 in Guwahati.,CASE0193
EV01767,P00593,Observation,2024-03-20 22:45:55,Observation noted near Pune Colony 59 in Hyderabad.,CASE0200
EV01768,P00066,Travel,2023-11-15 21:00:00,Travel noted near Bengaluru Tower 66 in Patna.,CASE0175
EV01769,P01437,Financial Activity,2025-02-28 03:10:53,Financial Activity noted near Nagpur Junction 37 in Kolkata.,CASE0013
EV01770,P00776,Travel,2025-06-14 08:58:58,Travel noted near Visakhapatnam Tower 42 in Delhi.,CASE0184
EV01771,P00865,Financial Activity,2022-05-11 09:55:29,Financial Activity noted near Delhi Junction 8 in Bengaluru.,CASE0221
EV01772,P01814,Incident,2022-09-23 20:18:03,Incident noted near Indore Hub 63 in Bhopal.,CASE0229
EV01773,P00941,Meeting,2023-08-27 07:49:08,Meeting noted near Bhopal Colony 97 in Ahmedabad.,CASE0039
EV01774,P00190,Incident,2025-04-05 17:36:33,Incident noted near Hyderabad Park 81 in Pune.,CASE0184
EV01775,P01775,Incident,2023-02-04 01:31:36,Incident noted near Kolkata Tower 30 in Kolkata.,CASE0026
EV01776,P00759,Observation,2024-05-18 01:23:00,Observation noted near Surat Plaza 156 in Jaipur.,CASE0143
EV01777,P00334,Observation,2023-01-07 22:17:59,Observation noted near Lucknow Colony 87 in Bhopal.,CASE0073
EV01778,P00776,Travel,2025-06-28 11:21:00,Travel noted near Nagpur Market 32 in Delhi.,CASE0172
EV01779,P01752,Travel,2025-09-29 22:53:03,Travel noted near Jaipur Colony 56 in Indore.,CASE0180
EV01780,P01781,Meeting,2025-04-19 09:51:14,Meeting noted near Indore Hub 63 in Kochi.,CASE0108
EV01781,P01438,Meeting,2025-06-12 14:17:31,Meeting noted near Pune Junction 25 in Delhi.,CASE0125
EV01782,P01752,Property Transfer,2022-03-17 02:45:20,Property Transfer noted near Ahmedabad Plaza 33 in Indore.,CASE0173
EV01783,P00256,Meeting,2024-04-22 23:29:13,Meeting noted near Visakhapatnam Plaza 120 in Delhi.,CASE0151
EV01784,P01752,Travel,2025-07-05 09:51:04,Travel noted near Lucknow Plaza 142 in Indore.,CASE0036
EV01785,P00089,Incident,2022-11-13 01:46:35,Incident noted near Lucknow Park 79 in Guwahati.,CASE0056
EV01786,P01752,Meeting,2025-05-30 10:38:45,Meeting noted near Ahmedabad Plaza 35 in Indore.,CASE0171
EV01787,P01709,Meeting,2023-11-11 05:18:49,Meeting noted near Surat Park 62 in Patna.,CASE0117
EV01788,P00179,Incident,2024-07-07 21:57:54,Incident noted near Delhi Hub 82 in Bengaluru.,CASE0235
EV01789,P00062,Observation,2023-05-12 03:37:49,Observation noted near Visakhapatnam Market 50 in Lucknow.,CASE0183
EV01790,P01828,Observation,2023-07-13 04:07:00,Observation noted near Patna Market 70 in Chandigarh.,CASE0231
EV01791,P01814,Financial Activity,2022-11-13 13:21:35,Financial Activity noted near Visakhapatnam Hub 123 in Bhopal.,CASE0014
EV01792,P01961,Travel,2022-12-10 09:31:45,Travel noted near Visakhapatnam Tower 42 in Guwahati.,CASE0178
EV01793,P01993,Incident,2024-02-14 03:11:55,Incident noted near Chandigarh Hub 74 in Kochi.,CASE0190
EV01794,P00408,Travel,2024-07-02 22:56:07,Travel noted near Nagpur Junction 37 in Delhi.,CASE0192
EV01795,P00865,Financial Activity,2022-09-03 20:04:05,Financial Activity noted near Chennai Plaza 139 in Bengaluru.,CASE0151
EV01796,P01131,Incident,2025-03-19 15:48:05,Incident noted near Delhi Hub 82 in Kochi.,CASE0101
EV01797,P00776,Incident,2024-05-20 03:43:39,Incident noted near Visakhapatnam Junction 34 in Delhi.,CASE0096
EV01798,P01828,Observation,2022-04-16 19:21:10,Observation noted near Jaipur Market 31 in Chandigarh.,CASE0123
EV01799,P00860,Observation,2023-03-06 23:39:59,Observation noted near Surat Hub 154 in Kochi.,CASE0007
EV01800,P00430,Meeting,2024-06-04 03:58:53,Meeting noted near Guwahati Plaza 152 in Chennai.,CASE0121
EV01801,P01438,Observation,2022-07-22 17:50:59,Observation noted near Bhopal Colony 97 in Delhi.,CASE0013
EV01802,P01736,Incident,2023-01-14 23:22:01,Incident noted near Delhi Hub 82 in Lucknow.,CASE0064
EV01803,P01509,Property Transfer,2022-07-08 10:08:03,Property Transfer noted near Hyderabad Junction 86 in Lucknow.,CASE0129
EV01804,P00477,Observation,2022-05-27 06:04:54,Observation noted near Hyderabad Park 7 in Kochi.,CASE0148
EV01805,P00256,Incident,2023-10-06 09:56:17,Incident noted near Patna Hub 91 in Delhi.,CASE0112
EV01806,P00143,Travel,2024-03-31 02:56:48,Travel noted near Bhopal Colony 97 in Mumbai.,CASE0192
EV01807,P00929,Observation,2022-08-06 00:10:13,Observation noted near Ranchi Colony 90 in Chandigarh.,CASE0205
EV01808,P01233,Incident,2025-07-01 06:07:32,Incident noted near Surat Hub 9 in Surat.,CASE0046
EV01809,P00570,Incident,2022-05-19 01:41:58,Incident noted near Guwahati Hub 129 in Chennai.,CASE0196
EV01810,P01237,Travel,2025-10-20 23:54:12,Travel noted near Bhopal Junction 58 in Ahmedabad.,CASE0105
EV01811,P01517,Meeting,2023-08-05 14:05:15,Meeting noted near Ranchi Market 132 in Lucknow.,CASE0087
EV01812,P00229,Observation,2024-06-16 10:09:53,Observation noted near Ranchi Market 132 in Visakhapatnam.,CASE0073
EV01813,P00542,Observation,2023-04-24 15:57:55,Observation noted near Mumbai Hub 55 in Nagpur.,CASE0123
EV01814,P01651,Observation,2024-08-13 21:38:39,Observation noted near Visakhapatnam Tower 124 in Indore.,CASE0143
EV01815,P00286,Incident,2022-04-30 14:52:37,Incident noted near Nagpur Junction 116 in Mumbai.,CASE0192
EV01816,P00741,Observation,2022-06-19 08:45:30,Observation noted near Guwahati Colony 11 in Ahmedabad.,CASE0101
EV01817,P01310,Observation,2024-07-21 16:53:34,Observation noted near Chandigarh Colony 99 in Ranchi.,CASE0160
EV01818,P01183,Travel,2025-07-07 19:04:47,Travel noted near Delhi Hub 82 in Bhopal.,CASE0047
EV01819,P00929,Travel,2024-10-09 17:17:49,Travel noted near Chennai Plaza 139 in Chandigarh.,CASE0060
EV01820,P00601,Meeting,2025-09-15 05:36:25,Meeting noted near Guwahati Plaza 92 in Chennai.,CASE0057
EV01821,P00334,Financial Activity,2022-05-15 02:28:49,Financial Activity noted near Hyderabad Hub 12 in Bhopal.,CASE0140
EV01822,P00055,Travel,2023-08-20 05:04:53,Travel noted near Indore Hub 2 in Nagpur.,CASE0168
EV01823,P01237,Incident,2023-09-30 11:19:59,Incident noted near Chennai Colony 153 in Ahmedabad.,CASE0225
EV01824,P00408,Meeting,2025-11-27 05:20:18,Meeting noted near Lucknow Park 94 in Delhi.,CASE0054
EV01825,P00190,Property Transfer,2024-05-14 05:35:03,Property Transfer noted near Indore Hub 63 in Pune.,CASE0230
EV01826,P01736,Property Transfer,2023-10-31 06:58:38,Property Transfer noted near Ranchi Junction 140 in Lucknow.,CASE0202
EV01827,P01183,Meeting,2025-04-23 14:46:13,Meeting noted near Ranchi Market 132 in Bhopal.,CASE0092
EV01828,P01438,Financial Activity,2024-03-24 00:27:57,Financial Activity noted near Visakhapatnam Plaza 120 in Delhi.,CASE0068
EV01829,P01564,Travel,2022-08-02 11:25:14,Travel noted near Hyderabad Market 131 in Kolkata.,CASE0062
EV01830,P00759,Observation,2025-08-28 02:43:45,Observation noted near Pune Tower 71 in Jaipur.,CASE0033
EV01831,P01519,Financial Activity,2025-02-01 23:29:10,Financial Activity noted near Guwahati Hub 129 in Delhi.,CASE0215
EV01832,P00094,Incident,2023-03-24 21:15:10,Incident noted near Kolkata Junction 45 in Lucknow.,CASE0107
EV01833,P00052,Travel,2023-05-25 11:24:04,Travel noted near Delhi Junction 46 in Bengaluru.,CASE0113
EV01834,P00759,Travel,2025-08-19 13:18:18,Travel noted near Mumbai Hub 55 in Jaipur.,CASE0002
EV01835,P01765,Financial Activity,2025-04-27 11:43:29,Financial Activity noted near Chennai Colony 48 in Delhi.,CASE0130
EV01836,P01564,Travel,2024-01-15 04:19:12,Travel noted near Lucknow Park 19 in Kolkata.,CASE0082
EV01837,P00199,Incident,2024-04-08 21:43:52,Incident noted near Hyderabad Park 81 in Ranchi.,CASE0117
EV01838,P01509,Travel,2025-07-14 16:04:33,Travel noted near Indore Market 93 in Lucknow.,CASE0044
EV01839,P01267,Travel,2024-12-15 09:46:02,Travel noted near Hyderabad Colony 145 in Chennai.,CASE0145
EV01840,P00458,Incident,2024-06-15 16:52:10,Incident noted near Mumbai Hub 138 in Ranchi.,CASE0236
EV01841,P01919,Incident,2024-01-08 21:17:53,Incident noted near Mumbai Hub 76 in Ahmedabad.,CASE0016
EV01842,P01467,Financial Activity,2025-02-27 08:29:41,Financial Activity noted near Nagpur Junction 51 in Chandigarh.,CASE0213
EV01843,P00062,Property Transfer,2025-02-26 06:35:20,Property Transfer noted near Kolkata Junction 45 in Lucknow.,CASE0137
EV01844,P00448,Incident,2024-12-29 14:15:33,Incident noted near Visakhapatnam Hub 123 in Surat.,CASE0018
EV01845,P00941,Property Transfer,2023-11-09 06:30:42,Property Transfer noted near Chandigarh Hub 74 in Ahmedabad.,CASE0136
EV01846,P00286,Travel,2023-07-23 07:07:20,Travel noted near Indore Hub 63 in Mumbai.,CASE0204
EV01847,P00164,Financial Activity,2022-03-19 06:46:47,Financial Activity noted near Delhi Park 47 in Indore.,CASE0145
EV01848,P01150,Observation,2023-06-15 09:49:54,Observation noted near Kolkata Tower 30 in Guwahati.,CASE0074
EV01849,P01131,Financial Activity,2022-04-14 18:05:32,Financial Activity noted near Indore Hub 2 in Kochi.,CASE0183
EV01850,P00441,Incident,2023-05-21 07:03:02,Incident noted near Hyderabad Park 81 in Kolkata.,CASE0055
EV01851,P01814,Travel,2024-05-09 12:49:28,Travel noted near Lucknow Park 53 in Bhopal.,CASE0203
EV01852,P00570,Observation,2022-09-10 14:07:03,Observation noted near Mumbai Junction 88 in Chennai.,CASE0186
EV01853,P01117,Observation,2022-11-28 08:51:06,Observation noted near Jaipur Colony 114 in Bengaluru.,CASE0199
EV01854,P01150,Property Transfer,2022-01-19 23:37:46,Property Transfer noted near Kolkata Plaza 119 in Guwahati.,CASE0204
EV01855,P01775,Incident,2024-01-28 18:29:09,Incident noted near Surat Plaza 122 in Kolkata.,CASE0156
EV01856,P00477,Observation,2024-01-07 15:36:58,Observation noted near Patna Market 70 in Kochi.,CASE0118
EV01857,P01495,Observation,2024-07-07 22:12:36,Observation noted near Nagpur Hub 118 in Hyderabad.,CASE0150
EV01858,P00319,Observation,2024-10-06 04:23:34,Observation noted near Chennai Park 96 in Bengaluru.,CASE0164
EV01859,P00143,Observation,2024-10-24 03:07:47,Observation noted near Chennai Tower 24 in Mumbai.,CASE0138
EV01860,P00502,Observation,2024-12-12 10:03:50,Observation noted near Hyderabad Hub 12 in Patna.,CASE0025
EV01861,P01331,Observation,2023-12-07 18:37:08,Observation noted near Kolkata Tower 30 in Mumbai.,CASE0190
EV01862,P01509,Meeting,2024-07-24 17:38:52,Meeting noted near Indore Tower 39 in Lucknow.,CASE0098
EV01863,P00748,Travel,2024-12-10 09:00:23,Travel noted near Visakhapatnam Market 50 in Bhopal.,CASE0085
EV01864,P00143,Travel,2024-05-28 21:31:05,Travel noted near Kolkata Park 18 in Mumbai.,CASE0199
EV01865,P01117,Incident,2023-02-01 18:10:35,Incident noted near Delhi Hub 3 in Bengaluru.,CASE0124
EV01866,P00860,Property Transfer,2022-08-06 16:18:40,Property Transfer noted near Kolkata Park 15 in Kochi.,CASE0183
EV01867,P01781,Property Transfer,2025-08-03 20:23:44,Property Transfer noted near Jaipur Plaza 78 in Kochi.,CASE0055
EV01868,P01961,Property Transfer,2022-12-26 11:46:29,Property Transfer noted near Guwahati Park 158 in Guwahati.,CASE0163
EV01869,P00256,Incident,2022-02-09 21:41:17,Incident noted near Jaipur Plaza 78 in Delhi.,CASE0111
EV01870,P00779,Observation,2025-09-06 03:55:30,Observation noted near Hyderabad Junction 86 in Delhi.,CASE0016
EV01871,P00601,Observation,2023-11-09 22:27:21,Observation noted near Chennai Colony 69 in Chennai.,CASE0234
EV01872,P01765,Financial Activity,2022-07-11 22:09:18,Financial Activity noted near Hyderabad Tower 85 in Delhi.,CASE0056
EV01873,P00452,Travel,2023-08-17 05:08:03,Travel noted near Nagpur Junction 37 in Chandigarh.,CASE0051
EV01874,P00066,Meeting,2025-08-12 06:45:41,Meeting noted near Surat Hub 9 in Patna.,CASE0053
EV01875,P01993,Incident,2025-04-30 15:06:01,Incident noted near Jaipur Plaza 78 in Kochi.,CASE0090
EV01876,P00229,Property Transfer,2022-01-15 04:58:05,Property Transfer noted near Nagpur Tower 104 in Visakhapatnam.,CASE0075
EV01877,P01752,Financial Activity,2024-01-18 19:45:41,Financial Activity noted near Visakhapatnam Colony 6 in Indore.,CASE0119
EV01878,P01386,Observation,2022-02-05 09:01:39,Observation noted near Pune Market 65 in Ahmedabad.,CASE0013
EV01879,P01210,Property Transfer,2023-03-18 01:16:13,Property Transfer noted near Kolkata Park 15 in Patna.,CASE0087
EV01880,P01584,Observation,2024-12-08 20:22:12,Observation noted near Pune Tower 71 in Lucknow.,CASE0113
EV01881,P01658,Financial Activity,2022-06-29 18:56:19,Financial Activity noted near Mumbai Hub 76 in Nagpur.,CASE0133
EV01882,P00860,Observation,2023-10-24 04:51:39,Observation noted near Bhopal Junction 58 in Kochi.,CASE0144
EV01883,P00162,Property Transfer,2025-03-19 13:02:22,Property Transfer noted near Guwahati Plaza 152 in Lucknow.,CASE0188
EV01884,P01437,Travel,2025-11-15 20:30:08,Travel noted near Patna Market 70 in Kolkata.,CASE0177
EV01885,P00866,Property Transfer,2022-10-23 01:52:41,Property Transfer noted near Kochi Plaza 107 in Guwahati.,CASE0183
EV01886,P00601,Incident,2025-05-25 04:31:53,Incident noted near Chandigarh Tower 157 in Chennai.,CASE0017
EV01887,P01267,Property Transfer,2024-10-24 02:26:22,Property Transfer noted near Lucknow Colony 29 in Chennai.,CASE0096
EV01888,P00705,Financial Activity,2025-04-09 04:13:17,Financial Activity noted near Hyderabad Plaza 102 in Visakhapatnam.,CASE0152
EV01889,P00941,Financial Activity,2025-01-02 12:02:44,Financial Activity noted near Ranchi Colony 111 in Ahmedabad.,CASE0120
EV01890,P01210,Property Transfer,2023-05-09 22:00:32,Property Transfer noted near Chandigarh Colony 99 in Patna.,CASE0125
EV01891,P01035,Incident,2023-07-14 23:03:31,Incident noted near Guwahati Hub 60 in Chennai.,CASE0217
EV01892,P00570,Travel,2024-02-16 03:35:02,Travel noted near Chennai Park 96 in Chennai.,CASE0185
EV01893,P00697,Observation,2023-03-29 15:25:33,Observation noted near Guwahati Plaza 92 in Chennai.,CASE0037
EV01894,P01564,Financial Activity,2025-06-15 03:01:51,Financial Activity noted near Visakhapatnam Junction 21 in Kolkata.,CASE0022
EV01895,P00179,Travel,2025-07-27 23:57:30,Travel noted near Visakhapatnam Tower 14 in Bengaluru.,CASE0135
EV01896,P00066,Meeting,2024-10-05 22:55:30,Meeting noted near Delhi Market 141 in Patna.,CASE0017
EV01897,P00408,Property Transfer,2025-04-11 02:14:12,Property Transfer noted near Bengaluru Tower 66 in Delhi.,CASE0124
EV01898,P01736,Property Transfer,2024-12-02 09:28:25,Property Transfer noted near Nagpur Plaza 106 in Lucknow.,CASE0093
EV01899,P00210,Incident,2024-11-01 12:49:45,Incident noted near Visakhapatnam Junction 21 in Pune.,CASE0009
EV01900,P00094,Financial Activity,2025-02-12 18:18:27,Financial Activity noted near Guwahati Plaza 57 in Lucknow.,CASE0042
EV01901,P00179,Financial Activity,2024-03-02 09:35:00,Financial Activity noted near Kochi Park 117 in Bengaluru.,CASE0128
EV01902,P00334,Financial Activity,2022-01-17 15:22:41,Financial Activity noted near Lucknow Plaza 142 in Bhopal.,CASE0067
EV01903,P01099,Travel,2025-05-18 15:20:41,Travel noted near Chennai Colony 153 in Hyderabad.,CASE0004
EV01904,P01564,Financial Activity,2023-02-10 17:43:05,Financial Activity noted near Ahmedabad Plaza 35 in Kolkata.,CASE0168
EV01905,P01467,Observation,2025-07-28 22:52:49,Observation noted near Lucknow Plaza 142 in Chandigarh.,CASE0052
EV01906,P00408,Travel,2024-01-02 07:09:58,Travel noted near Chandigarh Plaza 89 in Delhi.,CASE0018
EV01907,P00502,Travel,2022-05-12 03:36:12,Travel noted near Bhopal Plaza 160 in Patna.,CASE0121
EV01908,P00705,Property Transfer,2024-11-08 02:15:48,Property Transfer noted near Jaipur Market 31 in Visakhapatnam.,CASE0061
EV01909,P00697,Meeting,2023-04-17 03:48:45,Meeting noted near Delhi Hub 3 in Chennai.,CASE0039
EV01910,P00477,Property Transfer,2024-10-08 17:13:54,Property Transfer noted near Chandigarh Plaza 89 in Kochi.,CASE0230
EV01911,P01373,Observation,2022-01-16 13:25:17,Observation noted near Hyderabad Market 131 in Jaipur.,CASE0106
EV01912,P00547,Observation,2025-02-19 17:07:00,Observation noted near Patna Hub 52 in Chandigarh.,CASE0056
EV01913,P00448,Travel,2025-01-15 12:44:48,Travel noted near Hyderabad Plaza 102 in Surat.,CASE0087
EV01914,P01651,Financial Activity,2024-01-20 09:45:02,Financial Activity noted near Chandigarh Plaza 89 in Indore.,CASE0033
EV01915,P00256,Financial Activity,2023-11-12 22:24:17,Financial Activity noted near Bengaluru Tower 66 in Delhi.,CASE0110
EV01916,P00759,Incident,2025-03-28 13:45:01,Incident noted near Chennai Tower 24 in Jaipur.,CASE0202
EV01917,P00179,Observation,2023-06-03 11:11:12,Observation noted near Mumbai Park 41 in Bengaluru.,CASE0101
EV01918,P00542,Property Transfer,2024-10-17 06:07:48,Property Transfer noted near Kochi Colony 148 in Nagpur.,CASE0217
EV01919,P00207,Meeting,2023-06-12 13:43:50,Meeting noted near Lucknow Junction 137 in Mumbai.,CASE0035
EV01920,P01519,Observation,2025-05-18 22:29:14,Observation noted near Pune Junction 125 in Delhi.,CASE0002
EV01921,P00286,Financial Activity,2025-05-09 20:02:46,Financial Activity noted near Indore Market 136 in Mumbai.,CASE0153
EV01922,P01919,Financial Activity,2024-08-22 01:04:40,Financial Activity noted near Bengaluru Tower 105 in Ahmedabad.,CASE0116
EV01923,P01430,Meeting,2025-10-17 16:46:54,Meeting noted near Ahmedabad Plaza 33 in Mumbai.,CASE0049
EV01924,P01267,Property Transfer,2024-10-20 15:47:46,Property Transfer noted near Ranchi Colony 90 in Chennai.,CASE0062
EV01925,P00062,Property Transfer,2022-10-26 03:43:52,Property Transfer noted near Indore Tower 128 in Lucknow.,CASE0025
EV01926,P01889,Incident,2022-09-19 20:54:04,Incident noted near Indore Market 93 in Patna.,CASE0176
EV01927,P01889,Property Transfer,2024-03-01 20:25:04,Property Transfer noted near Nagpur Hub 118 in Patna.,CASE0233
EV01928,P01310,Travel,2022-02-19 12:46:03,Travel noted near Jaipur Colony 56 in Ranchi.,CASE0096
EV01929,P01555,Property Transfer,2024-10-10 19:00:45,Property Transfer noted near Visakhapatnam Plaza 120 in Guwahati.,CASE0087
EV01930,P01430,Travel,2024-03-13 23:51:34,Travel noted near Kochi Market 28 in Mumbai.,CASE0062
EV01931,P00697,Incident,2023-11-13 11:49:00,Incident noted near Kochi Colony 148 in Chennai.,CASE0106
EV01932,P00542,Meeting,2023-05-21 22:58:04,Meeting noted near Kochi Colony 148 in Nagpur.,CASE0102
EV01933,P01467,Travel,2023-07-03 19:42:35,Travel noted near Chennai Tower 24 in Chandigarh.,CASE0147
EV01934,P00542,Financial Activity,2025-02-12 04:21:46,Financial Activity noted near Kolkata Plaza 119 in Nagpur.,CASE0052
EV01935,P00728,Observation,2025-04-10 17:19:09,Observation noted near Hyderabad Park 7 in Patna.,CASE0068
EV01936,P01993,Incident,2022-05-21 02:49:19,Incident noted near Ranchi Plaza 100 in Kochi.,CASE0132
EV01937,P00452,Observation,2023-02-15 16:19:05,Observation noted near Guwahati Plaza 57 in Chandigarh.,CASE0017
EV01938,P00697,Incident,2025-04-04 19:33:24,Incident noted near Ahmedabad Plaza 35 in Chennai.,CASE0096
EV01939,P00736,Travel,2025-04-09 19:41:07,Travel noted near Kochi Park 121 in Ahmedabad.,CASE0179
EV01940,P00601,Meeting,2022-11-16 20:52:08,Meeting noted near Hyderabad Hub 12 in Chennai.,CASE0085
EV01941,P00458,Observation,2023-01-18 12:21:57,Observation noted near Chandigarh Market 54 in Ranchi.,CASE0123
EV01942,P00920,Financial Activity,2023-10-22 17:14:37,Financial Activity noted near Visakhapatnam Market 84 in Nagpur.,CASE0161
EV01943,P00736,Property Transfer,2024-08-27 06:06:24,Property Transfer noted near Kolkata Hub 143 in Ahmedabad.,CASE0022
EV01944,P00143,Incident,2024-01-20 06:45:44,Incident noted near Lucknow Colony 149 in Mumbai.,CASE0172
EV01945,P00192,Financial Activity,2023-10-22 03:32:36,Financial Activity noted near Bhopal Colony 97 in Delhi.,CASE0204
EV01946,P00705,Observation,2025-12-25 19:16:08,Observation noted near Nagpur Junction 37 in Visakhapatnam.,CASE0033
EV01947,P01699,Travel,2024-09-26 21:04:20,Travel noted near Bengaluru Market 43 in Surat.,CASE0033
EV01948,P01584,Observation,2024-12-03 06:14:53,Observation noted near Chandigarh Tower 157 in Lucknow.,CASE0013
EV01949,P00014,Financial Activity,2023-05-15 18:54:45,Financial Activity noted near Nagpur Hub 26 in Hyderabad.,CASE0112
EV01950,P00748,Meeting,2022-04-02 19:40:21,Meeting noted near Lucknow Junction 137 in Bhopal.,CASE0217
EV01951,P00207,Incident,2025-05-11 20:11:28,Incident noted near Visakhapatnam Tower 42 in Mumbai.,CASE0044
EV01952,P01233,Meeting,2024-05-22 17:59:22,Meeting noted near Lucknow Park 79 in Surat.,CASE0087
EV01953,P00452,Observation,2023-07-17 23:13:52,Observation noted near Bhopal Hub 113 in Chandigarh.,CASE0024
EV01954,P01584,Travel,2022-11-01 22:53:05,Travel noted near Chennai Plaza 139 in Lucknow.,CASE0237
EV01955,P00741,Incident,2024-08-06 16:28:38,Incident noted near Visakhapatnam Market 50 in Ahmedabad.,CASE0002
EV01956,P01437,Property Transfer,2023-06-02 22:36:36,Property Transfer noted near Chandigarh Market 54 in Kolkata.,CASE0143
EV01957,P00210,Property Transfer,2024-01-06 16:38:41,Property Transfer noted near Delhi Market 141 in Pune.,CASE0213
EV01958,P00229,Property Transfer,2025-01-12 01:22:03,Property Transfer noted near Visakhapatnam Colony 72 in Visakhapatnam.,CASE0188
EV01959,P01919,Meeting,2024-01-09 06:22:42,Meeting noted near Visakhapatnam Junction 34 in Ahmedabad.,CASE0036
EV01960,P01131,Meeting,2022-08-07 04:50:48,Meeting noted near Chandigarh Colony 99 in Kochi.,CASE0104
EV01961,P00697,Meeting,2023-10-31 09:37:11,Meeting noted near Chandigarh Plaza 89 in Chennai.,CASE0106
EV01962,P01131,Incident,2023-04-03 02:48:21,Incident noted near Bhopal Junction 58 in Kochi.,CASE0153
EV01963,P00441,Travel,2025-10-15 20:17:17,Travel noted near Bengaluru Tower 66 in Kolkata.,CASE0162
EV01964,P00066,Travel,2023-06-21 15:37:05,Travel noted near Delhi Colony 133 in Patna.,CASE0013
EV01965,P01814,Observation,2025-10-10 15:37:25,Observation noted near Indore Market 23 in Bhopal.,CASE0105
EV01966,P00748,Financial Activity,2025-06-07 09:33:43,Financial Activity noted near Nagpur Junction 37 in Bhopal.,CASE0054
EV01967,P00062,Observation,2024-10-30 16:25:50,Observation noted near Hyderabad Tower 85 in Lucknow.,CASE0074
EV01968,P00430,Incident,2024-12-13 00:22:59,Incident noted near Chennai Tower 134 in Chennai.,CASE0158
EV01969,P00319,Financial Activity,2022-06-15 20:51:24,Financial Activity noted near Kochi Colony 148 in Bengaluru.,CASE0094
EV01970,P00779,Meeting,2024-09-17 09:33:59,Meeting noted near Delhi Junction 46 in Delhi.,CASE0229
EV01971,P00055,Travel,2024-12-31 10:03:30,Travel noted near Indore Tower 146 in Nagpur.,CASE0239
EV01972,P00334,Meeting,2025-08-12 20:59:47,Meeting noted near Patna Hub 52 in Bhopal.,CASE0092
EV01973,P01117,Observation,2022-04-03 10:34:27,Observation noted near Patna Hub 91 in Bengaluru.,CASE0106
EV01974,P00690,Observation,2022-11-25 05:49:31,Observation noted near Indore Tower 39 in Kolkata.,CASE0183
EV01975,P00467,Property Transfer,2025-06-01 15:33:10,Property Transfer noted near Patna Market 4 in Chennai.,CASE0192
EV01976,P00066,Observation,2024-05-02 03:47:32,Observation noted near Patna Hub 52 in Patna.,CASE0021
EV01977,P01438,Property Transfer,2024-06-03 09:43:24,Property Transfer noted near Visakhapatnam Junction 34 in Delhi.,CASE0012
EV01978,P01302,Observation,2024-09-22 07:27:03,Observation noted near Hyderabad Park 7 in Kolkata.,CASE0029
EV01979,P00256,Travel,2022-04-03 14:53:09,Travel noted near Kolkata Tower 75 in Delhi.,CASE0191
EV01980,P01430,Observation,2022-09-18 03:03:58,Observation noted near Indore Market 93 in Mumbai.,CASE0210
EV01981,P01443,Financial Activity,2025-11-07 17:15:50,Financial Activity noted near Guwahati Park 158 in Delhi.,CASE0003
EV01982,P00286,Property Transfer,2025-12-10 18:41:18,Property Transfer noted near Kolkata Hub 143 in Mumbai.,CASE0001
EV01983,P00055,Financial Activity,2023-09-09 03:59:14,Financial Activity noted near Guwahati Plaza 57 in Nagpur.,CASE0162
EV01984,P01331,Incident,2025-07-26 13:11:53,Incident noted near Visakhapatnam Market 50 in Mumbai.,CASE0024
EV01985,P01237,Travel,2023-01-29 05:10:01,Travel noted near Nagpur Tower 130 in Ahmedabad.,CASE0074
EV01986,P00866,Incident,2025-03-26 13:43:45,Incident noted near Nagpur Tower 104 in Guwahati.,CASE0133
EV01987,P01752,Travel,2025-01-19 00:32:45,Travel noted near Guwahati Hub 60 in Indore.,CASE0116
EV01988,P01509,Meeting,2024-07-14 01:38:44,Meeting noted near Bhopal Plaza 160 in Lucknow.,CASE0177
EV01989,P00920,Incident,2023-02-10 04:03:41,Incident noted near Ranchi Park 95 in Nagpur.,CASE0072
EV01990,P01495,Property Transfer,2023-04-16 17:13:17,Property Transfer noted near Mumbai Park 41 in Hyderabad.,CASE0056
EV01991,P00759,Financial Activity,2023-03-13 10:16:38,Financial Activity noted near Ranchi Colony 90 in Jaipur.,CASE0230
EV01992,P01509,Travel,2024-12-21 07:58:53,Travel noted near Guwahati Plaza 92 in Lucknow.,CASE0144
EV01993,P00094,Financial Activity,2022-02-11 19:27:27,Financial Activity noted near Kolkata Colony 127 in Lucknow.,CASE0190
EV01994,P01310,Financial Activity,2022-02-16 02:23:55,Financial Activity noted near Hyderabad Tower 10 in Ranchi.,CASE0213
EV01995,P01467,Observation,2023-04-02 16:07:42,Observation noted near Lucknow Park 53 in Chandigarh.,CASE0201
EV01996,P00229,Incident,2024-12-05 21:40:03,Incident noted near Kolkata Plaza 119 in Visakhapatnam.,CASE0050
EV01997,P00705,Incident,2025-04-22 22:01:39,Incident noted near Surat Hub 154 in Visakhapatnam.,CASE0156
EV01998,P00697,Property Transfer,2022-10-24 00:56:37,Property Transfer noted near Hyderabad Colony 145 in Chennai.,CASE0036
EV01999,P00210,Travel,2025-03-09 15:30:24,Travel noted near Ahmedabad Plaza 35 in Pune.,CASE0009
EV02000,P00776,Financial Activity,2024-12-08 02:29:51,Financial Activity noted near Jaipur Colony 114 in Delhi.,CASE0108
EV02001,P00394,Financial Activity,2022-12-10 23:06:49,Financial Activity noted near Guwahati Park 61 in Guwahati.,CASE0086
EV02002,P00408,Incident,2025-04-17 05:06:28,Incident noted near Kolkata Plaza 119 in Delhi.,CASE0170
EV02003,P01302,Property Transfer,2022-09-16 14:04:02,Property Transfer noted near Patna Market 70 in Kolkata.,CASE0049
EV02004,P00920,Travel,2025-09-10 11:58:50,Travel noted near Visakhapatnam Junction 110 in Nagpur.,CASE0023
EV02005,P00052,Travel,2025-01-29 18:21:36,Travel noted near Patna Hub 91 in Bengaluru.,CASE0180
EV02006,P01237,Travel,2024-12-06 09:45:44,Travel noted near Kolkata Park 15 in Ahmedabad.,CASE0103
EV02007,P00547,Observation,2025-11-07 21:48:52,Observation noted near Patna Hub 91 in Chandigarh.,CASE0030
EV02008,P01653,Incident,2025-06-09 00:28:07,Incident noted near Visakhapatnam Hub 112 in Delhi.,CASE0105
EV02009,P00229,Property Transfer,2025-03-22 15:35:59,Property Transfer noted near Kolkata Junction 45 in Visakhapatnam.,CASE0016
EV02010,P00547,Travel,2022-08-12 03:01:41,Travel noted near Visakhapatnam Tower 42 in Chandigarh.,CASE0185
EV02011,P00229,Financial Activity,2024-09-14 20:02:30,Financial Activity noted near Chennai Tower 134 in Visakhapatnam.,CASE0103
EV02012,P00467,Property Transfer,2022-07-04 20:48:18,Property Transfer noted near Ranchi Junction 140 in Chennai.,CASE0088
EV02013,P00055,Meeting,2024-03-20 23:56:04,Meeting noted near Nagpur Junction 36 in Nagpur.,CASE0233
EV02014,P00705,Observation,2022-08-21 15:44:08,Observation noted near Jaipur Colony 56 in Visakhapatnam.,CASE0156
EV02015,P01437,Observation,2022-05-07 15:01:54,Observation noted near Visakhapatnam Tower 124 in Kolkata.,CASE0100
EV02016,P00089,Travel,2023-02-20 05:21:20,Travel noted near Bhopal Plaza 160 in Guwahati.,CASE0156
EV02017,P01509,Incident,2022-03-28 14:13:49,Incident noted near Visakhapatnam Hub 112 in Lucknow.,CASE0075
EV02018,P00327,Travel,2025-02-16 02:25:30,Travel noted near Surat Hub 154 in Ranchi.,CASE0169
EV02019,P01709,Meeting,2025-06-03 10:56:48,Meeting noted near Patna Colony 77 in Patna.,CASE0099
EV02020,P01653,Meeting,2023-08-05 18:59:03,Meeting noted near Ranchi Plaza 100 in Delhi.,CASE0222
EV02021,P00705,Travel,2024-05-24 08:01:00,Travel noted near Kolkata Junction 45 in Visakhapatnam.,CASE0025
EV02022,P01117,Observation,2024-06-13 08:19:05,Observation noted near Ranchi Market 132 in Bengaluru.,CASE0230
EV02023,P01207,Observation,2025-03-03 23:17:30,Observation noted near Ahmedabad Plaza 35 in Kochi.,CASE0162
EV02024,P00143,Property Transfer,2023-07-15 14:32:28,Property Transfer noted near Indore Tower 128 in Mumbai.,CASE0170
EV02025,P01814,Observation,2023-08-22 09:01:58,Observation noted near Kolkata Tower 30 in Bhopal.,CASE0209
EV02026,P01651,Meeting,2022-10-19 01:02:08,Meeting noted near Visakhapatnam Junction 34 in Indore.,CASE0054
EV02027,P01781,Property Transfer,2024-09-01 03:43:54,Property Transfer noted near Mumbai Junction 88 in Kochi.,CASE0043
EV02028,P01752,Observation,2024-07-08 10:59:59,Observation noted near Visakhapatnam Market 50 in Indore.,CASE0237
EV02029,P00162,Travel,2024-10-07 04:20:54,Travel noted near Kochi Colony 148 in Lucknow.,CASE0172
EV02030,P00593,Incident,2024-02-10 13:44:53,Incident noted near Kolkata Hub 143 in Hyderabad.,CASE0131
EV02031,P01653,Travel,2025-03-28 08:49:30,Travel noted near Visakhapatnam Hub 38 in Delhi.,CASE0215
EV02032,P00920,Financial Activity,2022-03-21 12:02:23,Financial Activity noted near Pune Market 65 in Nagpur.,CASE0111
EV02033,P00776,Observation,2025-10-11 22:28:23,Observation noted near Delhi Park 47 in Delhi.,CASE0211
EV02034,P00477,Travel,2024-10-16 11:29:04,Travel noted near Bhopal Hub 113 in Kochi.,CASE0113
EV02035,P01814,Incident,2025-07-26 18:57:28,Incident noted near Hyderabad Colony 145 in Bhopal.,CASE0195
EV02036,P00062,Meeting,2022-08-07 14:06:43,Meeting noted near Guwahati Plaza 152 in Lucknow.,CASE0188
EV02037,P01584,Financial Activity,2022-06-03 18:12:02,Financial Activity noted near Chennai Hub 5 in Lucknow.,CASE0039
EV02038,P01467,Incident,2025-04-07 00:33:23,Incident noted near Kolkata Colony 127 in Chandigarh.,CASE0067
EV02039,P00394,Financial Activity,2023-01-19 18:21:20,Financial Activity noted near Visakhapatnam Hub 112 in Guwahati.,CASE0191
EV02040,P01288,Incident,2023-08-05 06:39:12,Incident noted near Guwahati Plaza 92 in Guwahati.,CASE0232
EV02041,P01233,Observation,2022-06-15 10:08:57,Observation noted near Chandigarh Hub 1 in Surat.,CASE0213
EV02042,P00467,Financial Activity,2025-07-26 05:13:44,Financial Activity noted near Kochi Plaza 107 in Chennai.,CASE0238
EV02043,P00441,Incident,2024-01-26 07:20:43,Incident noted near Delhi Junction 147 in Kolkata.,CASE0045
EV02044,P00143,Incident,2024-03-14 10:38:36,Incident noted near Guwahati Park 61 in Mumbai.,CASE0095
EV02045,P00477,Incident,2025-01-14 21:29:32,Incident noted near Hyderabad Market 131 in Kochi.,CASE0159
EV02046,P01310,Financial Activity,2024-02-16 11:57:49,Financial Activity noted near Bhopal Junction 58 in Ranchi.,CASE0063
EV02047,P00430,Property Transfer,2022-09-08 14:29:41,Property Transfer noted near Hyderabad Park 7 in Chennai.,CASE0148
EV02048,P01310,Travel,2024-01-09 13:15:21,Travel noted near Bhopal Park 68 in Ranchi.,CASE0092
EV02049,P00920,Financial Activity,2022-11-18 16:20:18,Financial Activity noted near Kochi Plaza 107 in Nagpur.,CASE0052
EV02050,P00179,Incident,2024-10-16 13:20:24,Incident noted near Nagpur Hub 118 in Bengaluru.,CASE0163
EV02051,P00143,Meeting,2022-02-12 21:40:41,Meeting noted near Guwahati Park 158 in Mumbai.,CASE0145
EV02052,P00334,Observation,2024-04-09 20:44:56,Observation noted near Jaipur Colony 114 in Bhopal.,CASE0123
EV02053,P01131,Travel,2024-09-02 13:33:32,Travel noted near Bhopal Park 68 in Kochi.,CASE0013
EV02054,P00210,Incident,2023-02-02 23:02:29,Incident noted near Nagpur Hub 118 in Pune.,CASE0009
EV02055,P01584,Incident,2023-11-24 23:42:03,Incident noted near Guwahati Hub 129 in Lucknow.,CASE0075
EV02056,P00467,Property Transfer,2023-08-14 22:51:12,Property Transfer noted near Guwahati Plaza 92 in Chennai.,CASE0128
EV02057,P01495,Observation,2023-04-24 05:58:27,Observation noted near Guwahati Hub 60 in Hyderabad.,CASE0234
EV02058,P00467,Meeting,2022-10-16 00:46:37,Meeting noted near Bhopal Junction 58 in Chennai.,CASE0081
EV02059,P01993,Financial Activity,2025-08-19 11:51:30,Financial Activity noted near Visakhapatnam Hub 123 in Kochi.,CASE0055
EV02060,P01814,Travel,2023-01-19 08:09:16,Travel noted near Mumbai Hub 55 in Bhopal.,CASE0026
EV02061,P00547,Financial Activity,2024-03-17 17:17:22,Financial Activity noted near Nagpur Plaza 106 in Chandigarh.,CASE0191
EV02062,P01993,Travel,2023-11-06 03:47:05,Travel noted near Hyderabad Park 7 in Kochi.,CASE0144
EV02063,P00094,Incident,2025-02-20 05:21:29,Incident noted near Delhi Junction 8 in Lucknow.,CASE0033
EV02064,P00736,Observation,2023-09-11 21:02:03,Observation noted near Indore Tower 39 in Ahmedabad.,CASE0108
EV02065,P01386,Travel,2022-07-24 00:29:55,Travel noted near Ahmedabad Plaza 33 in Ahmedabad.,CASE0226
EV02066,P01267,Travel,2024-12-07 06:32:07,Travel noted near Guwahati Plaza 57 in Chennai.,CASE0235
EV02067,P00941,Observation,2023-11-03 07:16:24,Observation noted near Kolkata Plaza 119 in Ahmedabad.,CASE0053
EV02068,P00502,Observation,2025-06-03 16:06:17,Observation noted near Hyderabad Colony 145 in Patna.,CASE0128
EV02069,P00452,Travel,2024-10-27 11:34:08,Travel noted near Nagpur Market 32 in Chandigarh.,CASE0075
EV02070,P00759,Meeting,2023-06-21 00:20:48,Meeting noted near Visakhapatnam Plaza 120 in Jaipur.,CASE0210
EV02071,P00207,Meeting,2023-04-14 08:54:53,Meeting noted near Visakhapatnam Market 50 in Mumbai.,CASE0145
EV02072,P01509,Financial Activity,2025-10-03 09:40:21,Financial Activity noted near Surat Plaza 40 in Lucknow.,CASE0054
EV02073,P00210,Travel,2023-09-08 03:43:16,Travel noted near Hyderabad Hub 12 in Pune.,CASE0063
EV02074,P00860,Property Transfer,2024-06-18 02:51:57,Property Transfer noted near Bhopal Plaza 160 in Kochi.,CASE0148
EV02075,P01237,Financial Activity,2023-11-15 13:34:51,Financial Activity noted near Chennai Colony 153 in Ahmedabad.,CASE0088
EV02076,P01131,Incident,2023-06-05 20:51:32,Incident noted near Indore Tower 128 in Kochi.,CASE0085
EV02077,P01467,Meeting,2024-05-11 01:27:01,Meeting noted near Nagpur Junction 36 in Chandigarh.,CASE0183
EV02078,P01814,Property Transfer,2025-02-20 04:35:21,Property Transfer noted near Surat Park 155 in Bhopal.,CASE0015
EV02079,P00779,Observation,2024-08-22 13:11:33,Observation noted near Patna Tower 13 in Delhi.,CASE0050
EV02080,P00286,Observation,2023-06-25 01:45:38,Observation noted near Visakhapatnam Colony 72 in Mumbai.,CASE0032
EV02081,P01207,Observation,2023-04-26 15:55:23,Observation noted near Jaipur Colony 56 in Kochi.,CASE0006
EV02082,P01736,Meeting,2023-08-10 18:52:55,Meeting noted near Jaipur Colony 114 in Lucknow.,CASE0219
EV02083,P01509,Observation,2022-01-20 17:23:49,Observation noted near Surat Tower 108 in Lucknow.,CASE0217
EV02084,P00210,Financial Activity,2023-06-07 17:54:04,Financial Activity noted near Ranchi Plaza 100 in Pune.,CASE0138
EV02085,P00776,Financial Activity,2025-08-22 05:22:28,Financial Activity noted near Guwahati Hub 60 in Delhi.,CASE0232
EV02086,P01517,Property Transfer,2024-03-10 13:47:10,Property Transfer noted near Nagpur Hub 26 in Lucknow.,CASE0018
EV02087,P01584,Meeting,2023-10-08 09:10:51,Meeting noted near Visakhapatnam Hub 38 in Lucknow.,CASE0217
EV02088,P00164,Travel,2022-02-07 09:48:51,Travel noted near Guwahati Park 61 in Indore.,CASE0118
EV02089,P00564,Meeting,2022-01-18 22:15:10,Meeting noted near Visakhapatnam Colony 6 in Surat.,CASE0126
EV02090,P00327,Financial Activity,2025-09-19 12:57:59,Financial Activity noted near Delhi Junction 147 in Ranchi.,CASE0033
EV02091,P01430,Property Transfer,2024-10-09 05:36:16,Property Transfer noted near Pune Junction 125 in Mumbai.,CASE0152
EV02092,P01210,Meeting,2022-06-14 12:59:50,Meeting noted near Mumbai Hub 55 in Patna.,CASE0028
EV02093,P00210,Financial Activity,2023-07-09 10:16:03,Financial Activity noted near Chennai Hub 5 in Pune.,CASE0212
EV02094,P00192,Travel,2023-12-08 12:34:06,Travel noted near Nagpur Tower 130 in Delhi.,CASE0014
EV02095,P00210,Observation,2025-02-27 12:32:16,Observation noted near Surat Hub 154 in Pune.,CASE0087
EV02096,P00502,Financial Activity,2025-02-28 01:58:50,Financial Activity noted near Visakhapatnam Tower 14 in Patna.,CASE0029
EV02097,P00192,Property Transfer,2022-11-04 05:46:41,Property Transfer noted near Delhi Park 47 in Delhi.,CASE0062
EV02098,P01467,Travel,2022-11-05 10:17:14,Travel noted near Patna Colony 77 in Chandigarh.,CASE0206
EV02099,P00334,Incident,2025-12-15 02:49:02,Incident noted near Visakhapatnam Junction 21 in Bhopal.,CASE0021
EV02100,P00776,Meeting,2025-08-31 05:25:42,Meeting noted near Nagpur Market 32 in Delhi.,CASE0238
EV02101,P01437,Meeting,2024-09-24 03:43:28,Meeting noted near Surat Hub 154 in Kolkata.,CASE0009
EV02102,P00865,Property Transfer,2022-07-30 06:33:24,Property Transfer noted near Chandigarh Tower 157 in Bengaluru.,CASE0053
EV02103,P00759,Property Transfer,2025-07-04 11:21:39,Property Transfer noted near Lucknow Park 19 in Jaipur.,CASE0165
EV02104,P00865,Financial Activity,2022-06-16 05:45:20,Financial Activity noted near Nagpur Junction 36 in Bengaluru.,CASE0106
EV02105,P01509,Financial Activity,2022-06-20 09:00:43,Financial Activity noted near Guwahati Park 61 in Lucknow.,CASE0083
EV02106,P00502,Travel,2024-03-05 05:36:54,Travel noted near Lucknow Park 94 in Patna.,CASE0196
EV02107,P01099,Travel,2023-05-18 16:27:43,Travel noted near Patna Hub 52 in Hyderabad.,CASE0060
EV02108,P01131,Incident,2023-10-07 02:47:49,Incident noted near Ranchi Market 132 in Kochi.,CASE0060
EV02109,P00593,Observation,2022-07-25 08:38:16,Observation noted near Mumbai Hub 55 in Hyderabad.,CASE0028
EV02110,P01467,Observation,2025-07-24 07:53:52,Observation noted near Bhopal Colony 97 in Chandigarh.,CASE0055
EV02111,P01386,Meeting,2022-06-04 13:42:01,Meeting noted near Visakhapatnam Tower 14 in Ahmedabad.,CASE0214
EV02112,P00055,Meeting,2024-11-07 15:43:54,Meeting noted near Nagpur Tower 130 in Nagpur.,CASE0078
EV02113,P01495,Incident,2024-02-28 15:34:28,Incident noted near Nagpur Plaza 106 in Hyderabad.,CASE0080
EV02114,P01233,Financial Activity,2025-12-21 01:20:46,Financial Activity noted near Jaipur Plaza 78 in Surat.,CASE0041
EV02115,P00062,Incident,2022-01-16 09:30:37,Incident noted near Surat Plaza 40 in Lucknow.,CASE0179
EV02116,P01961,Travel,2025-01-18 01:21:20,Travel noted near Lucknow Colony 87 in Guwahati.,CASE0081
EV02117,P00564,Travel,2024-08-04 10:06:38,Travel noted near Chandigarh Junction 44 in Surat.,CASE0171
EV02118,P00441,Travel,2025-11-20 00:29:23,Travel noted near Ranchi Junction 140 in Kolkata.,CASE0035
EV02119,P01993,Observation,2024-12-15 14:50:01,Observation noted near Nagpur Junction 37 in Kochi.,CASE0032
EV02120,P00014,Property Transfer,2025-11-14 03:26:22,Property Transfer noted near Bhopal Colony 97 in Hyderabad.,CASE0219
EV02121,P01519,Meeting,2025-05-16 12:46:39,Meeting noted near Surat Plaza 156 in Delhi.,CASE0094
EV02122,P00199,Observation,2025-09-25 22:12:15,Observation noted near Visakhapatnam Tower 124 in Ranchi.,CASE0089
EV02123,P01658,Meeting,2023-06-15 22:35:27,Meeting noted near Jaipur Colony 114 in Nagpur.,CASE0110
EV02124,P00286,Observation,2023-04-27 15:16:10,Observation noted near Chandigarh Hub 1 in Mumbai.,CASE0128
EV02125,P01828,Meeting,2024-08-07 15:40:19,Meeting noted near Jaipur Colony 56 in Chandigarh.,CASE0171
EV02126,P00866,Observation,2023-02-26 16:45:43,Observation noted near Nagpur Junction 37 in Guwahati.,CASE0040
EV02127,P00860,Financial Activity,2023-01-05 16:54:53,Financial Activity noted near Ranchi Colony 90 in Kochi.,CASE0124
EV02128,P00502,Property Transfer,2024-04-21 12:24:02,Property Transfer noted near Jaipur Plaza 78 in Patna.,CASE0034
EV02129,P00441,Observation,2023-09-02 21:48:34,Observation noted near Indore Hub 2 in Kolkata.,CASE0187
EV02130,P01035,Meeting,2025-11-23 15:44:16,Meeting noted near Patna Colony 77 in Chennai.,CASE0142
EV02131,P01467,Travel,2025-01-04 01:08:26,Travel noted near Nagpur Junction 51 in Chandigarh.,CASE0185
EV02132,P00190,Observation,2023-06-08 22:59:54,Observation noted near Ranchi Park 95 in Pune.,CASE0095
EV02133,P00089,Meeting,2024-03-04 19:32:15,Meeting noted near Pune Market 17 in Guwahati.,CASE0091
EV02134,P00779,Financial Activity,2025-07-30 01:20:12,Financial Activity noted near Lucknow Colony 29 in Delhi.,CASE0155
EV02135,P00601,Observation,2023-11-18 20:32:02,Observation noted near Ranchi Colony 90 in Chennai.,CASE0127
EV02136,P00229,Incident,2024-05-11 07:55:04,Incident noted near Hyderabad Tower 85 in Visakhapatnam.,CASE0168
EV02137,P01651,Incident,2022-01-10 12:35:44,Incident noted near Chennai Tower 134 in Indore.,CASE0152
EV02138,P00286,Incident,2023-06-12 04:39:59,Incident noted near Kolkata Plaza 119 in Mumbai.,CASE0201
EV02139,P01889,Incident,2023-04-27 16:10:11,Incident noted near Nagpur Junction 51 in Patna.,CASE0228
EV02140,P01961,Meeting,2025-04-10 22:09:15,Meeting noted near Guwahati Plaza 92 in Guwahati.,CASE0191
EV02141,P01509,Incident,2024-03-13 07:38:04,Incident noted near Guwahati Plaza 152 in Lucknow.,CASE0074
EV02142,P00408,Financial Activity,2024-02-25 00:18:08,Financial Activity noted near Patna Colony 77 in Delhi.,CASE0240
EV02143,P01207,Meeting,2024-05-14 20:43:49,Meeting noted near Guwahati Plaza 152 in Kochi.,CASE0079
EV02144,P00690,Financial Activity,2023-08-11 13:05:06,Financial Activity noted near Surat Park 155 in Kolkata.,CASE0087
EV02145,P01765,Observation,2023-12-13 04:36:17,Observation noted near Chandigarh Hub 74 in Delhi.,CASE0100
EV02146,P00190,Property Transfer,2023-09-04 10:12:59,Property Transfer noted near Lucknow Park 79 in Pune.,CASE0097
EV02147,P00014,Meeting,2025-02-13 22:48:25,Meeting noted near Indore Tower 146 in Hyderabad.,CASE0112
EV02148,P00327,Incident,2023-01-23 07:31:04,Incident noted near Kolkata Plaza 119 in Ranchi.,CASE0106
EV02149,P00192,Incident,2024-09-11 14:52:05,Incident noted near Ahmedabad Plaza 33 in Delhi.,CASE0121
EV02150,P00593,Property Transfer,2023-10-17 12:05:09,Property Transfer noted near Chandigarh Market 54 in Hyderabad.,CASE0132
EV02151,P01517,Meeting,2024-06-10 05:17:35,Meeting noted near Bhopal Park 68 in Lucknow.,CASE0029
EV02152,P01207,Meeting,2022-01-19 14:44:11,Meeting noted near Pune Colony 59 in Kochi.,CASE0135
EV02153,P00759,Incident,2024-07-18 06:49:02,Incident noted near Patna Hub 52 in Jaipur.,CASE0191
EV02154,P00728,Financial Activity,2024-08-30 22:18:22,Financial Activity noted near Kolkata Tower 75 in Patna.,CASE0220
EV02155,P01310,Incident,2023-11-14 07:56:20,Incident noted near Chandigarh Hub 74 in Ranchi.,CASE0108
EV02156,P01765,Meeting,2024-02-27 19:01:12,Meeting noted near Indore Park 109 in Delhi.,CASE0235
EV02157,P01736,Travel,2024-01-09 08:50:20,Travel noted near Lucknow Colony 149 in Lucknow.,CASE0026
EV02158,P00430,Incident,2022-10-18 12:08:24,Incident noted near Chennai Tower 24 in Chennai.,CASE0209
EV02159,P01035,Financial Activity,2023-05-17 01:48:46,Financial Activity noted near Hyderabad Park 81 in Chennai.,CASE0009
EV02160,P00697,Observation,2022-04-14 11:41:53,Observation noted near Hyderabad Colony 145 in Chennai.,CASE0022
EV02161,P01233,Meeting,2025-08-09 02:13:31,Meeting noted near Mumbai Hub 138 in Surat.,CASE0046
EV02162,P00601,Meeting,2025-02-28 11:49:07,Meeting noted near Indore Market 135 in Chennai.,CASE0121
EV02163,P00448,Meeting,2025-02-18 17:07:56,Meeting noted near Visakhapatnam Market 50 in Surat.,CASE0230
EV02164,P00741,Meeting,2025-01-08 14:05:57,Meeting noted near Kochi Plaza 107 in Ahmedabad.,CASE0213
EV02165,P01438,Meeting,2025-03-16 19:49:28,Meeting noted near Visakhapatnam Hub 38 in Delhi.,CASE0011
EV02166,P01150,Travel,2022-01-12 21:10:48,Travel noted near Surat Hub 9 in Guwahati.,CASE0231
EV02167,P01555,Travel,2024-06-25 22:04:32,Travel noted near Bhopal Junction 151 in Guwahati.,CASE0052
EV02168,P01651,Property Transfer,2024-04-26 23:44:29,Property Transfer noted near Guwahati Park 158 in Indore.,CASE0074
EV02169,P00066,Incident,2022-03-26 22:51:33,Incident noted near Kolkata Colony 127 in Patna.,CASE0058
EV02170,P01564,Observation,2025-01-05 10:16:25,Observation noted near Mumbai Park 41 in Kolkata.,CASE0228
EV02171,P01651,Property Transfer,2025-08-08 23:12:31,Property Transfer noted near Visakhapatnam Junction 110 in Indore.,CASE0214
EV02172,P01828,Travel,2025-02-05 04:48:02,Travel noted near Hyderabad Colony 145 in Chandigarh.,CASE0184
EV02173,P01373,Property Transfer,2025-03-17 20:21:12,Property Transfer noted near Pune Colony 59 in Jaipur.,CASE0137
EV02174,P01709,Financial Activity,2022-12-04 17:00:35,Financial Activity noted near Chennai Plaza 139 in Patna.,CASE0002
EV02175,P00408,Property Transfer,2023-04-03 19:37:16,Property Transfer noted near Kolkata Plaza 119 in Delhi.,CASE0224
EV02176,P00547,Meeting,2022-04-12 03:24:11,Meeting noted near Mumbai Hub 76 in Chandigarh.,CASE0007
EV02177,P00547,Travel,2023-08-23 08:19:24,Travel noted near Indore Tower 128 in Chandigarh.,CASE0208
EV02178,P01099,Property Transfer,2023-12-25 17:50:53,Property Transfer noted near Indore Hub 63 in Hyderabad.,CASE0016
EV02179,P00164,Travel,2022-07-19 10:27:21,Travel noted near Chennai Colony 48 in Indore.,CASE0237
EV02180,P00210,Travel,2024-10-17 16:19:33,Travel noted near Ranchi Colony 111 in Pune.,CASE0035
EV02181,P01517,Financial Activity,2023-06-23 23:30:36,Financial Activity noted near Patna Colony 77 in Lucknow.,CASE0090
EV02182,P01443,Property Transfer,2023-01-15 05:34:35,Property Transfer noted near Nagpur Junction 36 in Delhi.,CASE0225
EV02183,P01237,Property Transfer,2024-03-09 17:02:58,Property Transfer noted near Kochi Colony 148 in Ahmedabad.,CASE0049
EV02184,P00199,Financial Activity,2023-01-09 07:10:48,Financial Activity noted near Bhopal Hub 113 in Ranchi.,CASE0203
EV02185,P01828,Property Transfer,2022-07-21 02:11:16,Property Transfer noted near Bhopal Park 68 in Chandigarh.,CASE0018
EV02186,P00865,Property Transfer,2025-04-09 12:12:57,Property Transfer noted near Indore Market 136 in Bengaluru.,CASE0132
EV02187,P00570,Travel,2023-02-01 07:02:12,Travel noted near Indore Tower 128 in Chennai.,CASE0072
EV02188,P01131,Property Transfer,2025-03-31 15:25:45,Property Transfer noted near Lucknow Colony 29 in Kochi.,CASE0193
EV02189,P00441,Observation,2025-05-16 05:02:16,Observation noted near Ranchi Park 95 in Kolkata.,CASE0078
EV02190,P00286,Observation,2024-10-24 23:02:35,Observation noted near Delhi Hub 3 in Mumbai.,CASE0076
EV02191,P00094,Meeting,2023-09-30 01:42:29,Meeting noted near Jaipur Plaza 78 in Lucknow.,CASE0233
EV02192,P01781,Financial Activity,2024-01-12 10:05:37,Financial Activity noted near Kochi Market 28 in Kochi.,CASE0008
EV02193,P00929,Observation,2023-08-25 00:37:08,Observation noted near Chennai Hub 5 in Chandigarh.,CASE0130
EV02194,P00179,Financial Activity,2022-08-20 10:47:57,Financial Activity noted near Surat Plaza 122 in Bengaluru.,CASE0010
EV02195,P01467,Observation,2025-12-03 21:57:31,Observation noted near Kochi Tower 126 in Chandigarh.,CASE0070
EV02196,P01438,Travel,2023-11-18 08:18:13,Travel noted near Guwahati Plaza 92 in Delhi.,CASE0047
EV02197,P01781,Travel,2023-06-11 00:57:17,Travel noted near Hyderabad Hub 16 in Kochi.,CASE0032
EV02198,P00467,Incident,2025-06-08 02:40:03,Incident noted near Surat Plaza 40 in Chennai.,CASE0178
EV02199,P01373,Travel,2024-08-22 03:23:56,Travel noted near Hyderabad Park 7 in Jaipur.,CASE0062
EV02200,P01150,Observation,2023-07-08 22:00:26,Observation noted near Chandigarh Hub 1 in Guwahati.,CASE0067
EV02201,P00564,Travel,2024-12-09 21:18:08,Travel noted near Chennai Colony 48 in Surat.,CASE0057
EV02202,P00207,Property Transfer,2023-02-07 05:52:10,Property Transfer noted near Nagpur Junction 51 in Mumbai.,CASE0239
EV02203,P01437,Property Transfer,2024-10-28 10:27:02,Property Transfer noted near Guwahati Hub 129 in Kolkata.,CASE0207
EV02204,P00547,Property Transfer,2022-07-29 18:58:56,Property Transfer noted near Visakhapatnam Tower 14 in Chandigarh.,CASE0229
EV02205,P00210,Travel,2025-03-14 14:56:56,Travel noted near Lucknow Colony 87 in Pune.,CASE0142
EV02206,P00164,Property Transfer,2025-08-19 12:44:02,Property Transfer noted near Nagpur Tower 130 in Indore.,CASE0065
EV02207,P00207,Financial Activity,2023-06-17 02:14:16,Financial Activity noted near Patna Market 70 in Mumbai.,CASE0170
EV02208,P00467,Incident,2023-01-19 01:27:50,Incident noted near Kochi Park 117 in Chennai.,CASE0144
EV02209,P00394,Travel,2024-01-27 04:59:16,Travel noted near Visakhapatnam Junction 34 in Guwahati.,CASE0056
EV02210,P00759,Travel,2023-08-30 08:17:02,Travel noted near Hyderabad Tower 10 in Jaipur.,CASE0116
EV02211,P01467,Travel,2023-11-02 06:28:29,Travel noted near Bhopal Plaza 160 in Chandigarh.,CASE0174
EV02212,P01781,Property Transfer,2024-02-25 11:44:25,Property Transfer noted near Kochi Park 117 in Kochi.,CASE0037
EV02213,P00256,Meeting,2025-09-10 09:24:32,Meeting noted near Jaipur Plaza 78 in Delhi.,CASE0120
EV02214,P00601,Meeting,2023-01-06 04:10:45,Meeting noted near Pune Colony 59 in Chennai.,CASE0017
EV02215,P01288,Meeting,2024-03-20 13:59:35,Meeting noted near Kolkata Plaza 119 in Guwahati.,CASE0187
EV02216,P00179,Observation,2025-05-16 20:25:24,Observation noted near Kolkata Park 18 in Bengaluru.,CASE0171
EV02217,P00547,Travel,2025-06-07 02:20:21,Travel noted near Chennai Colony 48 in Chandigarh.,CASE0233
EV02218,P01709,Meeting,2024-03-13 02:49:02,Meeting noted near Pune Tower 71 in Patna.,CASE0159
EV02219,P00408,Meeting,2024-10-27 06:54:42,Meeting noted near Visakhapatnam Colony 6 in Delhi.,CASE0002
EV02220,P01993,Observation,2023-08-21 17:00:23,Observation noted near Delhi Junction 147 in Kochi.,CASE0088
EV02221,P01781,Observation,2023-05-03 06:25:06,Observation noted near Ranchi Market 132 in Kochi.,CASE0193
EV02222,P01919,Property Transfer,2022-02-13 10:26:03,Property Transfer noted near Guwahati Park 61 in Ahmedabad.,CASE0077
EV02223,P00430,Meeting,2025-06-26 05:25:49,Meeting noted near Delhi Park 49 in Chennai.,CASE0206
EV02224,P00089,Observation,2024-03-05 03:32:56,Observation noted near Delhi Park 47 in Guwahati.,CASE0130
EV02225,P00441,Observation,2022-10-03 03:25:38,Observation noted near Ranchi Junction 140 in Kolkata.,CASE0101
EV02226,P01919,Travel,2023-03-30 11:21:45,Travel noted near Mumbai Hub 76 in Ahmedabad.,CASE0123
EV02227,P00210,Observation,2023-03-04 05:04:57,Observation noted near Indore Junction 101 in Pune.,CASE0073
EV02228,P01437,Incident,2025-06-12 20:33:12,Incident noted near Patna Market 4 in Kolkata.,CASE0152
EV02229,P00776,Incident,2025-02-26 13:00:46,Incident noted near Visakhapatnam Junction 110 in Delhi.,CASE0135
EV02230,P01919,Financial Activity,2022-09-15 00:07:26,Financial Activity noted near Delhi Hub 3 in Ahmedabad.,CASE0004
EV02231,P01237,Property Transfer,2022-03-30 04:56:32,Property Transfer noted near Visakhapatnam Market 84 in Ahmedabad.,CASE0015
EV02232,P00741,Financial Activity,2022-06-08 01:27:47,Financial Activity noted near Kolkata Tower 30 in Ahmedabad.,CASE0027
EV02233,P01288,Observation,2024-02-04 22:45:11,Observation noted near Patna Colony 77 in Guwahati.,CASE0151
EV02234,P00728,Financial Activity,2023-05-27 12:26:38,Financial Activity noted near Surat Hub 154 in Patna.,CASE0131
EV02235,P00748,Meeting,2025-08-07 21:25:20,Meeting noted near Chennai Park 96 in Bhopal.,CASE0105
EV02236,P00866,Meeting,2024-04-19 07:54:08,Meeting noted near Indore Market 23 in Guwahati.,CASE0012
EV02237,P00066,Property Transfer,2024-06-30 14:54:46,Property Transfer noted near Delhi Hub 3 in Patna.,CASE0167
EV02238,P00448,Travel,2022-07-06 02:50:00,Travel noted near Chandigarh Junction 44 in Surat.,CASE0106
EV02239,P00143,Observation,2023-09-13 01:28:01,Observation noted near Kochi Tower 126 in Mumbai.,CASE0040
EV02240,P01355,Financial Activity,2022-10-22 18:02:04,Financial Activity noted near Patna Tower 13 in Visakhapatnam.,CASE0032
EV02241,P00547,Incident,2023-05-30 21:02:56,Incident noted near Guwahati Junction 159 in Chandigarh.,CASE0120
EV02242,P00190,Observation,2025-01-23 03:20:24,Observation noted near Patna Hub 52 in Pune.,CASE0238
EV02243,P01035,Travel,2023-02-11 08:07:54,Travel noted near Bhopal Plaza 160 in Chennai.,CASE0235
EV02244,P00741,Property Transfer,2025-10-05 17:08:58,Property Transfer noted near Lucknow Park 19 in Ahmedabad.,CASE0140
EV02245,P00866,Travel,2025-06-27 21:13:54,Travel noted near Mumbai Hub 138 in Guwahati.,CASE0215
EV02246,P00441,Meeting,2023-04-13 04:17:05,Meeting noted near Patna Hub 91 in Kolkata.,CASE0010
EV02247,P00728,Observation,2024-08-06 12:42:52,Observation noted near Kochi Park 121 in Patna.,CASE0036
EV02248,P00736,Incident,2025-07-12 06:24:40,Incident noted near Ranchi Colony 111 in Ahmedabad.,CASE0081
EV02249,P00210,Meeting,2024-05-24 02:39:27,Meeting noted near Nagpur Junction 37 in Pune.,CASE0160
EV02250,P00066,Financial Activity,2024-12-02 22:38:03,Financial Activity noted near Kolkata Tower 30 in Patna.,CASE0045
EV02251,P00866,Observation,2022-11-22 00:17:21,Observation noted near Chennai Tower 24 in Guwahati.,CASE0002
EV02252,P00055,Travel,2025-03-21 10:37:33,Travel noted near Jaipur Colony 114 in Nagpur.,CASE0119
EV02253,P01207,Financial Activity,2024-11-18 07:03:56,Financial Activity noted near Delhi Hub 3 in Kochi.,CASE0057
EV02254,P00190,Travel,2025-10-20 03:21:17,Travel noted near Surat Hub 9 in Pune.,CASE0129
EV02255,P01331,Property Transfer,2024-01-31 05:16:35,Property Transfer noted near Visakhapatnam Tower 14 in Mumbai.,CASE0027
EV02256,P01509,Meeting,2025-09-28 13:02:40,Meeting noted near Lucknow Park 79 in Lucknow.,CASE0119
EV02257,P00430,Travel,2023-03-11 08:14:17,Travel noted near Nagpur Hub 118 in Chennai.,CASE0024
EV02258,P00256,Meeting,2022-05-10 02:05:29,Meeting noted near Jaipur Colony 56 in Delhi.,CASE0011
EV02259,P01437,Observation,2025-12-30 23:49:40,Observation noted near Lucknow Park 94 in Kolkata.,CASE0050
EV02260,P01467,Travel,2024-12-09 03:10:57,Travel noted near Hyderabad Plaza 22 in Chandigarh.,CASE0002
EV02261,P01993,Incident,2022-07-10 15:25:04,Incident noted near Lucknow Plaza 142 in Kochi.,CASE0230
EV02262,P01267,Travel,2025-10-28 07:14:26,Travel noted near Hyderabad Park 7 in Chennai.,CASE0168
EV02263,P00164,Observation,2025-09-16 10:10:17,Observation noted near Kochi Tower 144 in Indore.,CASE0216
EV02264,P00929,Incident,2022-10-02 13:23:31,Incident noted near Chandigarh Plaza 89 in Chandigarh.,CASE0195
EV02265,P01775,Property Transfer,2025-02-20 15:20:47,Property Transfer noted near Hyderabad Tower 85 in Kolkata.,CASE0029
EV02266,P01437,Financial Activity,2022-02-22 07:12:13,Financial Activity noted near Bengaluru Tower 66 in Kolkata.,CASE0014
EV02267,P00192,Travel,2025-05-16 18:16:15,Travel noted near Chennai Hub 5 in Delhi.,CASE0050
EV02268,P00759,Property Transfer,2022-10-31 07:06:04,Property Transfer noted near Surat Hub 9 in Jaipur.,CASE0038
EV02269,P01443,Incident,2023-02-09 23:12:16,Incident noted near Bhopal Hub 113 in Delhi.,CASE0142
EV02270,P00089,Incident,2022-01-14 02:17:20,Incident noted near Kochi Colony 148 in Guwahati.,CASE0156
EV02271,P00776,Observation,2024-05-30 06:40:16,Observation noted near Lucknow Junction 137 in Delhi.,CASE0071
EV02272,P00094,Financial Activity,2025-01-13 12:42:24,Financial Activity noted near Visakhapatnam Tower 14 in Lucknow.,CASE0147
EV02273,P01584,Travel,2024-06-03 19:36:28,Travel noted near Indore Hub 2 in Lucknow.,CASE0079
EV02274,P00430,Financial Activity,2022-01-20 21:41:06,Financial Activity noted near Indore Tower 146 in Chennai.,CASE0039
EV02275,P01438,Observation,2025-02-24 04:29:59,Observation noted near Bhopal Hub 113 in Delhi.,CASE0148
EV02276,P01993,Travel,2023-07-24 12:45:17,Travel noted near Chennai Colony 153 in Kochi.,CASE0073
EV02277,P00601,Meeting,2025-02-13 06:30:57,Meeting noted near Visakhapatnam Tower 14 in Chennai.,CASE0127
EV02278,P00741,Financial Activity,2022-04-30 00:16:09,Financial Activity noted near Pune Junction 25 in Ahmedabad.,CASE0214
EV02279,P01183,Financial Activity,2023-12-24 03:02:47,Financial Activity noted near Visakhapatnam Tower 42 in Bhopal.,CASE0161
EV02280,P00052,Observation,2022-08-17 03:08:38,Observation noted near Ranchi Market 132 in Bengaluru.,CASE0085
EV02281,P01373,Financial Activity,2023-06-26 15:10:41,Financial Activity noted near Delhi Park 49 in Jaipur.,CASE0039
EV02282,P01651,Financial Activity,2024-12-02 23:04:28,Financial Activity noted near Chandigarh Market 54 in Indore.,CASE0054
EV02283,P00162,Incident,2024-11-18 06:53:06,Incident noted near Nagpur Market 32 in Lucknow.,CASE0209
EV02284,P00866,Property Transfer,2024-05-23 06:57:15,Property Transfer noted near Lucknow Park 94 in Guwahati.,CASE0184
EV02285,P00502,Meeting,2022-11-26 05:38:55,Meeting noted near Bhopal Junction 58 in Patna.,CASE0138
EV02286,P00143,Observation,2023-07-28 11:20:57,Observation noted near Nagpur Junction 36 in Mumbai.,CASE0160
EV02287,P01310,Property Transfer,2024-01-22 13:57:11,Property Transfer noted near Ahmedabad Plaza 33 in Ranchi.,CASE0034
EV02288,P00776,Observation,2022-12-11 13:26:23,Observation noted near Kochi Market 28 in Delhi.,CASE0021
EV02289,P01150,Meeting,2023-10-30 00:53:24,Meeting noted near Delhi Park 47 in Guwahati.,CASE0211
EV02290,P00199,Travel,2023-10-10 02:27:05,Travel noted near Bhopal Hub 113 in Ranchi.,CASE0120
EV02291,P00055,Incident,2024-10-12 07:04:11,Incident noted near Mumbai Hub 138 in Nagpur.,CASE0187
EV02292,P01355,Property Transfer,2023-05-27 22:04:48,Property Transfer noted near Mumbai Junction 88 in Visakhapatnam.,CASE0018
EV02293,P00052,Observation,2022-02-05 23:32:35,Observation noted near Bhopal Colony 97 in Bengaluru.,CASE0095
EV02294,P00089,Incident,2023-12-27 03:33:05,Incident noted near Surat Hub 9 in Guwahati.,CASE0005
EV02295,P01555,Property Transfer,2022-11-29 22:47:21,Property Transfer noted near Delhi Park 49 in Guwahati.,CASE0223
EV02296,P01438,Observation,2025-01-09 22:58:20,Observation noted near Indore Market 135 in Delhi.,CASE0122
EV02297,P01099,Property Transfer,2023-06-29 19:58:24,Property Transfer noted near Chennai Park 96 in Hyderabad.,CASE0143
EV02298,P01331,Observation,2025-10-26 12:10:14,Observation noted near Nagpur Tower 104 in Mumbai.,CASE0052
EV02299,P00705,Meeting,2024-06-29 18:06:00,Meeting noted near Surat Tower 108 in Visakhapatnam.,CASE0237
EV02300,P01889,Incident,2023-11-21 01:30:17,Incident noted near Surat Tower 108 in Patna.,CASE0070
EV02301,P00477,Financial Activity,2025-02-22 00:08:15,Financial Activity noted near Kolkata Park 18 in Kochi.,CASE0009
EV02302,P01736,Incident,2024-02-21 06:21:24,Incident noted near Indore Tower 146 in Lucknow.,CASE0204
EV02303,P00502,Financial Activity,2024-07-14 01:49:50,Financial Activity noted near Visakhapatnam Junction 21 in Patna.,CASE0213
EV02304,P00690,Observation,2023-04-16 00:47:56,Observation noted near Patna Hub 52 in Kolkata.,CASE0108
EV02305,P01331,Observation,2023-09-06 16:16:39,Observation noted near Delhi Junction 147 in Mumbai.,CASE0079
EV02306,P00866,Financial Activity,2024-07-17 14:41:33,Financial Activity noted near Chennai Colony 153 in Guwahati.,CASE0146
EV02307,P01519,Observation,2022-10-09 23:29:27,Observation noted near Chandigarh Market 54 in Delhi.,CASE0070
EV02308,P01150,Property Transfer,2023-12-30 20:47:30,Property Transfer noted near Mumbai Hub 76 in Guwahati.,CASE0230
EV02309,P00593,Observation,2022-05-20 05:16:04,Observation noted near Kochi Park 117 in Hyderabad.,CASE0084
EV02310,P00094,Observation,2025-02-08 00:38:22,Observation noted near Pune Junction 125 in Lucknow.,CASE0083
EV02311,P01993,Property Transfer,2023-12-17 07:52:03,Property Transfer noted near Hyderabad Plaza 102 in Kochi.,CASE0238
EV02312,P00229,Property Transfer,2023-11-25 09:49:03,Property Transfer noted near Guwahati Park 61 in Visakhapatnam.,CASE0073
EV02313,P00865,Incident,2025-08-13 21:31:01,Incident noted near Visakhapatnam Tower 124 in Bengaluru.,CASE0095
EV02314,P01210,Financial Activity,2024-05-06 00:44:59,Financial Activity noted near Hyderabad Park 7 in Patna.,CASE0136
EV02315,P01919,Incident,2025-06-07 06:03:09,Incident noted near Kolkata Park 15 in Ahmedabad.,CASE0124
EV02316,P00941,Property Transfer,2023-11-08 08:09:34,Property Transfer noted near Kolkata Colony 127 in Ahmedabad.,CASE0129
EV02317,P00759,Property Transfer,2022-08-28 22:01:01,Property Transfer noted near Visakhapatnam Plaza 120 in Jaipur.,CASE0077
EV02318,P01443,Incident,2023-01-03 01:38:53,Incident noted near Pune Junction 25 in Delhi.,CASE0103
EV02319,P00327,Financial Activity,2023-01-31 13:12:21,Financial Activity noted near Jaipur Market 31 in Ranchi.,CASE0016
EV02320,P01302,Meeting,2024-12-09 09:29:57,Meeting noted near Kochi Park 117 in Kolkata.,CASE0216
EV02321,P00062,Property Transfer,2022-08-21 09:12:31,Property Transfer noted near Surat Plaza 122 in Lucknow.,CASE0214
EV02322,P00929,Observation,2025-08-19 09:52:50,Observation noted near Indore Market 135 in Chandigarh.,CASE0068
EV02323,P01386,Observation,2022-10-23 12:54:40,Observation noted near Visakhapatnam Tower 124 in Ahmedabad.,CASE0183
EV02324,P00430,Observation,2025-07-12 04:10:13,Observation noted near Mumbai Park 41 in Chennai.,CASE0160
EV02325,P00192,Property Transfer,2024-04-20 01:46:23,Property Transfer noted near Indore Market 83 in Delhi.,CASE0155
EV02326,P01584,Meeting,2023-05-21 06:23:58,Meeting noted near Lucknow Park 19 in Lucknow.,CASE0008
EV02327,P00207,Financial Activity,2023-10-07 10:00:57,Financial Activity noted near Chennai Colony 153 in Mumbai.,CASE0049
EV02328,P00327,Travel,2023-07-11 21:24:54,Travel noted near Pune Market 17 in Ranchi.,CASE0079
EV02329,P00319,Property Transfer,2024-11-11 12:58:39,Property Transfer noted near Chennai Plaza 139 in Bengaluru.,CASE0123
EV02330,P01183,Observation,2023-05-06 21:05:29,Observation noted near Delhi Hub 3 in Bhopal.,CASE0152
EV02331,P00334,Observation,2025-12-16 01:52:38,Observation noted near Nagpur Market 32 in Bhopal.,CASE0201
EV02332,P00164,Observation,2022-08-06 01:19:27,Observation noted near Delhi Colony 133 in Indore.,CASE0215
EV02333,P01386,Observation,2022-04-06 02:31:49,Observation noted near Ranchi Market 132 in Ahmedabad.,CASE0121
EV02334,P00286,Property Transfer,2022-06-14 05:17:58,Property Transfer noted near Hyderabad Park 7 in Mumbai.,CASE0237
EV02335,P01814,Travel,2025-07-25 19:03:06,Travel noted near Mumbai Plaza 27 in Bhopal.,CASE0092
EV02336,P00394,Observation,2024-03-02 10:24:09,Observation noted near Mumbai Plaza 27 in Guwahati.,CASE0104
EV02337,P00458,Meeting,2025-03-08 08:42:13,Meeting noted near Delhi Colony 133 in Ranchi.,CASE0010
EV02338,P00256,Observation,2024-03-04 00:46:57,Observation noted near Nagpur Tower 104 in Delhi.,CASE0016
EV02339,P01919,Incident,2024-09-17 01:07:02,Incident noted near Ahmedabad Plaza 33 in Ahmedabad.,CASE0052
EV02340,P01302,Travel,2022-01-16 04:52:23,Travel noted near Guwahati Plaza 57 in Kolkata.,CASE0036
EV02341,P01467,Incident,2023-12-20 15:07:28,Incident noted near Visakhapatnam Plaza 120 in Chandigarh.,CASE0207
EV02342,P01736,Observation,2024-01-28 03:15:03,Observation noted near Bhopal Hub 113 in Lucknow.,CASE0024
EV02343,P00094,Incident,2024-04-17 19:17:31,Incident noted near Kochi Park 121 in Lucknow.,CASE0166
EV02344,P00467,Travel,2022-04-09 04:05:06,Travel noted near Bhopal Colony 97 in Chennai.,CASE0007
EV02345,P00319,Property Transfer,2025-08-24 20:23:08,Property Transfer noted near Nagpur Junction 116 in Bengaluru.,CASE0063
EV02346,P01752,Incident,2022-03-02 20:44:22,Incident noted near Delhi Junction 147 in Indore.,CASE0067
EV02347,P01993,Meeting,2023-04-06 19:09:31,Meeting noted near Jaipur Colony 56 in Kochi.,CASE0188
EV02348,P01584,Financial Activity,2022-02-03 12:37:20,Financial Activity noted near Hyderabad Park 81 in Lucknow.,CASE0220
EV02349,P00570,Observation,2022-02-01 16:24:27,Observation noted near Chennai Colony 153 in Chennai.,CASE0123
EV02350,P00207,Incident,2023-07-09 05:49:21,Incident noted near Surat Hub 20 in Mumbai.,CASE0065
EV02351,P00741,Property Transfer,2024-09-01 06:20:24,Property Transfer noted near Lucknow Colony 73 in Ahmedabad.,CASE0183
EV02352,P01386,Travel,2023-08-12 15:47:12,Travel noted near Hyderabad Park 7 in Ahmedabad.,CASE0195
EV02353,P00089,Travel,2025-10-10 05:42:16,Travel noted near Delhi Junction 8 in Guwahati.,CASE0027
EV02354,P01355,Incident,2025-02-20 00:31:38,Incident noted near Surat Plaza 122 in Visakhapatnam.,CASE0235
EV02355,P01495,Observation,2025-07-02 20:57:58,Observation noted near Nagpur Market 32 in Hyderabad.,CASE0173
EV02356,P00570,Financial Activity,2023-12-28 18:44:39,Financial Activity noted near Guwahati Plaza 92 in Chennai.,CASE0161
EV02357,P01373,Observation,2024-05-19 06:33:01,Observation noted near Nagpur Junction 51 in Jaipur.,CASE0034
EV02358,P01267,Property Transfer,2022-05-24 05:18:13,Property Transfer noted near Pune Tower 71 in Chennai.,CASE0132
EV02359,P00779,Property Transfer,2025-10-22 14:09:15,Property Transfer noted near Chennai Colony 153 in Delhi.,CASE0077
EV02360,P00229,Property Transfer,2025-08-15 03:46:25,Property Transfer noted near Visakhapatnam Junction 110 in Visakhapatnam.,CASE0148
EV02361,P00190,Meeting,2024-06-20 17:35:41,Meeting noted near Hyderabad Park 81 in Pune.,CASE0112
EV02362,P00929,Travel,2025-06-01 08:31:53,Travel noted near Surat Hub 9 in Chandigarh.,CASE0062
EV02363,P01443,Property Transfer,2022-05-25 20:47:55,Property Transfer noted near Indore Market 83 in Delhi.,CASE0142
EV02364,P01183,Property Transfer,2025-10-15 02:53:46,Property Transfer noted near Nagpur Hub 103 in Bhopal.,CASE0218
EV02365,P00055,Property Transfer,2024-06-24 02:06:55,Property Transfer noted near Nagpur Junction 36 in Nagpur.,CASE0113
EV02366,P00190,Observation,2023-07-12 15:44:39,Observation noted near Guwahati Hub 129 in Pune.,CASE0130
EV02367,P01117,Financial Activity,2023-01-04 20:21:46,Financial Activity noted near Guwahati Plaza 92 in Bengaluru.,CASE0124
EV02368,P01099,Observation,2023-09-05 23:02:18,Observation noted near Hyderabad Market 131 in Hyderabad.,CASE0147
EV02369,P00143,Incident,2023-08-04 01:52:30,Incident noted near Kochi Park 115 in Mumbai.,CASE0050
EV02370,P00210,Property Transfer,2025-06-13 11:54:31,Property Transfer noted near Chandigarh Colony 99 in Pune.,CASE0187
EV02371,P01437,Observation,2022-01-16 02:52:23,Observation noted near Visakhapatnam Tower 14 in Kolkata.,CASE0145
EV02372,P01430,Financial Activity,2022-04-07 21:06:12,Financial Activity noted near Nagpur Hub 26 in Mumbai.,CASE0066
EV02373,P00564,Incident,2024-07-08 19:49:10,Incident noted near Indore Junction 101 in Surat.,CASE0227
EV02374,P00334,Incident,2022-06-01 02:45:41,Incident noted near Indore Market 136 in Bhopal.,CASE0042
EV02375,P01207,Property Transfer,2022-08-30 01:11:26,Property Transfer noted near Jaipur Colony 114 in Kochi.,CASE0114
EV02376,P00736,Observation,2025-03-23 04:58:54,Observation noted near Chandigarh Market 54 in Ahmedabad.,CASE0030
EV02377,P01651,Travel,2025-01-22 21:34:08,Travel noted near Visakhapatnam Hub 112 in Indore.,CASE0200
EV02378,P00430,Travel,2025-10-01 23:50:28,Travel noted near Chennai Plaza 139 in Chennai.,CASE0076
EV02379,P00164,Incident,2025-07-13 09:53:23,Incident noted near Nagpur Junction 51 in Indore.,CASE0140
EV02380,P00929,Meeting,2024-04-04 14:55:35,Meeting noted near Patna Market 67 in Chandigarh.,CASE0116
EV02381,P01467,Incident,2025-02-16 21:34:33,Incident noted near Chennai Plaza 139 in Chandigarh.,CASE0113
EV02382,P00192,Meeting,2022-12-21 14:45:01,Meeting noted near Lucknow Colony 29 in Delhi.,CASE0063
EV02383,P01302,Travel,2024-01-08 10:11:30,Travel noted near Indore Junction 101 in Kolkata.,CASE0075
EV02384,P01564,Property Transfer,2024-09-09 17:47:07,Property Transfer noted near Lucknow Junction 137 in Kolkata.,CASE0169
EV02385,P00448,Financial Activity,2023-01-26 18:13:10,Financial Activity noted near Visakhapatnam Market 84 in Surat.,CASE0081
EV02386,P00736,Incident,2024-07-28 08:32:10,Incident noted near Guwahati Hub 129 in Ahmedabad.,CASE0118
EV02387,P00941,Property Transfer,2023-12-16 17:46:34,Property Transfer noted near Surat Hub 154 in Ahmedabad.,CASE0188
EV02388,P01781,Meeting,2022-11-29 06:42:50,Meeting noted near Surat Plaza 122 in Kochi.,CASE0067
EV02389,P01131,Financial Activity,2023-06-17 14:28:05,Financial Activity noted near Hyderabad Hub 12 in Kochi.,CASE0174
EV02390,P00286,Property Transfer,2024-02-01 18:44:58,Property Transfer noted near Hyderabad Hub 16 in Mumbai.,CASE0077
EV02391,P01035,Travel,2024-08-26 03:56:36,Travel noted near Chandigarh Hub 74 in Chennai.,CASE0012
EV02392,P01584,Travel,2025-11-23 08:24:46,Travel noted near Kolkata Park 15 in Lucknow.,CASE0146
EV02393,P01993,Observation,2023-01-31 22:33:03,Observation noted near Lucknow Colony 29 in Kochi.,CASE0153
EV02394,P01437,Meeting,2023-09-12 17:24:26,Meeting noted near Visakhapatnam Tower 14 in Kolkata.,CASE0038
EV02395,P00697,Incident,2022-06-17 16:12:27,Incident noted near Visakhapatnam Tower 42 in Chennai.,CASE0116
EV02396,P00408,Incident,2025-06-11 16:10:51,Incident noted near Surat Park 155 in Delhi.,CASE0191
EV02397,P01183,Observation,2025-11-11 06:18:22,Observation noted near Guwahati Hub 60 in Bhopal.,CASE0185
EV02398,P01993,Incident,2024-05-29 09:19:53,Incident noted near Kochi Tower 144 in Kochi.,CASE0150
EV02399,P01288,Meeting,2024-03-04 15:09:04,Meeting noted near Kolkata Plaza 119 in Guwahati.,CASE0032
EV02400,P00866,Incident,2023-01-04 03:39:42,Incident noted near Ranchi Plaza 100 in Guwahati.,CASE0026
EV02401,P01207,Meeting,2025-03-08 13:54:02,Meeting noted near Nagpur Junction 51 in Kochi.,CASE0169
EV02402,P00467,Travel,2022-07-05 04:48:00,Travel noted near Guwahati Hub 129 in Chennai.,CASE0188
EV02403,P01752,Meeting,2025-02-14 00:50:06,Meeting noted near Nagpur Junction 116 in Indore.,CASE0094
EV02404,P00748,Financial Activity,2022-12-09 12:29:01,Financial Activity noted near Lucknow Junction 137 in Bhopal.,CASE0003
EV02405,P00564,Meeting,2023-11-25 10:44:07,Meeting noted near Lucknow Junction 137 in Surat.,CASE0165
EV02406,P00860,Financial Activity,2022-06-24 00:53:55,Financial Activity noted near Nagpur Junction 36 in Kochi.,CASE0134
EV02407,P01765,Financial Activity,2022-12-08 01:02:12,Financial Activity noted near Hyderabad Hub 16 in Delhi.,CASE0102
EV02408,P00866,Observation,2024-06-11 23:20:56,Observation noted near Lucknow Colony 29 in Guwahati.,CASE0197
EV02409,P01302,Property Transfer,2025-04-19 04:29:55,Property Transfer noted near Pune Market 17 in Kolkata.,CASE0090
EV02410,P01961,Financial Activity,2022-10-25 14:19:27,Financial Activity noted near Mumbai Hub 76 in Guwahati.,CASE0102
EV02411,P00920,Property Transfer,2022-04-12 22:54:15,Property Transfer noted near Surat Tower 108 in Nagpur.,CASE0168
EV02412,P00286,Observation,2025-09-16 13:26:18,Observation noted near Chennai Park 96 in Mumbai.,CASE0068
EV02413,P01131,Incident,2022-02-03 01:05:57,Incident noted near Guwahati Hub 60 in Kochi.,CASE0165
EV02414,P00697,Observation,2025-11-07 20:45:27,Observation noted near Lucknow Plaza 142 in Chennai.,CASE0172
EV02415,P01438,Incident,2025-09-19 07:10:15,Incident noted near Nagpur Junction 51 in Delhi.,CASE0060
EV02416,P01035,Financial Activity,2023-09-13 23:43:02,Financial Activity noted near Hyderabad Colony 145 in Chennai.,CASE0075
EV02417,P00408,Property Transfer,2025-06-22 23:56:32,Property Transfer noted near Ranchi Junction 140 in Delhi.,CASE0033
EV02418,P00192,Incident,2022-01-28 00:38:03,Incident noted near Indore Hub 63 in Delhi.,CASE0023
EV02419,P00458,Meeting,2024-08-21 07:14:11,Meeting noted near Indore Tower 128 in Ranchi.,CASE0235
EV02420,P00062,Travel,2025-05-18 00:23:55,Travel noted near Lucknow Junction 137 in Lucknow.,CASE0175
EV02421,P01653,Incident,2023-04-20 15:48:11,Incident noted near Delhi Junction 8 in Delhi.,CASE0173
EV02422,P00542,Observation,2025-06-05 14:29:05,Observation noted near Ranchi Junction 140 in Nagpur.,CASE0215
EV02423,P00052,Financial Activity,2025-04-11 19:31:56,Financial Activity noted near Hyderabad Hub 12 in Bengaluru.,CASE0005
EV02424,P01237,Property Transfer,2023-12-08 08:05:32,Property Transfer noted near Indore Junction 101 in Ahmedabad.,CASE0023
EV02425,P01828,Meeting,2024-01-31 17:47:33,Meeting noted near Lucknow Junction 137 in Chandigarh.,CASE0012
EV02426,P00502,Incident,2024-10-02 07:02:37,Incident noted near Chandigarh Junction 44 in Patna.,CASE0222
EV02427,P01584,Observation,2025-10-15 06:03:13,Observation noted near Chandigarh Tower 157 in Lucknow.,CASE0125
EV02428,P00779,Observation,2023-04-28 10:00:19,Observation noted near Hyderabad Park 81 in Delhi.,CASE0103
EV02429,P00190,Incident,2025-01-10 13:13:59,Incident noted near Delhi Hub 3 in Pune.,CASE0218
EV02430,P01993,Property Transfer,2023-05-15 19:39:30,Property Transfer noted near Ranchi Plaza 100 in Kochi.,CASE0231
EV02431,P00776,Meeting,2025-05-30 00:07:07,Meeting noted near Pune Junction 25 in Delhi.,CASE0061
EV02432,P01709,Observation,2023-10-30 00:51:23,Observation noted near Visakhapatnam Plaza 120 in Patna.,CASE0054
EV02433,P00286,Property Transfer,2024-08-04 03:10:46,Property Transfer noted near Nagpur Hub 26 in Mumbai.,CASE0153
EV02434,P01183,Property Transfer,2022-12-15 23:32:32,Property Transfer noted near Chennai Tower 24 in Bhopal.,CASE0201
EV02435,P01438,Observation,2023-03-07 07:20:46,Observation noted near Ahmedabad Tower 98 in Delhi.,CASE0014
EV02436,P00570,Incident,2025-08-09 23:28:50,Incident noted near Kolkata Junction 45 in Chennai.,CASE0194
EV02437,P00593,Incident,2022-01-27 16:57:20,Incident noted near Kolkata Plaza 119 in Hyderabad.,CASE0010
EV02438,P01889,Travel,2024-07-20 00:12:33,Travel noted near Guwahati Park 158 in Patna.,CASE0031
EV02439,P00066,Financial Activity,2022-08-02 10:43:21,Financial Activity noted near Patna Colony 77 in Patna.,CASE0238
EV02440,P00593,Property Transfer,2024-04-08 05:21:12,Property Transfer noted near Bhopal Park 68 in Hyderabad.,CASE0226
EV02441,P00542,Meeting,2022-11-21 20:02:25,Meeting noted near Guwahati Plaza 57 in Nagpur.,CASE0174
EV02442,P01386,Travel,2022-02-27 08:12:34,Travel noted near Surat Tower 108 in Ahmedabad.,CASE0209
EV02443,P00741,Meeting,2022-08-22 07:22:58,Meeting noted near Chennai Colony 69 in Ahmedabad.,CASE0096
EV02444,P00094,Travel,2025-02-21 10:25:25,Travel noted near Lucknow Park 53 in Lucknow.,CASE0101
EV02445,P01288,Incident,2024-08-20 22:55:11,Incident noted near Chandigarh Hub 1 in Guwahati.,CASE0072
EV02446,P00736,Travel,2025-12-27 01:19:15,Travel noted near Visakhapatnam Market 50 in Ahmedabad.,CASE0055
EV02447,P00319,Financial Activity,2022-01-13 13:11:27,Financial Activity noted near Kochi Park 117 in Bengaluru.,CASE0061
EV02448,P00458,Travel,2024-08-10 03:57:54,Travel noted near Mumbai Junction 88 in Ranchi.,CASE0062
EV02449,P01035,Incident,2024-12-24 10:52:28,Incident noted near Delhi Hub 82 in Chennai.,CASE0032
EV02450,P01237,Meeting,2025-09-25 08:51:30,Meeting noted near Mumbai Plaza 27 in Ahmedabad.,CASE0102
EV02451,P01736,Observation,2024-03-18 22:34:09,Observation noted near Indore Junction 101 in Lucknow.,CASE0221
EV02452,P00741,Financial Activity,2025-09-03 14:53:52,Financial Activity noted near Indore Tower 39 in Ahmedabad.,CASE0104
EV02453,P00776,Travel,2024-11-19 15:52:33,Travel noted near Chandigarh Hub 1 in Delhi.,CASE0202
EV02454,P01752,Financial Activity,2023-06-24 07:03:09,Financial Activity noted near Delhi Colony 133 in Indore.,CASE0076
EV02455,P00502,Property Transfer,2022-01-10 13:58:00,Property Transfer noted near Ranchi Junction 140 in Patna.,CASE0177
EV02456,P01237,Financial Activity,2024-08-28 01:59:39,Financial Activity noted near Bhopal Junction 151 in Ahmedabad.,CASE0063
EV02457,P01035,Travel,2025-03-05 03:00:51,Travel noted near Surat Park 62 in Chennai.,CASE0075
EV02458,P00477,Property Transfer,2024-09-22 20:53:30,Property Transfer noted near Visakhapatnam Tower 124 in Kochi.,CASE0179
EV02459,P01889,Property Transfer,2025-05-29 22:15:07,Property Transfer noted near Ranchi Plaza 100 in Patna.,CASE0209
EV02460,P01233,Travel,2022-02-17 01:53:36,Travel noted near Surat Hub 20 in Surat.,CASE0081
EV02461,P01775,Property Transfer,2022-11-01 06:13:50,Property Transfer noted near Indore Tower 128 in Kolkata.,CASE0162
EV02462,P00430,Financial Activity,2024-04-12 18:33:38,Financial Activity noted near Ahmedabad Plaza 33 in Chennai.,CASE0170
EV02463,P00929,Incident,2025-03-13 19:53:13,Incident noted near Indore Junction 101 in Chandigarh.,CASE0121
EV02464,P00458,Property Transfer,2025-10-26 00:20:05,Property Transfer noted near Surat Hub 154 in Ranchi.,CASE0127
EV02465,P01517,Meeting,2025-02-24 09:24:29,Meeting noted near Jaipur Colony 114 in Lucknow.,CASE0100
EV02466,P00143,Travel,2025-11-19 11:57:03,Travel noted near Guwahati Junction 159 in Mumbai.,CASE0178
EV02467,P01310,Financial Activity,2024-01-28 03:49:07,Financial Activity noted near Bhopal Hub 113 in Ranchi.,CASE0076
EV02468,P00920,Financial Activity,2023-12-22 08:22:37,Financial Activity noted near Visakhapatnam Tower 124 in Nagpur.,CASE0046
EV02469,P00741,Meeting,2022-11-12 19:59:00,Meeting noted near Pune Junction 125 in Ahmedabad.,CASE0151
EV02470,P01331,Travel,2024-09-25 10:17:05,Travel noted near Lucknow Colony 73 in Mumbai.,CASE0006
EV02471,P01765,Incident,2023-01-22 03:30:59,Incident noted near Patna Hub 91 in Delhi.,CASE0180
EV02472,P00452,Travel,2023-06-05 04:34:18,Travel noted near Visakhapatnam Tower 124 in Chandigarh.,CASE0012
EV02473,P01373,Incident,2024-05-18 05:19:19,Incident noted near Visakhapatnam Hub 112 in Jaipur.,CASE0034
EV02474,P00162,Meeting,2025-04-27 01:53:32,Meeting noted near Bhopal Hub 113 in Lucknow.,CASE0209
EV02475,P00748,Observation,2022-10-06 14:52:02,Observation noted near Lucknow Park 94 in Bhopal.,CASE0010
EV02476,P01752,Incident,2023-02-21 07:03:06,Incident noted near Chennai Plaza 139 in Indore.,CASE0025
EV02477,P01781,Observation,2023-07-05 17:13:00,Observation noted near Hyderabad Hub 16 in Kochi.,CASE0046
EV02478,P01237,Observation,2023-07-26 03:37:04,Observation noted near Nagpur Tower 130 in Ahmedabad.,CASE0191
EV02479,P00458,Property Transfer,2023-11-15 09:38:56,Property Transfer noted near Ranchi Plaza 100 in Ranchi.,CASE0045
EV02480,P00728,Travel,2024-05-09 15:31:16,Travel noted near Pune Junction 125 in Patna.,CASE0042
EV02481,P01117,Travel,2025-05-23 09:42:16,Travel noted near Indore Park 109 in Bengaluru.,CASE0124
EV02482,P01207,Financial Activity,2025-01-22 16:57:57,Financial Activity noted near Patna Tower 13 in Kochi.,CASE0229
EV02483,P00066,Property Transfer,2024-12-04 06:00:00,Property Transfer noted near Indore Market 93 in Patna.,CASE0181
EV02484,P01386,Financial Activity,2022-12-21 13:20:45,Financial Activity noted near Surat Park 62 in Ahmedabad.,CASE0018
EV02485,P01302,Incident,2022-06-27 00:07:51,Incident noted near Chennai Colony 153 in Kolkata.,CASE0017
EV02486,P01653,Observation,2025-01-22 06:41:06,Observation noted near Delhi Market 141 in Delhi.,CASE0052
EV02487,P00055,Incident,2023-12-01 19:55:12,Incident noted near Kochi Tower 126 in Nagpur.,CASE0175
EV02488,P00941,Property Transfer,2023-01-12 12:02:10,Property Transfer noted near Hyderabad Tower 10 in Ahmedabad.,CASE0176
EV02489,P00542,Financial Activity,2024-02-22 17:10:49,Financial Activity noted near Pune Junction 125 in Nagpur.,CASE0092
EV02490,P00866,Property Transfer,2025-09-10 20:27:52,Property Transfer noted near Chandigarh Hub 1 in Guwahati.,CASE0162
EV02491,P00327,Financial Activity,2025-05-20 01:10:32,Financial Activity noted near Visakhapatnam Hub 112 in Ranchi.,CASE0127
EV02492,P01117,Meeting,2022-07-04 19:49:36,Meeting noted near Ranchi Colony 111 in Bengaluru.,CASE0217
EV02493,P00066,Meeting,2022-09-19 01:15:17,Meeting noted near Pune Market 65 in Patna.,CASE0118
EV02494,P00547,Financial Activity,2024-03-24 10:12:20,Financial Activity noted near Mumbai Plaza 27 in Chandigarh.,CASE0053
EV02495,P00865,Financial Activity,2024-05-29 19:03:01,Financial Activity noted near Guwahati Hub 60 in Bengaluru.,CASE0197
EV02496,P00705,Property Transfer,2025-02-14 08:35:21,Property Transfer noted near Nagpur Junction 116 in Visakhapatnam.,CASE0023
EV02497,P01752,Financial Activity,2025-01-08 16:41:13,Financial Activity noted near Chennai Tower 134 in Indore.,CASE0135
EV02498,P00860,Property Transfer,2024-09-30 16:22:39,Property Transfer noted near Delhi Junction 147 in Kochi.,CASE0133
EV02499,P01288,Financial Activity,2022-03-05 01:00:18,Financial Activity noted near Visakhapatnam Market 84 in Guwahati.,CASE0148
EV02500,P01355,Property Transfer,2023-09-11 03:58:56,Property Transfer noted near Hyderabad Junction 86 in Visakhapatnam.,CASE0239
EV02501,P00066,Property Transfer,2023-08-20 23:21:04,Property Transfer noted near Lucknow Colony 149 in Patna.,CASE0097
EV02502,P01183,Financial Activity,2022-04-01 14:19:10,Financial Activity noted near Chennai Colony 69 in Bhopal.,CASE0145
EV02503,P00920,Travel,2023-09-10 13:45:01,Travel noted near Pune Tower 71 in Nagpur.,CASE0090
EV02504,P01889,Incident,2024-05-07 22:39:28,Incident noted near Mumbai Junction 88 in Patna.,CASE0145
EV02505,P01437,Observation,2023-11-08 05:25:34,Observation noted near Hyderabad Hub 16 in Kolkata.,CASE0032
EV02506,P00601,Observation,2025-05-31 15:12:02,Observation noted near Lucknow Park 19 in Chennai.,CASE0060
EV02507,P00748,Property Transfer,2024-11-21 02:42:34,Property Transfer noted near Nagpur Hub 103 in Bhopal.,CASE0136
EV02508,P01993,Travel,2024-11-05 00:35:46,Travel noted near Lucknow Colony 73 in Kochi.,CASE0155
EV02509,P01651,Travel,2025-10-22 10:33:23,Travel noted near Delhi Colony 133 in Indore.,CASE0155
EV02510,P00866,Observation,2025-06-11 11:59:30,Observation noted near Ranchi Colony 111 in Guwahati.,CASE0101
EV02511,P00094,Financial Activity,2022-05-20 05:53:57,Financial Activity noted near Chennai Plaza 139 in Lucknow.,CASE0160
EV02512,P00327,Travel,2025-01-20 01:06:58,Travel noted near Chandigarh Junction 44 in Ranchi.,CASE0066
EV02513,P00728,Incident,2025-07-03 09:04:43,Incident noted near Visakhapatnam Hub 38 in Patna.,CASE0028
EV02514,P00920,Travel,2023-03-05 00:59:02,Travel noted near Chandigarh Colony 99 in Nagpur.,CASE0109
EV02515,P00547,Travel,2024-04-09 14:14:54,Travel noted near Visakhapatnam Tower 42 in Chandigarh.,CASE0061
EV02516,P01233,Financial Activity,2024-01-17 01:17:40,Financial Activity noted near Visakhapatnam Hub 123 in Surat.,CASE0198
EV02517,P01814,Incident,2022-02-12 10:51:35,Incident noted near Patna Market 4 in Bhopal.,CASE0147
EV02518,P00089,Property Transfer,2025-09-29 08:11:30,Property Transfer noted near Visakhapatnam Junction 110 in Guwahati.,CASE0238
EV02519,P00199,Travel,2022-09-29 16:41:46,Travel noted near Ahmedabad Plaza 33 in Ranchi.,CASE0234
EV02520,P00441,Financial Activity,2022-10-31 17:34:29,Financial Activity noted near Chandigarh Plaza 89 in Kolkata.,CASE0119
EV02521,P01331,Incident,2025-02-22 20:50:14,Incident noted near Jaipur Colony 56 in Mumbai.,CASE0049
EV02522,P01509,Financial Activity,2022-10-02 19:20:41,Financial Activity noted near Guwahati Park 61 in Lucknow.,CASE0099
EV02523,P01509,Travel,2024-01-13 00:01:36,Travel noted near Visakhapatnam Junction 21 in Lucknow.,CASE0218
EV02524,P01519,Financial Activity,2025-03-05 17:15:38,Financial Activity noted near Jaipur Colony 114 in Delhi.,CASE0052
EV02525,P00570,Financial Activity,2023-05-13 14:49:44,Financial Activity noted near Bengaluru Market 43 in Chennai.,CASE0076
EV02526,P00759,Observation,2022-01-24 10:54:24,Observation noted near Lucknow Park 94 in Jaipur.,CASE0150
EV02527,P00502,Travel,2023-07-26 09:11:31,Travel noted near Kochi Park 115 in Patna.,CASE0221
EV02528,P00570,Incident,2025-06-08 13:46:20,Incident noted near Kolkata Hub 143 in Chennai.,CASE0145
EV02529,P01131,Property Transfer,2024-07-11 10:17:00,Property Transfer noted near Indore Hub 2 in Kochi.,CASE0105
EV02530,P01699,Financial Activity,2022-03-18 04:49:34,Financial Activity noted near Pune Junction 25 in Surat.,CASE0214
EV02531,P00207,Property Transfer,2023-08-12 07:46:33,Property Transfer noted near Chandigarh Hub 74 in Mumbai.,CASE0038
EV02532,P01373,Financial Activity,2024-01-09 05:24:08,Financial Activity noted near Chandigarh Tower 157 in Jaipur.,CASE0041
EV02533,P00865,Observation,2025-05-05 02:34:41,Observation noted near Bhopal Junction 58 in Bengaluru.,CASE0007
EV02534,P00066,Property Transfer,2024-06-19 17:16:28,Property Transfer noted near Mumbai Plaza 27 in Patna.,CASE0086
EV02535,P00865,Observation,2024-12-20 18:57:02,Observation noted near Kochi Tower 126 in Bengaluru.,CASE0035
EV02536,P00929,Travel,2023-10-19 09:20:31,Travel noted near Guwahati Colony 11 in Chandigarh.,CASE0065
EV02537,P00199,Financial Activity,2024-10-25 01:24:40,Financial Activity noted near Nagpur Junction 37 in Ranchi.,CASE0079
EV02538,P00334,Travel,2023-12-01 23:32:20,Travel noted near Mumbai Hub 76 in Bhopal.,CASE0134
EV02539,P01814,Meeting,2023-07-25 12:30:22,Meeting noted near Indore Market 83 in Bhopal.,CASE0174
EV02540,P01373,Observation,2023-04-15 23:00:25,Observation noted near Pune Tower 71 in Jaipur.,CASE0065
EV02541,P01331,Property Transfer,2025-05-31 13:19:13,Property Transfer noted near Indore Market 136 in Mumbai.,CASE0017
EV02542,P01519,Financial Activity,2023-12-21 07:10:32,Financial Activity noted near Surat Plaza 122 in Delhi.,CASE0069
EV02543,P00229,Incident,2022-10-29 15:38:21,Incident noted near Nagpur Hub 103 in Visakhapatnam.,CASE0192
EV02544,P00192,Financial Activity,2025-08-08 10:35:45,Financial Activity noted near Kochi Tower 144 in Delhi.,CASE0205
EV02545,P01437,Incident,2022-07-21 16:20:34,Incident noted near Bhopal Park 68 in Kolkata.,CASE0157
EV02546,P00929,Incident,2022-02-02 03:15:51,Incident noted near Hyderabad Plaza 22 in Chandigarh.,CASE0097
EV02547,P01302,Travel,2024-10-28 14:22:49,Travel noted near Visakhapatnam Tower 14 in Kolkata.,CASE0140
EV02548,P01183,Observation,2025-05-22 13:33:10,Observation noted near Indore Junction 101 in Bhopal.,CASE0095
EV02549,P00741,Financial Activity,2025-08-08 08:03:55,Financial Activity noted near Kochi Park 121 in Ahmedabad.,CASE0169
EV02550,P00256,Property Transfer,2022-09-04 12:05:47,Property Transfer noted near Hyderabad Market 131 in Delhi.,CASE0150
EV02551,P01117,Travel,2024-11-28 18:10:18,Travel noted near Jaipur Plaza 78 in Bengaluru.,CASE0068
EV02552,P01131,Travel,2023-12-19 02:13:38,Travel noted near Nagpur Junction 51 in Kochi.,CASE0033
EV02553,P01131,Travel,2024-02-26 00:34:49,Travel noted near Visakhapatnam Tower 42 in Kochi.,CASE0113
EV02554,P00776,Incident,2024-01-14 11:29:41,Incident noted near Patna Hub 52 in Delhi.,CASE0103
EV02555,P00741,Travel,2024-06-15 13:02:03,Travel noted near Kolkata Hub 143 in Ahmedabad.,CASE0227
EV02556,P01919,Property Transfer,2022-08-28 18:35:59,Property Transfer noted near Indore Market 135 in Ahmedabad.,CASE0025
EV02557,P00256,Meeting,2024-01-27 00:17:21,Meeting noted near Hyderabad Hub 12 in Delhi.,CASE0148
EV02558,P01386,Financial Activity,2023-02-24 07:03:46,Financial Activity noted near Jaipur Colony 114 in Ahmedabad.,CASE0128
EV02559,P01961,Property Transfer,2024-07-04 06:05:14,Property Transfer noted near Kolkata Tower 75 in Guwahati.,CASE0234
EV02560,P01699,Travel,2023-04-28 23:34:51,Travel noted near Chennai Colony 153 in Surat.,CASE0177
EV02561,P00256,Travel,2023-01-28 10:05:50,Travel noted near Hyderabad Park 7 in Delhi.,CASE0150
EV02562,P01519,Property Transfer,2023-11-06 05:30:49,Property Transfer noted near Mumbai Junction 88 in Delhi.,CASE0195
EV02563,P00748,Financial Activity,2025-01-19 07:36:24,Financial Activity noted near Guwahati Colony 11 in Bhopal.,CASE0187
EV02564,P01775,Travel,2024-02-07 12:37:37,Travel noted near Nagpur Junction 51 in Kolkata.,CASE0103
EV02565,P01653,Travel,2025-09-14 13:35:29,Travel noted near Indore Hub 63 in Delhi.,CASE0200
EV02566,P00210,Property Transfer,2022-11-06 01:17:03,Property Transfer noted near Kolkata Tower 75 in Pune.,CASE0073
EV02567,P01099,Travel,2024-02-27 11:57:21,Travel noted near Indore Hub 2 in Hyderabad.,CASE0148
EV02568,P01267,Financial Activity,2024-09-01 05:42:20,Financial Activity noted near Nagpur Junction 116 in Chennai.,CASE0219
EV02569,P01517,Incident,2022-11-20 00:02:13,Incident noted near Ranchi Colony 111 in Lucknow.,CASE0058
EV02570,P00452,Financial Activity,2023-05-23 22:24:45,Financial Activity noted near Visakhapatnam Market 84 in Chandigarh.,CASE0120
EV02571,P00066,Meeting,2025-12-23 15:50:46,Meeting noted near Chennai Tower 134 in Patna.,CASE0043
EV02572,P01467,Property Transfer,2024-05-08 04:16:37,Property Transfer noted near Bhopal Park 68 in Chandigarh.,CASE0197
EV02573,P00094,Financial Activity,2025-05-17 15:42:14,Financial Activity noted near Lucknow Colony 87 in Lucknow.,CASE0123
EV02574,P00192,Incident,2025-12-22 00:32:29,Incident noted near Hyderabad Park 7 in Delhi.,CASE0082
EV02575,P01150,Property Transfer,2023-09-14 03:41:12,Property Transfer noted near Chandigarh Plaza 89 in Guwahati.,CASE0025
EV02576,P01699,Meeting,2025-03-14 21:32:37,Meeting noted near Nagpur Hub 103 in Surat.,CASE0222
EV02577,P00192,Meeting,2025-11-16 08:16:34,Meeting noted near Delhi Park 49 in Delhi.,CASE0216
EV02578,P01207,Incident,2022-07-27 10:15:02,Incident noted near Visakhapatnam Colony 72 in Kochi.,CASE0145
EV02579,P00162,Travel,2025-02-04 13:01:37,Travel noted near Ranchi Colony 90 in Lucknow.,CASE0137
EV02580,P01310,Property Transfer,2022-09-14 11:05:22,Property Transfer noted near Mumbai Junction 88 in Ranchi.,CASE0071
EV02581,P01117,Observation,2023-10-04 04:46:43,Observation noted near Delhi Park 49 in Bengaluru.,CASE0104
EV02582,P00458,Financial Activity,2023-01-20 20:23:32,Financial Activity noted near Nagpur Junction 116 in Ranchi.,CASE0023
EV02583,P00502,Financial Activity,2025-07-12 02:27:20,Financial Activity noted near Chandigarh Tower 157 in Patna.,CASE0213
EV02584,P00286,Property Transfer,2024-12-13 11:40:35,Property Transfer noted near Bengaluru Market 43 in Mumbai.,CASE0163
EV02585,P01467,Financial Activity,2024-02-17 18:13:18,Financial Activity noted near Pune Colony 59 in Chandigarh.,CASE0208
EV02586,P00207,Meeting,2022-08-15 04:25:54,Meeting noted near Indore Tower 146 in Mumbai.,CASE0008
EV02587,P00458,Incident,2025-04-03 19:21:37,Incident noted near Kolkata Junction 45 in Ranchi.,CASE0027
EV02588,P00502,Observation,2023-10-04 04:00:26,Observation noted near Guwahati Colony 11 in Patna.,CASE0238
EV02589,P01386,Financial Activity,2022-04-02 18:03:40,Financial Activity noted near Surat Park 62 in Ahmedabad.,CASE0093
EV02590,P00502,Financial Activity,2023-05-28 19:26:48,Financial Activity noted near Indore Hub 63 in Patna.,CASE0040
EV02591,P00759,Observation,2024-01-21 08:28:42,Observation noted near Surat Market 150 in Jaipur.,CASE0201
EV02592,P00705,Property Transfer,2024-11-02 21:58:22,Property Transfer noted near Visakhapatnam Junction 110 in Visakhapatnam.,CASE0151
EV02593,P01430,Financial Activity,2025-08-12 12:55:26,Financial Activity noted near Nagpur Junction 37 in Mumbai.,CASE0010
EV02594,P00728,Observation,2025-01-23 19:25:11,Observation noted near Kochi Park 117 in Patna.,CASE0086
EV02595,P01131,Property Transfer,2022-11-13 11:58:21,Property Transfer noted near Bhopal Plaza 160 in Kochi.,CASE0100
EV02596,P00014,Meeting,2023-08-27 02:51:05,Meeting noted near Delhi Junction 8 in Hyderabad.,CASE0089
EV02597,P00920,Travel,2022-04-25 00:51:09,Travel noted near Ahmedabad Plaza 35 in Nagpur.,CASE0090
EV02598,P01765,Observation,2025-05-30 01:59:18,Observation noted near Kochi Market 28 in Delhi.,CASE0177
EV02599,P01210,Property Transfer,2024-06-28 03:59:13,Property Transfer noted near Lucknow Park 79 in Patna.,CASE0190
EV02600,P00458,Meeting,2023-09-28 14:34:10,Meeting noted near Visakhapatnam Hub 123 in Ranchi.,CASE0085
EV02601,P01509,Financial Activity,2022-02-04 12:08:15,Financial Activity noted near Kochi Park 115 in Lucknow.,CASE0068
EV02602,P00564,Travel,2024-07-13 02:59:52,Travel noted near Patna Market 67 in Surat.,CASE0061
EV02603,P01584,Travel,2022-11-28 19:14:36,Travel noted near Hyderabad Hub 12 in Lucknow.,CASE0108
EV02604,P00929,Travel,2023-08-14 13:02:36,Travel noted near Delhi Market 141 in Chandigarh.,CASE0186
EV02605,P00143,Meeting,2024-08-11 10:42:31,Meeting noted near Patna Colony 77 in Mumbai.,CASE0102
EV02606,P00601,Property Transfer,2022-06-14 16:26:49,Property Transfer noted near Hyderabad Junction 86 in Chennai.,CASE0051
EV02607,P01183,Property Transfer,2023-07-11 03:04:21,Property Transfer noted near Kochi Tower 126 in Bhopal.,CASE0022
EV02608,P00210,Incident,2022-08-01 12:57:01,Incident noted near Visakhapatnam Tower 42 in Pune.,CASE0179
EV02609,P01495,Travel,2022-07-20 07:24:18,Travel noted near Visakhapatnam Market 84 in Hyderabad.,CASE0181
EV02610,P01828,Property Transfer,2022-12-30 23:03:23,Property Transfer noted near Chennai Hub 5 in Chandigarh.,CASE0155
EV02611,P00089,Incident,2024-03-04 19:00:23,Incident noted near Kolkata Hub 143 in Guwahati.,CASE0175
EV02612,P00207,Incident,2023-06-03 02:29:22,Incident noted near Bhopal Junction 151 in Mumbai.,CASE0100
EV02613,P00860,Financial Activity,2022-06-19 12:46:15,Financial Activity noted near Kochi Plaza 107 in Kochi.,CASE0150
EV02614,P00458,Property Transfer,2022-03-25 09:22:47,Property Transfer noted near Indore Park 109 in Ranchi.,CASE0218
EV02615,P00430,Observation,2024-11-18 21:54:38,Observation noted near Bhopal Colony 97 in Chennai.,CASE0012
EV02616,P00860,Observation,2023-07-26 09:36:26,Observation noted near Guwahati Plaza 92 in Kochi.,CASE0180
EV02617,P01775,Observation,2022-02-22 01:40:08,Observation noted near Lucknow Park 94 in Kolkata.,CASE0053
EV02618,P00458,Property Transfer,2024-04-01 10:49:44,Property Transfer noted near Jaipur Colony 56 in Ranchi.,CASE0072
EV02619,P00052,Meeting,2023-09-22 07:33:35,Meeting noted near Visakhapatnam Market 84 in Bengaluru.,CASE0084
EV02620,P00190,Incident,2025-09-25 10:41:20,Incident noted near Visakhapatnam Hub 123 in Pune.,CASE0139
EV02621,P01302,Travel,2022-01-19 03:22:54,Travel noted near Visakhapatnam Junction 21 in Kolkata.,CASE0221
EV02622,P00593,Property Transfer,2025-02-27 18:18:02,Property Transfer noted near Patna Colony 77 in Hyderabad.,CASE0017
EV02623,P00941,Incident,2024-03-28 17:41:06,Incident noted near Patna Market 4 in Ahmedabad.,CASE0027
EV02624,P01443,Financial Activity,2023-02-14 10:13:40,Financial Activity noted near Visakhapatnam Hub 38 in Delhi.,CASE0148
EV02625,P01233,Meeting,2023-07-23 22:55:29,Meeting noted near Surat Hub 154 in Surat.,CASE0240
EV02626,P01288,Incident,2025-07-20 04:46:23,Incident noted near Kochi Park 115 in Guwahati.,CASE0203
EV02627,P01993,Property Transfer,2023-05-11 20:37:23,Property Transfer noted near Kolkata Colony 127 in Kochi.,CASE0230
EV02628,P00477,Travel,2024-01-14 08:36:32,Travel noted near Lucknow Colony 87 in Kochi.,CASE0160
EV02629,P00229,Property Transfer,2022-08-15 00:16:35,Property Transfer noted near Pune Junction 125 in Visakhapatnam.,CASE0190
EV02630,P00728,Meeting,2024-09-13 03:26:01,Meeting noted near Surat Park 155 in Patna.,CASE0231
EV02631,P00542,Financial Activity,2024-02-23 02:32:17,Financial Activity noted near Guwahati Junction 159 in Nagpur.,CASE0090
EV02632,P00334,Travel,2023-08-06 09:14:37,Travel noted near Patna Hub 52 in Bhopal.,CASE0224
EV02633,P00162,Meeting,2025-08-06 23:22:00,Meeting noted near Bhopal Junction 151 in Lucknow.,CASE0014
EV02634,P00748,Financial Activity,2025-05-28 02:24:12,Financial Activity noted near Nagpur Junction 37 in Bhopal.,CASE0230
EV02635,P00052,Property Transfer,2024-12-18 16:22:01,Property Transfer noted near Hyderabad Park 81 in Bengaluru.,CASE0113
EV02636,P01555,Property Transfer,2025-11-23 01:26:59,Property Transfer noted near Nagpur Junction 51 in Guwahati.,CASE0055
EV02637,P00748,Incident,2022-05-21 14:47:33,Incident noted near Kolkata Hub 143 in Bhopal.,CASE0053
EV02638,P00190,Property Transfer,2024-04-23 06:11:56,Property Transfer noted near Pune Tower 71 in Pune.,CASE0188
EV02639,P01386,Travel,2023-07-20 11:28:06,Travel noted near Kochi Park 121 in Ahmedabad.,CASE0054
EV02640,P01509,Meeting,2024-05-03 00:44:41,Meeting noted near Chandigarh Hub 1 in Lucknow.,CASE0082
EV02641,P01919,Incident,2024-03-24 05:40:35,Incident noted near Visakhapatnam Market 50 in Ahmedabad.,CASE0191
EV02642,P00094,Travel,2025-09-06 09:15:00,Travel noted near Guwahati Plaza 57 in Lucknow.,CASE0182
EV02643,P00570,Observation,2022-04-04 00:29:51,Observation noted near Ahmedabad Tower 98 in Chennai.,CASE0119
EV02644,P01919,Property Transfer,2022-02-27 18:08:53,Property Transfer noted near Visakhapatnam Hub 112 in Ahmedabad.,CASE0092
EV02645,P00929,Incident,2022-07-01 04:22:05,Incident noted near Ranchi Market 132 in Chandigarh.,CASE0184
EV02646,P01117,Incident,2025-07-02 02:04:34,Incident noted near Lucknow Plaza 142 in Bengaluru.,CASE0082
EV02647,P00164,Incident,2024-03-16 01:41:21,Incident noted near Kolkata Tower 75 in Indore.,CASE0216
EV02648,P00162,Meeting,2024-02-22 02:16:32,Meeting noted near Delhi Park 49 in Lucknow.,CASE0094
EV02649,P00052,Observation,2022-07-06 19:23:48,Observation noted near Surat Plaza 156 in Bengaluru.,CASE0023
EV02650,P01781,Incident,2022-03-18 16:47:45,Incident noted near Chennai Colony 48 in Kochi.,CASE0119
EV02651,P00164,Meeting,2022-06-22 00:08:57,Meeting noted near Ahmedabad Tower 98 in Indore.,CASE0221
EV02652,P00199,Meeting,2024-07-13 17:41:54,Meeting noted near Lucknow Park 94 in Ranchi.,CASE0201
EV02653,P01752,Property Transfer,2022-09-13 07:18:39,Property Transfer noted near Ahmedabad Plaza 35 in Indore.,CASE0065
EV02654,P00408,Meeting,2025-08-31 07:46:52,Meeting noted near Kolkata Park 18 in Delhi.,CASE0029
EV02655,P00748,Observation,2022-11-16 13:41:58,Observation noted near Indore Hub 63 in Bhopal.,CASE0001
EV02656,P01699,Incident,2023-09-20 04:46:17,Incident noted near Visakhapatnam Tower 42 in Surat.,CASE0064
EV02657,P00593,Meeting,2022-09-26 14:38:50,Meeting noted near Visakhapatnam Tower 124 in Hyderabad.,CASE0112
EV02658,P00192,Travel,2023-07-29 11:34:59,Travel noted near Lucknow Park 53 in Delhi.,CASE0125
EV02659,P00759,Travel,2023-10-18 01:59:59,Travel noted near Guwahati Plaza 152 in Jaipur.,CASE0111
EV02660,P01961,Meeting,2022-01-22 17:29:19,Meeting noted near Bhopal Park 68 in Guwahati.,CASE0110
EV02661,P01237,Property Transfer,2024-05-31 11:49:09,Property Transfer noted near Delhi Hub 3 in Ahmedabad.,CASE0066
EV02662,P01519,Property Transfer,2022-11-14 00:48:12,Property Transfer noted near Nagpur Plaza 106 in Delhi.,CASE0073
EV02663,P00192,Incident,2024-01-23 04:29:54,Incident noted near Surat Hub 20 in Delhi.,CASE0097
EV02664,P00229,Financial Activity,2024-07-24 22:00:05,Financial Activity noted near Surat Market 150 in Visakhapatnam.,CASE0064
EV02665,P00179,Financial Activity,2025-08-30 09:20:43,Financial Activity noted near Ranchi Market 132 in Bengaluru.,CASE0220
EV02666,P01207,Incident,2022-01-01 07:56:21,Incident noted near Visakhapatnam Hub 38 in Kochi.,CASE0239
EV02667,P00179,Meeting,2024-03-05 23:15:19,Meeting noted near Kolkata Tower 75 in Bengaluru.,CASE0083
EV02668,P01781,Observation,2022-10-05 00:37:27,Observation noted near Jaipur Plaza 78 in Kochi.,CASE0180
EV02669,P00286,Travel,2023-09-05 05:10:06,Travel noted near Nagpur Tower 104 in Mumbai.,CASE0238
EV02670,P01658,Financial Activity,2025-07-10 14:07:27,Financial Activity noted near Kolkata Park 18 in Nagpur.,CASE0013
EV02671,P01183,Property Transfer,2025-02-07 20:52:03,Property Transfer noted near Nagpur Tower 130 in Bhopal.,CASE0076
EV02672,P00394,Financial Activity,2023-10-12 23:08:40,Financial Activity noted near Guwahati Park 61 in Guwahati.,CASE0222
EV02673,P00229,Incident,2022-09-15 12:52:02,Incident noted near Chandigarh Colony 99 in Visakhapatnam.,CASE0095
EV02674,P01699,Travel,2025-06-01 21:05:38,Travel noted near Bhopal Plaza 160 in Surat.,CASE0011
EV02675,P01331,Property Transfer,2025-11-23 08:52:53,Property Transfer noted near Jaipur Market 31 in Mumbai.,CASE0222
EV02676,P00143,Financial Activity,2022-11-29 15:36:14,Financial Activity noted near Pune Colony 59 in Mumbai.,CASE0024
EV02677,P00334,Incident,2023-02-08 03:44:36,Incident noted near Nagpur Hub 26 in Bhopal.,CASE0157
EV02678,P00467,Property Transfer,2025-05-23 08:28:41,Property Transfer noted near Hyderabad Park 81 in Chennai.,CASE0061
EV02679,P00502,Property Transfer,2025-08-20 00:22:44,Property Transfer noted near Kochi Park 117 in Patna.,CASE0038
EV02680,P01438,Property Transfer,2022-07-06 02:13:00,Property Transfer noted near Visakhapatnam Colony 72 in Delhi.,CASE0112
EV02681,P01438,Financial Activity,2025-01-03 13:09:14,Financial Activity noted near Visakhapatnam Market 84 in Delhi.,CASE0175
EV02682,P00502,Travel,2022-04-17 11:30:37,Travel noted near Delhi Hub 3 in Patna.,CASE0158
EV02683,P00210,Travel,2025-10-23 06:36:47,Travel noted near Chandigarh Plaza 89 in Pune.,CASE0150
EV02684,P01310,Incident,2023-10-08 10:06:06,Incident noted near Chennai Colony 48 in Ranchi.,CASE0123
EV02685,P00929,Incident,2025-03-02 17:39:01,Incident noted near Mumbai Hub 76 in Chandigarh.,CASE0205
EV02686,P00736,Incident,2025-06-08 05:15:33,Incident noted near Pune Market 17 in Ahmedabad.,CASE0069
EV02687,P00192,Travel,2024-10-17 13:44:44,Travel noted near Indore Tower 39 in Delhi.,CASE0088
EV02688,P00776,Travel,2025-12-18 10:18:03,Travel noted near Hyderabad Hub 12 in Delhi.,CASE0156
EV02689,P01495,Financial Activity,2023-12-02 12:37:24,Financial Activity noted near Mumbai Junction 88 in Hyderabad.,CASE0066
EV02690,P01519,Incident,2023-01-03 17:47:42,Incident noted near Visakhapatnam Market 84 in Delhi.,CASE0017
EV02691,P00319,Property Transfer,2023-07-06 22:11:47,Property Transfer noted near Chandigarh Junction 44 in Bengaluru.,CASE0189
EV02692,P00467,Property Transfer,2022-03-10 17:32:22,Property Transfer noted near Ahmedabad Plaza 35 in Chennai.,CASE0136
EV02693,P01765,Property Transfer,2025-09-18 16:29:24,Property Transfer noted near Bhopal Junction 151 in Delhi.,CASE0169
EV02694,P01781,Financial Activity,2022-10-31 20:04:39,Financial Activity noted near Hyderabad Plaza 102 in Kochi.,CASE0203
EV02695,P00052,Travel,2025-09-29 18:57:15,Travel noted near Nagpur Tower 130 in Bengaluru.,CASE0197
EV02696,P01781,Observation,2025-12-23 04:15:43,Observation noted near Chennai Hub 5 in Kochi.,CASE0152
EV02697,P01752,Meeting,2024-06-09 18:35:49,Meeting noted near Visakhapatnam Market 50 in Indore.,CASE0201
EV02698,P00741,Financial Activity,2022-06-17 04:35:02,Financial Activity noted near Chennai Colony 153 in Ahmedabad.,CASE0099
EV02699,P01919,Financial Activity,2025-03-03 11:13:07,Financial Activity noted near Hyderabad Plaza 22 in Ahmedabad.,CASE0051
EV02700,P00860,Incident,2022-10-09 00:26:45,Incident noted near Bhopal Plaza 160 in Kochi.,CASE0196
EV02701,P01775,Incident,2023-10-11 12:49:00,Incident noted near Hyderabad Market 131 in Kolkata.,CASE0123
EV02702,P00477,Observation,2022-09-01 08:53:24,Observation noted near Patna Hub 91 in Kochi.,CASE0172
EV02703,P00094,Observation,2025-01-22 21:18:01,Observation noted near Ahmedabad Plaza 35 in Lucknow.,CASE0018
EV02704,P01373,Property Transfer,2022-05-02 03:20:17,Property Transfer noted near Nagpur Tower 130 in Jaipur.,CASE0226
EV02705,P00458,Financial Activity,2024-09-28 05:09:48,Financial Activity noted near Hyderabad Hub 16 in Ranchi.,CASE0069
EV02706,P01564,Observation,2025-07-29 07:58:56,Observation noted near Lucknow Colony 87 in Kolkata.,CASE0147
EV02707,P00210,Meeting,2023-11-18 10:36:53,Meeting noted near Hyderabad Tower 10 in Pune.,CASE0071
EV02708,P00052,Travel,2022-04-29 06:40:15,Travel noted near Indore Hub 2 in Bengaluru.,CASE0211
EV02709,P00748,Travel,2024-04-02 16:05:19,Travel noted near Kochi Park 121 in Bhopal.,CASE0059
EV02710,P00190,Property Transfer,2023-02-26 01:35:31,Property Transfer noted near Guwahati Junction 159 in Pune.,CASE0054
EV02711,P00055,Travel,2023-06-09 16:23:18,Travel noted near Kochi Park 115 in Nagpur.,CASE0199
EV02712,P00467,Observation,2025-01-08 01:19:52,Observation noted near Delhi Park 47 in Chennai.,CASE0017
EV02713,P01331,Travel,2023-02-20 14:30:47,Travel noted near Visakhapatnam Junction 21 in Mumbai.,CASE0129
EV02714,P00697,Property Transfer,2022-06-30 06:53:50,Property Transfer noted near Kochi Plaza 107 in Chennai.,CASE0191
EV02715,P01467,Financial Activity,2025-04-23 18:44:46,Financial Activity noted near Nagpur Junction 36 in Chandigarh.,CASE0119
EV02716,P01310,Travel,2025-07-07 16:21:13,Travel noted near Indore Market 135 in Ranchi.,CASE0106
EV02717,P00441,Incident,2022-06-17 03:19:53,Incident noted near Nagpur Junction 37 in Kolkata.,CASE0189
EV02718,P00210,Meeting,2022-01-19 06:25:15,Meeting noted near Pune Junction 125 in Pune.,CASE0085
EV02719,P01961,Meeting,2023-05-23 02:10:37,Meeting noted near Visakhapatnam Tower 124 in Guwahati.,CASE0237
EV02720,P00229,Observation,2025-07-04 10:07:24,Observation noted near Mumbai Hub 76 in Visakhapatnam.,CASE0103
EV02721,P00319,Incident,2023-11-06 09:51:04,Incident noted near Bengaluru Tower 105 in Bengaluru.,CASE0146
EV02722,P00066,Travel,2022-05-29 10:05:05,Travel noted near Chandigarh Plaza 89 in Patna.,CASE0145
EV02723,P00199,Observation,2025-09-18 19:00:42,Observation noted near Kochi Market 28 in Ranchi.,CASE0236
EV02724,P00229,Financial Activity,2022-12-26 08:48:25,Financial Activity noted near Indore Hub 2 in Visakhapatnam.,CASE0076
EV02725,P01443,Travel,2023-02-04 11:00:37,Travel noted near Patna Hub 52 in Delhi.,CASE0006
EV02726,P01233,Observation,2023-05-06 05:30:30,Observation noted near Mumbai Hub 76 in Surat.,CASE0097
EV02727,P01467,Incident,2023-08-07 08:52:04,Incident noted near Chennai Colony 153 in Chandigarh.,CASE0216
EV02728,P01775,Travel,2025-08-15 22:31:40,Travel noted near Kolkata Park 18 in Kolkata.,CASE0202
EV02729,P00748,Travel,2022-09-29 17:10:00,Travel noted near Surat Tower 108 in Bhopal.,CASE0205
EV02730,P00776,Travel,2022-09-30 20:00:51,Travel noted near Kochi Park 115 in Delhi.,CASE0157
EV02731,P00286,Meeting,2025-05-24 21:17:21,Meeting noted near Surat Plaza 156 in Mumbai.,CASE0111
EV02732,P01709,Incident,2024-04-22 04:09:01,Incident noted near Hyderabad Plaza 102 in Patna.,CASE0068
EV02733,P00256,Financial Activity,2023-07-04 22:19:27,Financial Activity noted near Kolkata Park 18 in Delhi.,CASE0216
EV02734,P01302,Meeting,2022-11-05 06:15:07,Meeting noted near Kochi Plaza 107 in Kolkata.,CASE0199
EV02735,P01331,Meeting,2025-04-17 08:58:39,Meeting noted near Visakhapatnam Hub 38 in Mumbai.,CASE0059
EV02736,P00697,Observation,2024-10-23 15:01:16,Observation noted near Kochi Tower 126 in Chennai.,CASE0211
EV02737,P01993,Travel,2023-02-13 03:23:21,Travel noted near Hyderabad Park 81 in Kochi.,CASE0077
EV02738,P00477,Incident,2024-12-21 00:37:16,Incident noted near Visakhapatnam Tower 124 in Kochi.,CASE0186
EV02739,P00014,Observation,2022-10-13 23:43:29,Observation noted near Mumbai Hub 55 in Hyderabad.,CASE0197
EV02740,P01131,Incident,2023-02-24 19:17:32,Incident noted near Jaipur Colony 114 in Kochi.,CASE0062
EV02741,P01828,Incident,2022-10-14 05:18:39,Incident noted near Delhi Junction 147 in Chandigarh.,CASE0168
EV02742,P00319,Observation,2023-09-24 13:59:15,Observation noted near Visakhapatnam Tower 14 in Bengaluru.,CASE0178
EV02743,P00162,Observation,2023-01-10 00:24:26,Observation noted near Nagpur Plaza 106 in Lucknow.,CASE0219
EV02744,P01555,Property Transfer,2022-07-25 20:07:52,Property Transfer noted near Ahmedabad Plaza 33 in Guwahati.,CASE0219
EV02745,P01302,Travel,2025-08-21 05:29:27,Travel noted near Delhi Hub 3 in Kolkata.,CASE0138
EV02746,P00192,Observation,2022-09-05 04:38:51,Observation noted near Visakhapatnam Tower 42 in Delhi.,CASE0151
EV02747,P01443,Incident,2025-10-29 20:52:19,Incident noted near Patna Market 4 in Delhi.,CASE0101
EV02748,P00467,Property Transfer,2023-05-09 11:59:36,Property Transfer noted near Hyderabad Market 131 in Chennai.,CASE0077
EV02749,P01150,Observation,2025-01-01 06:17:31,Observation noted near Guwahati Plaza 57 in Guwahati.,CASE0182
EV02750,P00192,Observation,2022-08-18 17:02:34,Observation noted near Guwahati Plaza 57 in Delhi.,CASE0049
EV02751,P00458,Observation,2022-05-01 15:42:44,Observation noted near Patna Hub 91 in Ranchi.,CASE0191
EV02752,P01267,Observation,2024-06-20 07:17:30,Observation noted near Patna Market 70 in Chennai.,CASE0067
EV02753,P01775,Incident,2023-06-21 20:54:23,Incident noted near Guwahati Plaza 57 in Kolkata.,CASE0235
EV02754,P00164,Incident,2024-09-11 21:47:41,Incident noted near Guwahati Plaza 57 in Indore.,CASE0068
EV02755,P01035,Financial Activity,2022-03-17 11:00:11,Financial Activity noted near Hyderabad Park 81 in Chennai.,CASE0129
EV02756,P00229,Property Transfer,2025-02-27 18:43:26,Property Transfer noted near Chennai Park 96 in Visakhapatnam.,CASE0085
EV02757,P00210,Incident,2023-05-17 13:04:11,Incident noted near Visakhapatnam Plaza 120 in Pune.,CASE0190
EV02758,P00319,Travel,2024-03-31 11:52:34,Travel noted near Chandigarh Market 54 in Bengaluru.,CASE0231
EV02759,P00866,Financial Activity,2024-10-21 16:29:14,Financial Activity noted near Lucknow Park 19 in Guwahati.,CASE0220
EV02760,P00779,Meeting,2022-04-20 00:35:15,Meeting noted near Chandigarh Colony 99 in Delhi.,CASE0099
EV02761,P01961,Incident,2023-07-14 10:20:05,Incident noted near Delhi Colony 133 in Guwahati.,CASE0041
EV02762,P01437,Incident,2025-02-14 17:59:18,Incident noted near Kolkata Tower 75 in Kolkata.,CASE0235
EV02763,P01267,Meeting,2023-04-22 17:49:33,Meeting noted near Pune Junction 25 in Chennai.,CASE0206
EV02764,P00866,Meeting,2022-06-21 05:28:03,Meeting noted near Bengaluru Market 43 in Guwahati.,CASE0027
EV02765,P00564,Observation,2023-10-29 01:45:07,Observation noted near Chennai Colony 69 in Surat.,CASE0179
EV02766,P01035,Observation,2022-01-12 05:19:39,Observation noted near Surat Park 62 in Chennai.,CASE0116
EV02767,P01310,Observation,2023-12-17 19:41:48,Observation noted near Ahmedabad Plaza 35 in Ranchi.,CASE0221
EV02768,P00179,Observation,2024-08-22 11:01:48,Observation noted near Nagpur Tower 104 in Bengaluru.,CASE0010
EV02769,P00467,Observation,2023-03-01 07:03:56,Observation noted near Nagpur Hub 26 in Chennai.,CASE0136
EV02770,P01099,Incident,2023-08-14 05:08:12,Incident noted near Indore Junction 101 in Hyderabad.,CASE0163
EV02771,P00741,Observation,2025-01-11 16:24:52,Observation noted near Hyderabad Park 7 in Ahmedabad.,CASE0112
EV02772,P00920,Financial Activity,2025-04-03 04:35:31,Financial Activity noted near Kochi Plaza 107 in Nagpur.,CASE0001
EV02773,P01509,Incident,2024-07-15 23:58:18,Incident noted near Indore Park 109 in Lucknow.,CASE0163
EV02774,P00199,Observation,2024-11-12 00:56:09,Observation noted near Patna Hub 52 in Ranchi.,CASE0182
EV02775,P01302,Incident,2024-07-08 21:02:02,Incident noted near Guwahati Plaza 152 in Kolkata.,CASE0091
EV02776,P00920,Travel,2024-06-26 10:04:29,Travel noted near Kolkata Junction 45 in Nagpur.,CASE0134
EV02777,P01237,Travel,2024-01-16 20:11:54,Travel noted near Chennai Tower 24 in Ahmedabad.,CASE0188
EV02778,P00865,Financial Activity,2024-09-26 18:37:12,Financial Activity noted near Bhopal Park 68 in Bengaluru.,CASE0063
EV02779,P00741,Incident,2023-10-22 03:47:27,Incident noted near Hyderabad Park 81 in Ahmedabad.,CASE0074
EV02780,P00467,Travel,2024-05-17 01:07:30,Travel noted near Surat Park 155 in Chennai.,CASE0069
EV02781,P01207,Observation,2023-12-10 02:44:13,Observation noted near Visakhapatnam Hub 112 in Kochi.,CASE0076
EV02782,P01889,Meeting,2023-04-21 17:06:53,Meeting noted near Visakhapatnam Junction 110 in Patna.,CASE0198
EV02783,P01781,Observation,2024-08-25 13:35:07,Observation noted near Pune Junction 25 in Kochi.,CASE0207
EV02784,P01331,Incident,2024-12-03 21:57:07,Incident noted near Hyderabad Hub 12 in Mumbai.,CASE0182
EV02785,P00089,Property Transfer,2024-07-22 08:17:40,Property Transfer noted near Patna Hub 91 in Guwahati.,CASE0174
EV02786,P01310,Incident,2022-02-27 14:54:26,Incident noted near Chandigarh Hub 1 in Ranchi.,CASE0039
EV02787,P01961,Property Transfer,2025-11-16 12:25:26,Property Transfer noted near Jaipur Plaza 78 in Guwahati.,CASE0219
EV02788,P00319,Incident,2023-05-24 10:50:37,Incident noted near Kolkata Junction 45 in Bengaluru.,CASE0123
EV02789,P00458,Financial Activity,2024-09-04 19:20:17,Financial Activity noted near Chennai Park 96 in Ranchi.,CASE0213
EV02790,P00542,Meeting,2025-04-28 05:46:28,Meeting noted near Ranchi Market 132 in Nagpur.,CASE0029
EV02791,P01993,Financial Activity,2022-02-24 09:42:07,Financial Activity noted near Hyderabad Plaza 102 in Kochi.,CASE0117
EV02792,P00941,Property Transfer,2023-09-23 04:35:24,Property Transfer noted near Jaipur Market 31 in Ahmedabad.,CASE0145
EV02793,P01443,Financial Activity,2022-05-12 09:51:47,Financial Activity noted near Kochi Colony 148 in Delhi.,CASE0092
EV02794,P01302,Financial Activity,2023-07-02 13:03:44,Financial Activity noted near Ranchi Park 95 in Kolkata.,CASE0169
EV02795,P01437,Observation,2022-01-11 17:53:07,Observation noted near Nagpur Tower 130 in Kolkata.,CASE0155
EV02796,P00697,Meeting,2025-08-07 20:39:37,Meeting noted near Chennai Colony 153 in Chennai.,CASE0015
EV02797,P01781,Property Transfer,2022-11-29 10:34:56,Property Transfer noted near Hyderabad Plaza 102 in Kochi.,CASE0186
EV02798,P01210,Travel,2022-12-13 19:19:22,Travel noted near Bhopal Junction 151 in Patna.,CASE0067
EV02799,P01517,Financial Activity,2025-10-14 16:08:58,Financial Activity noted near Kolkata Park 15 in Lucknow.,CASE0239
EV02800,P01310,Meeting,2022-11-25 09:50:01,Meeting noted near Delhi Market 141 in Ranchi.,CASE0191
EV02801,P01653,Incident,2024-08-21 05:23:42,Incident noted near Jaipur Colony 114 in Delhi.,CASE0180
EV02802,P00055,Meeting,2023-04-29 01:26:08,Meeting noted near Nagpur Hub 103 in Nagpur.,CASE0213
EV02803,P01736,Incident,2023-06-15 14:40:40,Incident noted near Jaipur Colony 56 in Lucknow.,CASE0017
EV02804,P01651,Financial Activity,2022-11-12 15:19:54,Financial Activity noted near Indore Market 93 in Indore.,CASE0020
EV02805,P01355,Observation,2024-01-02 15:06:22,Observation noted near Visakhapatnam Plaza 120 in Visakhapatnam.,CASE0088
EV02806,P01373,Financial Activity,2024-10-02 17:58:22,Financial Activity noted near Visakhapatnam Market 50 in Jaipur.,CASE0076
EV02807,P00210,Financial Activity,2024-01-16 18:23:38,Financial Activity noted near Chennai Hub 5 in Pune.,CASE0087
EV02808,P01233,Incident,2023-03-06 19:39:39,Incident noted near Chennai Colony 153 in Surat.,CASE0070
EV02809,P00929,Financial Activity,2024-09-11 07:28:01,Financial Activity noted near Indore Park 109 in Chandigarh.,CASE0217
EV02810,P00066,Meeting,2023-11-26 21:47:34,Meeting noted near Ahmedabad Plaza 33 in Patna.,CASE0223
EV02811,P00055,Incident,2023-02-18 05:28:32,Incident noted near Delhi Junction 8 in Nagpur.,CASE0068
EV02812,P00748,Meeting,2024-04-23 14:38:57,Meeting noted near Guwahati Hub 129 in Bhopal.,CASE0087
EV02813,P01775,Travel,2025-06-03 12:15:32,Travel noted near Kochi Park 115 in Kolkata.,CASE0227
EV02814,P01993,Observation,2024-09-17 17:02:41,Observation noted near Chennai Tower 134 in Kochi.,CASE0206
EV02815,P00192,Meeting,2022-07-16 01:24:16,Meeting noted near Indore Market 23 in Delhi.,CASE0146
EV02816,P00564,Incident,2023-04-16 22:25:45,Incident noted near Guwahati Hub 129 in Surat.,CASE0083
EV02817,P00190,Property Transfer,2023-08-27 03:44:49,Property Transfer noted near Hyderabad Park 81 in Pune.,CASE0230
EV02818,P01919,Financial Activity,2022-08-06 15:32:12,Financial Activity noted near Bengaluru Market 43 in Ahmedabad.,CASE0058
EV02819,P01555,Travel,2022-05-01 06:12:02,Travel noted near Visakhapatnam Colony 6 in Guwahati.,CASE0033
EV02820,P00502,Travel,2025-07-20 20:51:58,Travel noted near Kolkata Park 15 in Patna.,CASE0116
EV02821,P00860,Incident,2022-06-13 13:39:06,Incident noted near Mumbai Plaza 27 in Kochi.,CASE0164
EV02822,P01430,Incident,2023-03-09 10:21:51,Incident noted near Chandigarh Plaza 89 in Mumbai.,CASE0220
EV02823,P01555,Financial Activity,2025-02-14 06:08:21,Financial Activity noted near Guwahati Colony 11 in Guwahati.,CASE0113
EV02824,P01765,Observation,2025-07-23 02:09:02,Observation noted near Visakhapatnam Colony 72 in Delhi.,CASE0083
EV02825,P00866,Meeting,2023-08-03 00:11:07,Meeting noted near Hyderabad Park 81 in Guwahati.,CASE0228
EV02826,P01386,Financial Activity,2024-01-31 02:47:56,Financial Activity noted near Jaipur Colony 56 in Ahmedabad.,CASE0165
EV02827,P00327,Meeting,2025-06-23 14:25:50,Meeting noted near Bengaluru Tower 105 in Ranchi.,CASE0159
EV02828,P00564,Financial Activity,2025-05-31 18:52:30,Financial Activity noted near Guwahati Colony 11 in Surat.,CASE0149
EV02829,P01775,Incident,2023-02-04 06:55:46,Incident noted near Lucknow Colony 73 in Kolkata.,CASE0022
EV02830,P01443,Observation,2023-02-23 17:00:16,Observation noted near Hyderabad Market 131 in Delhi.,CASE0167
EV02831,P00190,Observation,2024-06-24 20:36:23,Observation noted near Chennai Colony 48 in Pune.,CASE0231
EV02832,P01207,Travel,2022-07-04 14:08:20,Travel noted near Lucknow Park 79 in Kochi.,CASE0100
EV02833,P01438,Incident,2025-03-22 23:10:18,Incident noted near Lucknow Colony 29 in Delhi.,CASE0225
EV02834,P01509,Travel,2025-05-01 10:45:23,Travel noted near Nagpur Junction 36 in Lucknow.,CASE0037
EV02835,P00319,Observation,2023-08-02 13:26:30,Observation noted near Chennai Plaza 139 in Bengaluru.,CASE0207
EV02836,P00179,Travel,2024-12-25 10:42:51,Travel noted near Mumbai Hub 138 in Bengaluru.,CASE0121
EV02837,P00736,Meeting,2024-12-05 19:36:54,Meeting noted near Visakhapatnam Junction 34 in Ahmedabad.,CASE0031
EV02838,P01584,Meeting,2024-08-31 17:06:57,Meeting noted near Visakhapatnam Junction 110 in Lucknow.,CASE0066
EV02839,P00458,Travel,2022-07-12 21:07:21,Travel noted near Kolkata Plaza 119 in Ranchi.,CASE0086
EV02840,P01035,Observation,2025-01-21 21:44:16,Observation noted near Kolkata Junction 45 in Chennai.,CASE0079
EV02841,P00210,Incident,2024-12-27 15:09:39,Incident noted near Bhopal Park 68 in Pune.,CASE0044
EV02842,P00547,Travel,2022-12-29 00:47:48,Travel noted near Surat Plaza 156 in Chandigarh.,CASE0030
EV02843,P00736,Property Transfer,2024-07-27 20:13:48,Property Transfer noted near Surat Market 150 in Ahmedabad.,CASE0123
EV02844,P00089,Travel,2025-12-08 10:26:41,Travel noted near Kochi Market 28 in Guwahati.,CASE0232
EV02845,P00697,Meeting,2025-02-06 07:13:46,Meeting noted near Guwahati Plaza 57 in Chennai.,CASE0027
EV02846,P01237,Property Transfer,2023-11-27 01:43:29,Property Transfer noted near Ranchi Market 132 in Ahmedabad.,CASE0169
EV02847,P00865,Travel,2024-04-12 17:28:43,Travel noted near Nagpur Junction 51 in Bengaluru.,CASE0028
EV02848,P00062,Meeting,2023-10-28 13:17:13,Meeting noted near Guwahati Park 61 in Lucknow.,CASE0182
EV02849,P00319,Travel,2022-10-20 18:09:53,Travel noted near Chandigarh Hub 74 in Bengaluru.,CASE0165
EV02850,P01131,Financial Activity,2022-10-10 16:06:25,Financial Activity noted near Kochi Tower 126 in Kochi.,CASE0140
EV02851,P00327,Property Transfer,2022-02-26 08:37:51,Property Transfer noted near Indore Hub 2 in Ranchi.,CASE0075
EV02852,P00458,Observation,2025-06-20 12:35:52,Observation noted near Guwahati Hub 60 in Ranchi.,CASE0168
EV02853,P01386,Travel,2022-08-15 21:43:00,Travel noted near Surat Hub 20 in Ahmedabad.,CASE0231
EV02854,P00452,Property Transfer,2025-07-11 10:38:23,Property Transfer noted near Visakhapatnam Tower 42 in Chandigarh.,CASE0214
EV02855,P00094,Incident,2023-03-18 16:29:55,Incident noted near Chennai Hub 5 in Lucknow.,CASE0202
EV02856,P01564,Financial Activity,2022-06-30 05:26:23,Financial Activity noted near Lucknow Colony 87 in Kolkata.,CASE0041
EV02857,P01564,Incident,2025-07-01 14:22:22,Incident noted near Surat Hub 20 in Kolkata.,CASE0151
EV02858,P00052,Property Transfer,2024-03-20 13:00:58,Property Transfer noted near Chennai Tower 134 in Bengaluru.,CASE0086
EV02859,P00779,Observation,2022-10-10 22:11:24,Observation noted near Guwahati Park 61 in Delhi.,CASE0128
EV02860,P00319,Financial Activity,2022-11-13 21:04:00,Financial Activity noted near Indore Market 23 in Bengaluru.,CASE0090
EV02861,P01355,Property Transfer,2024-09-21 23:28:09,Property Transfer noted near Indore Tower 146 in Visakhapatnam.,CASE0015
EV02862,P01517,Meeting,2023-07-05 22:37:34,Meeting noted near Patna Market 67 in Lucknow.,CASE0211
EV02863,P01495,Property Transfer,2025-01-29 09:04:58,Property Transfer noted near Bengaluru Tower 105 in Hyderabad.,CASE0231
EV02864,P00866,Property Transfer,2023-11-08 19:06:57,Property Transfer noted near Kolkata Colony 127 in Guwahati.,CASE0120
EV02865,P01961,Property Transfer,2025-03-08 15:49:06,Property Transfer noted near Nagpur Hub 118 in Guwahati.,CASE0194
EV02866,P01775,Observation,2023-04-07 20:09:01,Observation noted near Mumbai Plaza 27 in Kolkata.,CASE0100
EV02867,P00448,Financial Activity,2024-07-19 10:19:01,Financial Activity noted near Patna Hub 52 in Surat.,CASE0097
EV02868,P01355,Meeting,2022-06-04 15:34:11,Meeting noted near Visakhapatnam Tower 42 in Visakhapatnam.,CASE0027
EV02869,P00394,Incident,2024-01-17 10:05:24,Incident noted near Ranchi Park 95 in Guwahati.,CASE0011
EV02870,P01183,Meeting,2023-01-14 20:01:38,Meeting noted near Kolkata Tower 30 in Bhopal.,CASE0112
EV02871,P01302,Meeting,2022-02-26 10:13:01,Meeting noted near Jaipur Colony 114 in Kolkata.,CASE0138
EV02872,P01765,Incident,2025-04-24 13:12:27,Incident noted near Chennai Tower 24 in Delhi.,CASE0021
EV02873,P00467,Property Transfer,2025-02-19 14:13:23,Property Transfer noted near Chennai Tower 134 in Chennai.,CASE0181
EV02874,P00458,Property Transfer,2024-10-28 19:33:13,Property Transfer noted near Lucknow Park 53 in Ranchi.,CASE0076
EV02875,P00779,Observation,2023-10-08 22:30:29,Observation noted near Hyderabad Junction 86 in Delhi.,CASE0172
EV02876,P00066,Meeting,2023-05-16 17:10:31,Meeting noted near Nagpur Plaza 106 in Patna.,CASE0228
EV02877,P00564,Incident,2023-02-17 07:04:46,Incident noted near Kolkata Tower 75 in Surat.,CASE0218
EV02878,P00547,Financial Activity,2024-12-18 21:00:55,Financial Activity noted near Chennai Plaza 139 in Chandigarh.,CASE0182
EV02879,P01386,Observation,2024-02-15 16:09:46,Observation noted near Visakhapatnam Tower 124 in Ahmedabad.,CASE0067
EV02880,P01775,Observation,2024-05-28 21:01:14,Observation noted near Nagpur Market 32 in Kolkata.,CASE0240
EV02881,P01150,Observation,2025-07-04 19:08:12,Observation noted near Ahmedabad Tower 98 in Guwahati.,CASE0045
EV02882,P01386,Observation,2025-01-04 02:11:36,Observation noted near Ahmedabad Tower 98 in Ahmedabad.,CASE0161
EV02883,P01564,Financial Activity,2022-10-28 09:57:13,Financial Activity noted near Delhi Junction 46 in Kolkata.,CASE0074
EV02884,P01752,Observation,2025-06-02 20:57:57,Observation noted near Delhi Junction 46 in Indore.,CASE0207
EV02885,P00327,Travel,2025-01-19 09:47:14,Travel noted near Guwahati Plaza 92 in Ranchi.,CASE0115
EV02886,P00593,Financial Activity,2024-03-17 09:55:00,Financial Activity noted near Guwahati Plaza 152 in Hyderabad.,CASE0177
EV02887,P01207,Travel,2022-06-18 07:00:32,Travel noted near Lucknow Park 79 in Kochi.,CASE0100
EV02888,P00286,Incident,2025-01-19 14:20:16,Incident noted near Indore Market 135 in Mumbai.,CASE0206
EV02889,P00748,Observation,2023-02-13 01:11:09,Observation noted near Chandigarh Plaza 89 in Bhopal.,CASE0079
EV02890,P00728,Financial Activity,2022-01-20 13:48:32,Financial Activity noted near Indore Tower 146 in Patna.,CASE0207
EV02891,P01961,Travel,2023-12-21 06:45:34,Travel noted near Hyderabad Plaza 102 in Guwahati.,CASE0116
EV02892,P01752,Incident,2024-02-06 08:51:51,Incident noted near Ahmedabad Plaza 33 in Indore.,CASE0054
EV02893,P00593,Travel,2023-10-22 11:38:29,Travel noted near Ranchi Park 95 in Hyderabad.,CASE0212
EV02894,P01302,Meeting,2024-04-06 01:33:57,Meeting noted near Indore Tower 146 in Kolkata.,CASE0124
EV02895,P01653,Property Transfer,2025-03-12 20:13:36,Property Transfer noted near Visakhapatnam Hub 123 in Delhi.,CASE0023
EV02896,P01993,Property Transfer,2023-10-29 05:39:29,Property Transfer noted near Surat Plaza 122 in Kochi.,CASE0219
EV02897,P00179,Observation,2025-12-06 00:24:57,Observation noted near Bhopal Junction 58 in Bengaluru.,CASE0118
EV02898,P01709,Meeting,2025-12-11 22:37:49,Meeting noted near Pune Market 17 in Patna.,CASE0155
EV02899,P01919,Incident,2025-10-07 22:31:12,Incident noted near Nagpur Market 32 in Ahmedabad.,CASE0172
EV02900,P01467,Incident,2025-11-09 13:55:19,Incident noted near Indore Hub 63 in Chandigarh.,CASE0210
EV02901,P00748,Meeting,2024-01-05 13:52:25,Meeting noted near Jaipur Market 31 in Bhopal.,CASE0035
EV02902,P01752,Meeting,2023-07-05 07:37:44,Meeting noted near Nagpur Junction 36 in Indore.,CASE0017
EV02903,P00190,Incident,2022-08-09 21:46:31,Incident noted near Chandigarh Market 54 in Pune.,CASE0040
EV02904,P00190,Observation,2022-09-21 17:20:10,Observation noted near Ranchi Market 132 in Pune.,CASE0191
EV02905,P00327,Incident,2023-11-19 12:35:17,Incident noted near Bhopal Junction 58 in Ranchi.,CASE0183
EV02906,P01467,Observation,2022-09-07 01:43:20,Observation noted near Chandigarh Plaza 89 in Chandigarh.,CASE0109
EV02907,P01517,Property Transfer,2024-03-19 04:39:55,Property Transfer noted near Lucknow Colony 29 in Lucknow.,CASE0090
EV02908,P01302,Property Transfer,2023-05-02 02:37:50,Property Transfer noted near Pune Tower 71 in Kolkata.,CASE0188
EV02909,P00929,Property Transfer,2023-04-16 12:20:34,Property Transfer noted near Visakhapatnam Hub 123 in Chandigarh.,CASE0097
EV02910,P01519,Financial Activity,2024-08-19 16:48:34,Financial Activity noted near Nagpur Tower 130 in Delhi.,CASE0186
EV02911,P00334,Property Transfer,2025-02-06 23:48:20,Property Transfer noted near Kochi Colony 148 in Bhopal.,CASE0131
EV02912,P01210,Financial Activity,2023-12-27 19:22:31,Financial Activity noted near Delhi Park 47 in Patna.,CASE0011
EV02913,P00229,Financial Activity,2023-04-03 05:35:42,Financial Activity noted near Indore Market 83 in Visakhapatnam.,CASE0203
EV02914,P01035,Travel,2025-02-17 07:35:24,Travel noted near Visakhapatnam Junction 34 in Chennai.,CASE0036
EV02915,P00062,Financial Activity,2023-09-19 12:59:02,Financial Activity noted near Chennai Colony 153 in Lucknow.,CASE0133
EV02916,P01653,Incident,2023-10-07 03:50:37,Incident noted near Nagpur Junction 51 in Delhi.,CASE0152
EV02917,P00207,Travel,2022-06-27 10:55:51,Travel noted near Visakhapatnam Hub 38 in Mumbai.,CASE0111
EV02918,P00741,Meeting,2025-11-04 20:12:18,Meeting noted near Kolkata Plaza 119 in Ahmedabad.,CASE0236
EV02919,P00542,Meeting,2024-10-15 04:48:54,Meeting noted near Kochi Tower 144 in Nagpur.,CASE0198
EV02920,P01331,Observation,2023-10-25 20:33:16,Observation noted near Kolkata Hub 143 in Mumbai.,CASE0183
EV02921,P00929,Travel,2024-03-25 15:08:17,Travel noted near Jaipur Colony 114 in Chandigarh.,CASE0166
EV02922,P01709,Travel,2022-05-22 08:46:43,Travel noted near Chennai Colony 153 in Patna.,CASE0053
EV02923,P00477,Property Transfer,2025-01-22 12:16:00,Property Transfer noted near Delhi Junction 8 in Kochi.,CASE0183
EV02924,P01555,Travel,2022-08-07 14:39:16,Travel noted near Lucknow Park 94 in Guwahati.,CASE0017
EV02925,P01373,Observation,2025-01-03 23:25:12,Observation noted near Patna Hub 52 in Jaipur.,CASE0033
EV02926,P01495,Travel,2025-02-23 19:20:25,Travel noted near Jaipur Market 31 in Hyderabad.,CASE0206
EV02927,P01430,Travel,2024-03-12 13:26:16,Travel noted near Nagpur Hub 26 in Mumbai.,CASE0001
EV02928,P01584,Incident,2023-01-08 08:23:51,Incident noted near Mumbai Plaza 27 in Lucknow.,CASE0216
EV02929,P01765,Financial Activity,2025-10-23 14:54:24,Financial Activity noted near Chennai Plaza 139 in Delhi.,CASE0173
EV02930,P01237,Meeting,2025-02-19 07:13:38,Meeting noted near Lucknow Park 53 in Ahmedabad.,CASE0070
EV02931,P00920,Incident,2025-01-12 23:58:31,Incident noted near Nagpur Tower 130 in Nagpur.,CASE0140
EV02932,P01961,Incident,2022-06-21 19:06:54,Incident noted near Indore Junction 101 in Guwahati.,CASE0216
EV02933,P00941,Observation,2023-06-23 11:05:15,Observation noted near Indore Hub 2 in Ahmedabad.,CASE0184
EV02934,P00779,Financial Activity,2024-05-16 17:23:44,Financial Activity noted near Indore Hub 2 in Delhi.,CASE0197
EV02935,P00327,Meeting,2025-08-12 01:44:27,Meeting noted near Visakhapatnam Tower 42 in Ranchi.,CASE0216
EV02936,P00094,Observation,2022-06-19 00:52:38,Observation noted near Visakhapatnam Junction 110 in Lucknow.,CASE0171
EV02937,P00210,Travel,2023-05-07 10:46:24,Travel noted near Visakhapatnam Tower 42 in Pune.,CASE0208
EV02938,P01519,Financial Activity,2024-04-01 08:46:44,Financial Activity noted near Chandigarh Junction 44 in Delhi.,CASE0141
EV02939,P00052,Travel,2025-02-27 15:50:13,Travel noted near Ranchi Market 132 in Bengaluru.,CASE0057
EV02940,P00014,Meeting,2024-09-07 10:54:02,Meeting noted near Chandigarh Market 54 in Hyderabad.,CASE0209
EV02941,P00327,Observation,2022-12-17 04:49:39,Observation noted near Indore Market 136 in Ranchi.,CASE0012
EV02942,P00143,Observation,2023-11-22 10:32:19,Observation noted near Indore Market 136 in Mumbai.,CASE0116
EV02943,P01564,Meeting,2024-03-29 05:30:11,Meeting noted near Guwahati Junction 159 in Kolkata.,CASE0039
EV02944,P00319,Meeting,2023-01-02 23:28:27,Meeting noted near Surat Market 150 in Bengaluru.,CASE0237
EV02945,P00319,Property Transfer,2025-11-17 06:05:46,Property Transfer noted near Ahmedabad Plaza 35 in Bengaluru.,CASE0095
EV02946,P01267,Observation,2025-09-04 22:47:50,Observation noted near Nagpur Hub 118 in Chennai.,CASE0054
EV02947,P00143,Observation,2023-12-14 17:59:39,Observation noted near Ahmedabad Tower 98 in Mumbai.,CASE0085
EV02948,P01267,Meeting,2025-12-20 10:51:13,Meeting noted near Kolkata Park 15 in Chennai.,CASE0201
EV02949,P00601,Financial Activity,2024-04-10 00:25:10,Financial Activity noted near Guwahati Park 158 in Chennai.,CASE0039
EV02950,P01517,Travel,2023-02-14 19:18:04,Travel noted near Delhi Market 141 in Lucknow.,CASE0134
EV02951,P00452,Incident,2022-09-09 09:49:03,Incident noted near Visakhapatnam Market 50 in Chandigarh.,CASE0044
EV02952,P00430,Observation,2025-07-31 07:17:12,Observation noted near Hyderabad Park 7 in Chennai.,CASE0129
EV02953,P01651,Meeting,2022-06-16 11:19:19,Meeting noted near Indore Market 93 in Indore.,CASE0027
EV02954,P01233,Meeting,2024-09-14 23:35:16,Meeting noted near Kochi Park 117 in Surat.,CASE0001
EV02955,P01035,Incident,2024-09-28 21:45:20,Incident noted near Nagpur Hub 26 in Chennai.,CASE0073
EV02956,P00547,Meeting,2022-02-12 10:12:51,Meeting noted near Pune Market 65 in Chandigarh.,CASE0209
EV02957,P01517,Observation,2022-06-28 01:11:02,Observation noted near Nagpur Plaza 106 in Lucknow.,CASE0154
EV02958,P00190,Property Transfer,2022-02-18 17:24:03,Property Transfer noted near Visakhapatnam Colony 6 in Pune.,CASE0093
EV02959,P00162,Financial Activity,2024-11-13 13:51:40,Financial Activity noted near Delhi Park 49 in Lucknow.,CASE0013
EV02960,P01584,Observation,2023-07-18 05:43:53,Observation noted near Bengaluru Market 43 in Lucknow.,CASE0028
EV02961,P00477,Meeting,2025-03-24 12:43:38,Meeting noted near Bengaluru Tower 105 in Kochi.,CASE0152
EV02962,P00728,Meeting,2022-05-02 01:34:03,Meeting noted near Patna Market 67 in Patna.,CASE0225
EV02963,P00542,Property Transfer,2024-10-22 03:01:43,Property Transfer noted near Guwahati Plaza 57 in Nagpur.,CASE0108
EV02964,P01207,Travel,2022-06-11 05:05:18,Travel noted near Visakhapatnam Tower 124 in Kochi.,CASE0130
EV02965,P00190,Property Transfer,2023-10-15 05:54:22,Property Transfer noted near Nagpur Junction 37 in Pune.,CASE0051
EV02966,P01584,Financial Activity,2022-11-02 21:13:12,Financial Activity noted near Hyderabad Hub 16 in Lucknow.,CASE0147
EV02967,P00920,Property Transfer,2023-06-10 08:58:08,Property Transfer noted near Patna Market 70 in Nagpur.,CASE0166
EV02968,P01509,Meeting,2022-08-02 01:54:24,Meeting noted near Guwahati Park 61 in Lucknow.,CASE0158
EV02969,P01564,Meeting,2022-02-05 12:05:25,Meeting noted near Visakhapatnam Hub 112 in Kolkata.,CASE0095
EV02970,P01781,Financial Activity,2024-01-26 19:17:20,Financial Activity noted near Visakhapatnam Hub 123 in Kochi.,CASE0013
EV02971,P01555,Travel,2022-01-03 05:24:59,Travel noted near Lucknow Park 79 in Guwahati.,CASE0088
EV02972,P00408,Observation,2023-07-10 06:09:24,Observation noted near Chandigarh Tower 157 in Delhi.,CASE0037
EV02973,P01150,Incident,2024-09-21 16:54:37,Incident noted near Nagpur Tower 104 in Guwahati.,CASE0032
EV02974,P01183,Observation,2025-05-15 17:36:21,Observation noted near Ranchi Junction 140 in Bhopal.,CASE0151
EV02975,P00697,Travel,2024-08-23 06:50:45,Travel noted near Hyderabad Market 131 in Chennai.,CASE0118
EV02976,P00593,Property Transfer,2022-09-30 17:24:37,Property Transfer noted near Visakhapatnam Market 50 in Hyderabad.,CASE0015
EV02977,P00408,Travel,2025-01-08 01:07:12,Travel noted near Chandigarh Market 54 in Delhi.,CASE0127
EV02978,P00866,Observation,2025-07-21 09:40:20,Observation noted near Kochi Park 117 in Guwahati.,CASE0197
EV02979,P01355,Property Transfer,2023-10-31 13:18:51,Property Transfer noted near Visakhapatnam Tower 124 in Visakhapatnam.,CASE0101
EV02980,P01310,Observation,2025-08-12 10:48:47,Observation noted near Visakhapatnam Colony 72 in Ranchi.,CASE0045
EV02981,P01814,Property Transfer,2024-05-10 05:46:46,Property Transfer noted near Lucknow Colony 87 in Bhopal.,CASE0108
EV02982,P01814,Meeting,2025-11-14 00:42:52,Meeting noted near Jaipur Plaza 78 in Bhopal.,CASE0110
EV02983,P00229,Incident,2024-08-18 07:23:49,Incident noted near Nagpur Junction 37 in Visakhapatnam.,CASE0118
EV02984,P00502,Financial Activity,2023-01-18 23:20:43,Financial Activity noted near Bengaluru Tower 105 in Patna.,CASE0172
EV02985,P01035,Meeting,2022-05-03 09:28:20,Meeting noted near Indore Market 136 in Chennai.,CASE0212
EV02986,P01443,Financial Activity,2023-08-26 06:01:18,Financial Activity noted near Lucknow Park 79 in Delhi.,CASE0029
EV02987,P00394,Meeting,2023-04-29 14:39:53,Meeting noted near Delhi Colony 133 in Guwahati.,CASE0171
EV02988,P01207,Incident,2025-12-12 17:12:52,Incident noted near Jaipur Plaza 78 in Kochi.,CASE0120
EV02989,P01889,Meeting,2024-06-05 11:09:21,Meeting noted near Guwahati Junction 159 in Patna.,CASE0044
EV02990,P00542,Travel,2025-11-29 08:08:23,Travel noted near Bengaluru Tower 105 in Nagpur.,CASE0051
EV02991,P01131,Property Transfer,2024-04-10 08:50:10,Property Transfer noted near Hyderabad Hub 16 in Kochi.,CASE0174
EV02992,P01555,Property Transfer,2022-02-23 16:34:35,Property Transfer noted near Kochi Park 121 in Guwahati.,CASE0188
EV02993,P00570,Incident,2023-11-19 20:52:45,Incident noted near Chennai Hub 5 in Chennai.,CASE0153
EV02994,P00748,Observation,2024-02-19 02:15:38,Observation noted near Guwahati Plaza 92 in Bhopal.,CASE0109
EV02995,P00448,Meeting,2023-03-15 06:17:42,Meeting noted near Nagpur Junction 37 in Surat.,CASE0224
EV02996,P00860,Property Transfer,2023-10-30 14:48:40,Property Transfer noted near Hyderabad Junction 86 in Kochi.,CASE0067
EV02997,P01699,Travel,2025-11-06 09:51:40,Travel noted near Chandigarh Junction 44 in Surat.,CASE0045
EV02998,P01919,Observation,2025-01-23 23:41:39,Observation noted near Bhopal Junction 151 in Ahmedabad.,CASE0221
EV02999,P00199,Travel,2023-07-05 12:35:33,Travel noted near Hyderabad Plaza 22 in Ranchi.,CASE0044
EV03000,P00286,Incident,2024-09-20 15:02:43,Incident noted near Hyderabad Tower 85 in Mumbai.,CASE0222
EV03001,P01781,Incident,2022-08-09 16:10:05,Incident noted near Ahmedabad Tower 98 in Kochi.,CASE0021
EV03002,P01302,Meeting,2024-04-16 11:59:53,Meeting noted near Bhopal Junction 58 in Kolkata.,CASE0203
EV03003,P00759,Observation,2025-09-16 20:28:12,Observation noted near Chennai Plaza 139 in Jaipur.,CASE0030
EV03004,P00542,Incident,2022-01-23 01:25:04,Incident noted near Visakhapatnam Hub 123 in Nagpur.,CASE0075
EV03005,P00094,Financial Activity,2023-04-29 16:36:37,Financial Activity noted near Patna Tower 13 in Lucknow.,CASE0164
EV03006,P01302,Incident,2024-09-01 02:19:47,Incident noted near Mumbai Junction 88 in Kolkata.,CASE0026
EV03007,P01207,Travel,2024-02-11 04:33:02,Travel noted near Indore Tower 39 in Kochi.,CASE0155
EV03008,P01310,Financial Activity,2024-01-22 16:25:45,Financial Activity noted near Hyderabad Park 7 in Ranchi.,CASE0044
EV03009,P00062,Incident,2025-07-21 13:13:10,Incident noted near Ranchi Colony 111 in Lucknow.,CASE0233
EV03010,P00779,Observation,2024-02-21 06:23:37,Observation noted near Jaipur Colony 114 in Delhi.,CASE0030
EV03011,P01210,Travel,2024-10-02 14:58:37,Travel noted near Ranchi Junction 140 in Patna.,CASE0118
EV03012,P00229,Travel,2022-09-16 07:30:51,Travel noted near Guwahati Junction 159 in Visakhapatnam.,CASE0103
EV03013,P01443,Observation,2022-02-24 15:59:26,Observation noted near Nagpur Hub 118 in Delhi.,CASE0081
EV03014,P00199,Financial Activity,2024-08-20 00:56:57,Financial Activity noted near Guwahati Plaza 152 in Ranchi.,CASE0174
EV03015,P01207,Observation,2025-03-21 17:55:26,Observation noted near Chandigarh Junction 44 in Kochi.,CASE0060
EV03016,P01828,Property Transfer,2025-06-05 22:01:27,Property Transfer noted near Delhi Colony 133 in Chandigarh.,CASE0172
EV03017,P01288,Property Transfer,2024-06-23 09:25:45,Property Transfer noted near Chandigarh Hub 74 in Guwahati.,CASE0064
EV03018,P00143,Meeting,2022-06-26 16:14:51,Meeting noted near Mumbai Junction 88 in Mumbai.,CASE0175
EV03019,P01889,Financial Activity,2022-06-10 17:16:32,Financial Activity noted near Pune Junction 25 in Patna.,CASE0202
EV03020,P00452,Observation,2025-08-19 12:15:11,Observation noted near Delhi Market 141 in Chandigarh.,CASE0181
EV03021,P01437,Travel,2024-01-17 02:21:20,Travel noted near Ranchi Colony 111 in Kolkata.,CASE0022
EV03022,P00207,Incident,2025-09-22 23:33:41,Incident noted near Guwahati Colony 11 in Mumbai.,CASE0014
EV03023,P01736,Incident,2022-01-23 00:34:16,Incident noted near Guwahati Plaza 152 in Lucknow.,CASE0169
EV03024,P00066,Financial Activity,2022-06-15 06:30:06,Financial Activity noted near Pune Colony 59 in Patna.,CASE0129
EV03025,P01267,Observation,2022-04-28 17:48:44,Observation noted near Indore Hub 63 in Chennai.,CASE0152
EV03026,P01437,Incident,2024-01-19 18:13:23,Incident noted near Patna Colony 77 in Kolkata.,CASE0040
EV03027,P00502,Financial Activity,2022-10-07 19:32:45,Financial Activity noted near Ranchi Colony 90 in Patna.,CASE0118
EV03028,P00705,Observation,2023-11-14 22:41:23,Observation noted near Visakhapatnam Colony 72 in Visakhapatnam.,CASE0009
EV03029,P01150,Property Transfer,2025-12-23 09:51:23,Property Transfer noted near Kochi Park 115 in Guwahati.,CASE0133
EV03030,P00467,Property Transfer,2023-10-17 12:38:19,Property Transfer noted near Indore Market 136 in Chennai.,CASE0093
EV03031,P00860,Property Transfer,2023-04-25 10:42:24,Property Transfer noted near Kochi Park 115 in Kochi.,CASE0036
EV03032,P00408,Observation,2025-05-30 01:30:04,Observation noted near Hyderabad Plaza 22 in Delhi.,CASE0135
EV03033,P01653,Property Transfer,2022-09-28 07:35:00,Property Transfer noted near Bhopal Hub 113 in Delhi.,CASE0075
EV03034,P01437,Meeting,2022-02-27 14:54:30,Meeting noted near Surat Plaza 156 in Kolkata.,CASE0010
EV03035,P00697,Financial Activity,2022-07-09 11:19:14,Financial Activity noted near Lucknow Colony 73 in Chennai.,CASE0143
EV03036,P00055,Meeting,2024-07-02 17:43:24,Meeting noted near Pune Junction 25 in Nagpur.,CASE0160
EV03037,P01117,Incident,2023-09-22 12:08:19,Incident noted near Mumbai Hub 138 in Bengaluru.,CASE0052
EV03038,P00441,Incident,2022-06-20 09:48:10,Incident noted near Mumbai Plaza 27 in Kolkata.,CASE0128
EV03039,P00164,Incident,2022-10-31 14:32:14,Incident noted near Indore Tower 128 in Indore.,CASE0152
EV03040,P00860,Property Transfer,2025-11-16 10:08:38,Property Transfer noted near Delhi Park 49 in Kochi.,CASE0123
EV03041,P01519,Travel,2022-11-10 09:11:25,Travel noted near Bhopal Park 68 in Delhi.,CASE0137
EV03042,P01288,Property Transfer,2023-03-15 01:06:47,Property Transfer noted near Jaipur Colony 114 in Guwahati.,CASE0130
EV03043,P01658,Property Transfer,2023-12-18 09:18:57,Property Transfer noted near Delhi Junction 46 in Nagpur.,CASE0049
EV03044,P01117,Travel,2022-03-10 17:57:45,Travel noted near Mumbai Plaza 27 in Bengaluru.,CASE0003
EV03045,P01386,Meeting,2022-05-05 18:25:24,Meeting noted near Pune Market 65 in Ahmedabad.,CASE0205
EV03046,P00190,Financial Activity,2023-08-14 00:08:11,Financial Activity noted near Hyderabad Tower 10 in Pune.,CASE0238
EV03047,P01653,Financial Activity,2025-02-27 16:38:59,Financial Activity noted near Indore Hub 63 in Delhi.,CASE0233
EV03048,P00690,Financial Activity,2024-05-11 09:25:12,Financial Activity noted near Surat Hub 20 in Kolkata.,CASE0140
EV03049,P00207,Incident,2022-03-29 20:14:44,Incident noted near Delhi Junction 46 in Mumbai.,CASE0230
EV03050,P01828,Meeting,2025-05-24 07:58:06,Meeting noted near Guwahati Park 61 in Chandigarh.,CASE0045
EV03051,P00162,Meeting,2022-02-13 15:36:40,Meeting noted near Chandigarh Tower 157 in Lucknow.,CASE0137
EV03052,P00207,Meeting,2023-12-05 08:08:35,Meeting noted near Guwahati Junction 159 in Mumbai.,CASE0202
EV03053,P01438,Property Transfer,2023-09-13 18:54:44,Property Transfer noted near Guwahati Junction 159 in Delhi.,CASE0061
EV03054,P00941,Observation,2025-06-04 03:09:37,Observation noted near Ranchi Plaza 100 in Ahmedabad.,CASE0229
EV03055,P00062,Incident,2023-10-19 05:32:53,Incident noted near Hyderabad Hub 16 in Lucknow.,CASE0024
EV03056,P01564,Observation,2025-04-13 18:49:33,Observation noted near Delhi Colony 133 in Kolkata.,CASE0178
EV03057,P00759,Financial Activity,2022-08-27 05:09:04,Financial Activity noted near Mumbai Hub 55 in Jaipur.,CASE0155
EV03058,P01310,Observation,2023-05-01 17:06:19,Observation noted near Visakhapatnam Junction 21 in Ranchi.,CASE0036
EV03059,P01467,Travel,2025-05-14 08:48:27,Travel noted near Visakhapatnam Junction 110 in Chandigarh.,CASE0139
EV03060,P00736,Meeting,2025-10-08 11:52:56,Meeting noted near Patna Hub 52 in Ahmedabad.,CASE0196
EV03061,P00192,Meeting,2025-02-01 07:18:41,Meeting noted near Mumbai Hub 76 in Delhi.,CASE0141
EV03062,P00865,Travel,2023-01-11 15:59:15,Travel noted near Nagpur Junction 116 in Bengaluru.,CASE0023
EV03063,P01814,Travel,2024-03-31 22:47:44,Travel noted near Visakhapatnam Tower 14 in Bhopal.,CASE0145
EV03064,P00547,Incident,2025-08-19 15:34:16,Incident noted near Nagpur Plaza 106 in Chandigarh.,CASE0047
EV03065,P00564,Property Transfer,2023-02-10 16:54:15,Property Transfer noted near Guwahati Park 158 in Surat.,CASE0231
EV03066,P00776,Incident,2025-08-25 16:47:54,Incident noted near Ranchi Colony 111 in Delhi.,CASE0098
EV03067,P00441,Meeting,2022-11-20 17:31:20,Meeting noted near Delhi Junction 8 in Kolkata.,CASE0074
EV03068,P00728,Travel,2024-09-08 07:18:30,Travel noted near Kolkata Park 18 in Patna.,CASE0054
EV03069,P00094,Financial Activity,2023-03-11 02:55:25,Financial Activity noted near Patna Market 67 in Lucknow.,CASE0183
EV03070,P00394,Travel,2025-03-20 21:25:55,Travel noted near Visakhapatnam Colony 6 in Guwahati.,CASE0013
EV03071,P01699,Meeting,2024-04-25 05:10:18,Meeting noted near Chandigarh Hub 74 in Surat.,CASE0221
EV03072,P01386,Meeting,2024-07-25 23:45:38,Meeting noted near Indore Market 83 in Ahmedabad.,CASE0111
EV03073,P00941,Property Transfer,2023-09-17 00:50:25,Property Transfer noted near Nagpur Tower 104 in Ahmedabad.,CASE0189
EV03074,P00430,Property Transfer,2022-03-16 09:24:38,Property Transfer noted near Visakhapatnam Tower 14 in Chennai.,CASE0078
EV03075,P00062,Incident,2022-09-15 18:54:57,Incident noted near Indore Market 93 in Lucknow.,CASE0187
EV03076,P00865,Meeting,2024-01-28 00:16:37,Meeting noted near Bengaluru Tower 66 in Bengaluru.,CASE0115
EV03077,P01355,Travel,2025-05-25 18:08:29,Travel noted near Hyderabad Tower 10 in Visakhapatnam.,CASE0038
EV03078,P01555,Financial Activity,2022-04-11 21:20:27,Financial Activity noted near Nagpur Junction 37 in Guwahati.,CASE0216
EV03079,P01430,Incident,2024-11-09 22:00:50,Incident noted near Indore Junction 101 in Mumbai.,CASE0072
EV03080,P00229,Travel,2024-07-04 18:28:36,Travel noted near Indore Market 135 in Visakhapatnam.,CASE0084
EV03081,P01131,Financial Activity,2022-05-10 11:43:54,Financial Activity noted near Kolkata Colony 127 in Kochi.,CASE0086
EV03082,P00207,Incident,2024-06-01 06:49:44,Incident noted near Bengaluru Market 43 in Mumbai.,CASE0211
EV03083,P01814,Meeting,2025-05-06 08:11:08,Meeting noted near Pune Junction 125 in Bhopal.,CASE0202
EV03084,P01443,Meeting,2025-06-06 03:36:15,Meeting noted near Bengaluru Market 43 in Delhi.,CASE0165
EV03085,P01889,Observation,2022-04-27 12:10:16,Observation noted near Indore Tower 39 in Patna.,CASE0222
EV03086,P00690,Travel,2024-03-28 02:51:48,Travel noted near Nagpur Market 32 in Kolkata.,CASE0092
EV03087,P00502,Observation,2022-11-24 23:06:33,Observation noted near Pune Market 17 in Patna.,CASE0202
EV03088,P01736,Incident,2023-05-28 08:15:24,Incident noted near Lucknow Plaza 142 in Lucknow.,CASE0139
EV03089,P00759,Incident,2024-07-25 23:19:07,Incident noted near Hyderabad Colony 145 in Jaipur.,CASE0167
EV03090,P00452,Observation,2025-10-23 23:49:07,Observation noted near Mumbai Junction 88 in Chandigarh.,CASE0122
EV03091,P01736,Meeting,2024-05-31 04:49:13,Meeting noted near Ranchi Colony 90 in Lucknow.,CASE0080
EV03092,P00014,Travel,2023-05-12 23:53:40,Travel noted near Bhopal Plaza 160 in Hyderabad.,CASE0030
EV03093,P01443,Travel,2025-03-01 11:29:26,Travel noted near Jaipur Colony 56 in Delhi.,CASE0141
EV03094,P00229,Property Transfer,2023-06-15 19:29:05,Property Transfer noted near Mumbai Hub 138 in Visakhapatnam.,CASE0180
EV03095,P01373,Incident,2022-03-29 12:00:00,Incident noted near Mumbai Plaza 27 in Jaipur.,CASE0140
EV03096,P01765,Observation,2024-12-25 06:33:23,Observation noted near Delhi Junction 8 in Delhi.,CASE0033
EV03097,P00062,Travel,2023-01-10 04:33:37,Travel noted near Indore Tower 146 in Lucknow.,CASE0012
EV03098,P00286,Travel,2025-07-29 23:18:12,Travel noted near Mumbai Hub 138 in Mumbai.,CASE0097
EV03099,P00014,Financial Activity,2023-09-05 01:37:26,Financial Activity noted near Guwahati Hub 60 in Hyderabad.,CASE0023
EV03100,P00741,Property Transfer,2023-09-26 20:56:15,Property Transfer noted near Patna Market 4 in Ahmedabad.,CASE0098
EV03101,P01658,Financial Activity,2025-01-14 07:31:44,Financial Activity noted near Delhi Market 141 in Nagpur.,CASE0149
EV03102,P01495,Travel,2023-06-17 22:33:39,Travel noted near Kochi Tower 126 in Hyderabad.,CASE0183
EV03103,P00547,Observation,2023-04-25 11:37:23,Observation noted near Delhi Junction 8 in Chandigarh.,CASE0084
EV03104,P00477,Travel,2025-06-03 12:26:28,Travel noted near Bhopal Junction 151 in Kochi.,CASE0175
EV03105,P01828,Incident,2022-02-17 00:08:20,Incident noted near Chennai Park 96 in Chandigarh.,CASE0130
EV03106,P00066,Financial Activity,2022-09-30 16:45:07,Financial Activity noted near Indore Hub 2 in Patna.,CASE0157
EV03107,P00430,Financial Activity,2024-06-02 07:26:08,Financial Activity noted near Bhopal Hub 64 in Chennai.,CASE0170
EV03108,P00705,Property Transfer,2024-05-27 13:45:18,Property Transfer noted near Kolkata Hub 143 in Visakhapatnam.,CASE0141
EV03109,P00286,Financial Activity,2024-12-04 11:41:37,Financial Activity noted near Kochi Park 117 in Mumbai.,CASE0238
EV03110,P01752,Financial Activity,2023-12-31 09:28:04,Financial Activity noted near Pune Market 65 in Indore.,CASE0160
EV03111,P00728,Property Transfer,2023-01-07 05:51:55,Property Transfer noted near Nagpur Hub 118 in Patna.,CASE0015
EV03112,P01438,Observation,2023-03-22 19:11:33,Observation noted near Jaipur Market 31 in Delhi.,CASE0034
EV03113,P00055,Incident,2024-03-02 19:25:33,Incident noted near Visakhapatnam Plaza 120 in Nagpur.,CASE0025
EV03114,P01233,Financial Activity,2025-07-09 09:31:53,Financial Activity noted near Lucknow Park 94 in Surat.,CASE0145
EV03115,P00748,Incident,2024-02-16 23:42:30,Incident noted near Chandigarh Plaza 89 in Bhopal.,CASE0022
EV03116,P01584,Financial Activity,2022-11-20 08:41:13,Financial Activity noted near Lucknow Park 94 in Lucknow.,CASE0026
EV03117,P01183,Property Transfer,2023-11-30 23:53:58,Property Transfer noted near Nagpur Hub 118 in Bhopal.,CASE0128
EV03118,P01437,Incident,2024-04-27 01:22:22,Incident noted near Lucknow Plaza 142 in Kolkata.,CASE0186
EV03119,P00062,Meeting,2022-06-02 04:20:39,Meeting noted near Delhi Hub 3 in Lucknow.,CASE0115
EV03120,P01709,Property Transfer,2025-05-21 23:03:52,Property Transfer noted near Hyderabad Market 131 in Patna.,CASE0015
EV03121,P00066,Financial Activity,2024-09-24 19:00:55,Financial Activity noted near Mumbai Park 41 in Patna.,CASE0128
EV03122,P00319,Observation,2024-08-05 10:34:42,Observation noted near Visakhapatnam Colony 6 in Bengaluru.,CASE0181
EV03123,P00776,Meeting,2025-11-19 01:53:18,Meeting noted near Visakhapatnam Junction 34 in Delhi.,CASE0149
EV03124,P00179,Meeting,2025-07-05 15:42:30,Meeting noted near Bhopal Hub 113 in Bengaluru.,CASE0227
EV03125,P01267,Property Transfer,2022-11-22 03:10:02,Property Transfer noted near Nagpur Junction 116 in Chennai.,CASE0018
EV03126,P01386,Incident,2024-03-22 23:35:51,Incident noted near Guwahati Plaza 57 in Ahmedabad.,CASE0048
EV03127,P01331,Incident,2024-05-13 00:12:30,Incident noted near Delhi Junction 46 in Mumbai.,CASE0157
EV03128,P01828,Financial Activity,2022-03-01 14:46:52,Financial Activity noted near Hyderabad Market 131 in Chandigarh.,CASE0120
EV03129,P01373,Observation,2024-09-11 14:08:05,Observation noted near Guwahati Hub 129 in Jaipur.,CASE0151
EV03130,P00593,Property Transfer,2025-01-20 17:27:15,Property Transfer noted near Kolkata Park 18 in Hyderabad.,CASE0189
EV03131,P00066,Incident,2023-11-16 11:08:54,Incident noted near Kolkata Tower 30 in Patna.,CASE0037
EV03132,P00094,Travel,2022-12-08 22:59:03,Travel noted near Jaipur Colony 114 in Lucknow.,CASE0173
EV03133,P00143,Travel,2022-12-09 08:07:48,Travel noted near Indore Market 135 in Mumbai.,CASE0188
EV03134,P01438,Financial Activity,2022-08-22 00:39:47,Financial Activity noted near Guwahati Colony 11 in Delhi.,CASE0235
EV03135,P01495,Incident,2025-09-30 00:31:35,Incident noted near Delhi Market 141 in Hyderabad.,CASE0137
EV03136,P01775,Incident,2024-03-13 01:57:20,Incident noted near Guwahati Hub 60 in Kolkata.,CASE0183
EV03137,P00542,Incident,2025-01-04 02:52:57,Incident noted near Guwahati Park 61 in Nagpur.,CASE0227
EV03138,P01267,Financial Activity,2023-09-21 22:44:56,Financial Activity noted near Kochi Park 117 in Chennai.,CASE0007
EV03139,P00477,Meeting,2023-11-06 07:27:38,Meeting noted near Lucknow Park 19 in Kochi.,CASE0223
EV03140,P01099,Observation,2024-08-09 23:47:37,Observation noted near Nagpur Hub 118 in Hyderabad.,CASE0225
EV03141,P00502,Property Transfer,2024-04-22 05:29:32,Property Transfer noted near Lucknow Park 19 in Patna.,CASE0021
EV03142,P00452,Property Transfer,2023-11-23 16:40:35,Property Transfer noted near Ahmedabad Plaza 35 in Chandigarh.,CASE0102
EV03143,P01430,Observation,2023-06-15 07:45:43,Observation noted near Nagpur Plaza 106 in Mumbai.,CASE0145
EV03144,P00748,Observation,2024-12-27 01:31:49,Observation noted near Kochi Park 121 in Bhopal.,CASE0073
EV03145,P00199,Property Transfer,2024-02-18 20:26:53,Property Transfer noted near Hyderabad Tower 85 in Ranchi.,CASE0235
EV03146,P00162,Property Transfer,2024-09-23 05:56:41,Property Transfer noted near Bhopal Plaza 160 in Lucknow.,CASE0220
EV03147,P00741,Observation,2024-09-18 17:08:03,Observation noted near Surat Park 62 in Ahmedabad.,CASE0240
EV03148,P01438,Meeting,2024-08-05 05:15:51,Meeting noted near Hyderabad Park 81 in Delhi.,CASE0035
EV03149,P00728,Travel,2025-11-10 12:17:12,Travel noted near Bhopal Park 68 in Patna.,CASE0222
EV03150,P00705,Incident,2025-03-26 23:38:50,Incident noted near Indore Tower 146 in Visakhapatnam.,CASE0070
EV03151,P01150,Property Transfer,2022-02-16 04:33:32,Property Transfer noted near Hyderabad Junction 86 in Guwahati.,CASE0141
EV03152,P01183,Observation,2023-01-06 15:37:34,Observation noted near Nagpur Tower 104 in Bhopal.,CASE0148
EV03153,P00759,Financial Activity,2022-03-26 13:06:15,Financial Activity noted near Bhopal Junction 58 in Jaipur.,CASE0096
EV03154,P00441,Property Transfer,2022-02-10 06:21:46,Property Transfer noted near Delhi Hub 82 in Kolkata.,CASE0192
EV03155,P00748,Meeting,2024-11-22 18:54:34,Meeting noted near Ranchi Junction 140 in Bhopal.,CASE0203
EV03156,P01373,Travel,2025-10-30 00:22:10,Travel noted near Nagpur Junction 36 in Jaipur.,CASE0147
EV03157,P01961,Financial Activity,2022-09-11 09:43:41,Financial Activity noted near Chandigarh Colony 99 in Guwahati.,CASE0061
EV03158,P00741,Property Transfer,2025-02-09 07:07:22,Property Transfer noted near Chandigarh Tower 157 in Ahmedabad.,CASE0226
EV03159,P01736,Observation,2025-10-13 21:10:59,Observation noted near Delhi Hub 3 in Lucknow.,CASE0047
EV03160,P01355,Property Transfer,2022-01-30 23:43:32,Property Transfer noted near Pune Junction 25 in Visakhapatnam.,CASE0031
EV03161,P00601,Property Transfer,2025-02-28 11:06:37,Property Transfer noted near Kochi Park 115 in Chennai.,CASE0163
EV03162,P00408,Financial Activity,2025-10-20 10:32:22,Financial Activity noted near Kolkata Tower 30 in Delhi.,CASE0064
EV03163,P01267,Property Transfer,2024-04-15 03:46:50,Property Transfer noted near Guwahati Plaza 92 in Chennai.,CASE0019
EV03164,P00094,Meeting,2023-10-02 01:15:57,Meeting noted near Delhi Park 47 in Lucknow.,CASE0025
EV03165,P00570,Property Transfer,2023-12-12 12:02:17,Property Transfer noted near Visakhapatnam Hub 123 in Chennai.,CASE0097
EV03166,P00190,Meeting,2025-04-18 15:27:39,Meeting noted near Patna Market 67 in Pune.,CASE0216
EV03167,P01814,Meeting,2022-10-15 12:15:24,Meeting noted near Bhopal Junction 151 in Bhopal.,CASE0112
EV03168,P00705,Incident,2024-07-08 14:01:41,Incident noted near Lucknow Park 53 in Visakhapatnam.,CASE0078
EV03169,P01183,Observation,2025-08-14 08:29:52,Observation noted near Surat Plaza 40 in Bhopal.,CASE0087
EV03170,P00207,Financial Activity,2024-10-02 00:43:43,Financial Activity noted near Nagpur Tower 104 in Mumbai.,CASE0066
EV03171,P01183,Incident,2023-04-01 01:44:01,Incident noted near Ranchi Plaza 100 in Bhopal.,CASE0020
EV03172,P01302,Incident,2025-11-05 00:33:00,Incident noted near Patna Tower 13 in Kolkata.,CASE0021
EV03173,P01519,Observation,2024-02-28 13:19:03,Observation noted near Visakhapatnam Colony 6 in Delhi.,CASE0215
EV03174,P01699,Incident,2025-10-09 01:57:02,Incident noted near Kochi Park 121 in Surat.,CASE0080
EV03175,P01302,Property Transfer,2023-12-18 01:14:40,Property Transfer noted near Visakhapatnam Junction 34 in Kolkata.,CASE0202
EV03176,P01564,Meeting,2022-10-10 18:35:08,Meeting noted near Visakhapatnam Tower 124 in Kolkata.,CASE0193
EV03177,P01237,Incident,2022-04-04 02:29:23,Incident noted near Kochi Park 121 in Ahmedabad.,CASE0030
EV03178,P01210,Property Transfer,2024-12-05 09:29:15,Property Transfer noted near Surat Hub 9 in Patna.,CASE0105
EV03179,P00334,Property Transfer,2024-03-14 14:19:54,Property Transfer noted near Kochi Market 28 in Bhopal.,CASE0233
EV03180,P00705,Property Transfer,2024-03-17 21:01:00,Property Transfer noted near Patna Market 70 in Visakhapatnam.,CASE0085
EV03181,P00741,Financial Activity,2022-06-16 23:48:40,Financial Activity noted near Nagpur Market 32 in Ahmedabad.,CASE0125
EV03182,P00062,Property Transfer,2022-01-04 12:03:54,Property Transfer noted near Bhopal Hub 64 in Lucknow.,CASE0060
EV03183,P00094,Property Transfer,2023-10-02 09:50:28,Property Transfer noted near Kochi Market 28 in Lucknow.,CASE0221
EV03184,P01237,Travel,2022-03-13 07:45:39,Travel noted near Guwahati Hub 60 in Ahmedabad.,CASE0130
EV03185,P00055,Travel,2022-06-13 15:14:12,Travel noted near Visakhapatnam Junction 110 in Nagpur.,CASE0153
EV03186,P00866,Financial Activity,2023-07-25 14:47:54,Financial Activity noted near Visakhapatnam Hub 38 in Guwahati.,CASE0019
EV03187,P00564,Incident,2024-10-02 09:53:48,Incident noted near Nagpur Junction 51 in Surat.,CASE0036
EV03188,P00452,Financial Activity,2024-12-08 21:20:15,Financial Activity noted near Jaipur Market 31 in Chandigarh.,CASE0193
EV03189,P00430,Property Transfer,2022-09-08 21:32:57,Property Transfer noted near Bhopal Hub 113 in Chennai.,CASE0162
EV03190,P00759,Financial Activity,2023-10-28 01:22:28,Financial Activity noted near Nagpur Hub 118 in Jaipur.,CASE0057
EV03191,P00062,Observation,2024-06-14 05:25:23,Observation noted near Nagpur Junction 37 in Lucknow.,CASE0101
EV03192,P00467,Meeting,2025-11-15 00:14:19,Meeting noted near Guwahati Colony 11 in Chennai.,CASE0019
EV03193,P00452,Incident,2025-06-23 17:45:24,Incident noted near Chennai Hub 5 in Chandigarh.,CASE0092
EV03194,P00192,Observation,2022-01-27 18:03:00,Observation noted near Guwahati Park 61 in Delhi.,CASE0145
EV03195,P01584,Travel,2022-04-07 13:45:09,Travel noted near Surat Hub 9 in Lucknow.,CASE0032
EV03196,P01237,Incident,2024-05-22 22:54:34,Incident noted near Visakhapatnam Tower 14 in Ahmedabad.,CASE0097
EV03197,P00759,Incident,2023-04-12 11:34:54,Incident noted near Ranchi Colony 90 in Jaipur.,CASE0197
EV03198,P00441,Property Transfer,2022-01-25 00:57:15,Property Transfer noted near Jaipur Colony 56 in Kolkata.,CASE0218
EV03199,P00066,Meeting,2025-04-21 23:53:39,Meeting noted near Hyderabad Tower 10 in Patna.,CASE0097
EV03200,P01310,Observation,2025-02-13 01:59:45,Observation noted near Visakhapatnam Junction 34 in Ranchi.,CASE0177
EV03201,P01889,Travel,2022-12-24 04:50:21,Travel noted near Hyderabad Park 7 in Patna.,CASE0215
EV03202,P01517,Observation,2025-07-05 12:20:27,Observation noted near Guwahati Plaza 92 in Lucknow.,CASE0153
EV03203,P00941,Property Transfer,2022-03-14 16:05:37,Property Transfer noted near Indore Park 109 in Ahmedabad.,CASE0053
EV03204,P00207,Meeting,2025-06-20 01:17:08,Meeting noted near Chennai Tower 134 in Mumbai.,CASE0123
EV03205,P01752,Travel,2022-10-19 03:12:46,Travel noted near Jaipur Plaza 78 in Indore.,CASE0152
EV03206,P00334,Meeting,2025-08-15 06:08:39,Meeting noted near Ranchi Park 95 in Bhopal.,CASE0144
EV03207,P00162,Meeting,2024-01-29 05:41:12,Meeting noted near Bengaluru Tower 105 in Lucknow.,CASE0108
EV03208,P01386,Observation,2024-04-30 03:18:25,Observation noted near Bhopal Hub 64 in Ahmedabad.,CASE0115
EV03209,P01302,Meeting,2022-02-01 05:50:51,Meeting noted near Delhi Park 47 in Kolkata.,CASE0008
EV03210,P01781,Financial Activity,2022-07-01 13:17:30,Financial Activity noted near Kolkata Hub 143 in Kochi.,CASE0094
EV03211,P01584,Meeting,2022-01-23 17:12:22,Meeting noted near Chandigarh Tower 157 in Lucknow.,CASE0191
EV03212,P00570,Meeting,2022-07-05 14:05:39,Meeting noted near Patna Market 70 in Chennai.,CASE0148
EV03213,P00394,Travel,2024-06-08 02:44:29,Travel noted near Delhi Hub 3 in Guwahati.,CASE0005
EV03214,P01467,Meeting,2025-03-14 03:46:47,Meeting noted near Bhopal Plaza 160 in Chandigarh.,CASE0119
EV03215,P01736,Financial Activity,2024-12-14 21:52:22,Financial Activity noted near Delhi Colony 133 in Lucknow.,CASE0187
EV03216,P01355,Meeting,2024-07-21 22:39:44,Meeting noted near Chennai Hub 5 in Visakhapatnam.,CASE0137
EV03217,P01775,Travel,2023-05-14 13:24:46,Travel noted near Indore Junction 101 in Kolkata.,CASE0002
EV03218,P00192,Travel,2025-07-27 09:21:35,Travel noted near Pune Market 65 in Delhi.,CASE0035
EV03219,P00448,Property Transfer,2025-12-07 00:49:01,Property Transfer noted near Bhopal Junction 58 in Surat.,CASE0061
EV03220,P00502,Observation,2023-08-26 03:09:52,Observation noted near Visakhapatnam Tower 42 in Patna.,CASE0196
EV03221,P00441,Financial Activity,2024-08-08 06:56:59,Financial Activity noted near Kochi Park 115 in Kolkata.,CASE0009
EV03222,P00014,Incident,2023-08-20 08:55:11,Incident noted near Hyderabad Hub 16 in Hyderabad.,CASE0176
EV03223,P01117,Travel,2025-07-09 09:31:19,Travel noted near Chandigarh Hub 74 in Bengaluru.,CASE0029
EV03224,P00741,Property Transfer,2023-03-05 08:57:52,Property Transfer noted near Mumbai Hub 55 in Ahmedabad.,CASE0112
EV03225,P00229,Property Transfer,2023-12-09 07:20:59,Property Transfer noted near Chandigarh Junction 44 in Visakhapatnam.,CASE0186
EV03226,P00452,Meeting,2025-09-04 12:39:23,Meeting noted near Pune Junction 125 in Chandigarh.,CASE0171
EV03227,P00179,Meeting,2024-11-22 14:02:35,Meeting noted near Ranchi Colony 111 in Bengaluru.,CASE0008
EV03228,P00741,Travel,2022-01-17 09:46:20,Travel noted near Pune Market 65 in Ahmedabad.,CASE0159
EV03229,P00865,Meeting,2022-10-17 23:11:32,Meeting noted near Jaipur Colony 56 in Bengaluru.,CASE0101
EV03230,P00477,Incident,2024-07-01 13:23:06,Incident noted near Indore Market 83 in Kochi.,CASE0049
EV03231,P00430,Incident,2025-09-04 18:26:57,Incident noted near Lucknow Junction 137 in Chennai.,CASE0085
EV03232,P00256,Travel,2024-11-04 16:18:16,Travel noted near Nagpur Hub 118 in Delhi.,CASE0237
EV03233,P00014,Incident,2022-01-12 02:16:55,Incident noted near Lucknow Junction 137 in Hyderabad.,CASE0084
EV03234,P01555,Incident,2022-09-02 02:41:08,Incident noted near Nagpur Junction 116 in Guwahati.,CASE0237
EV03235,P00736,Travel,2025-10-23 04:05:40,Travel noted near Kochi Park 115 in Ahmedabad.,CASE0226
EV03236,P00448,Travel,2025-06-14 15:53:50,Travel noted near Lucknow Park 94 in Surat.,CASE0206
EV03237,P00062,Observation,2022-10-26 16:47:40,Observation noted near Lucknow Colony 149 in Lucknow.,CASE0161
EV03238,P00094,Incident,2024-04-04 13:54:38,Incident noted near Mumbai Hub 138 in Lucknow.,CASE0122
EV03239,P01775,Observation,2022-10-25 11:29:52,Observation noted near Mumbai Hub 76 in Kolkata.,CASE0048
EV03240,P01828,Financial Activity,2025-10-02 00:44:42,Financial Activity noted near Hyderabad Colony 145 in Chandigarh.,CASE0145
EV03241,P01443,Incident,2025-05-12 23:15:22,Incident noted near Kolkata Colony 127 in Delhi.,CASE0097
EV03242,P00162,Meeting,2022-01-29 13:04:24,Meeting noted near Hyderabad Junction 86 in Lucknow.,CASE0065
EV03243,P01517,Property Transfer,2024-06-26 22:31:52,Property Transfer noted near Patna Market 67 in Lucknow.,CASE0032
EV03244,P00601,Observation,2022-05-22 03:03:20,Observation noted near Bhopal Park 68 in Chennai.,CASE0093
EV03245,P00467,Meeting,2024-08-11 16:06:20,Meeting noted near Surat Hub 20 in Chennai.,CASE0006
EV03246,P01302,Observation,2025-05-06 03:37:27,Observation noted near Ranchi Colony 90 in Kolkata.,CASE0211
EV03247,P00430,Financial Activity,2025-11-13 04:16:03,Financial Activity noted near Delhi Junction 46 in Chennai.,CASE0020
EV03248,P00748,Incident,2025-03-16 10:38:27,Incident noted near Indore Market 135 in Bhopal.,CASE0123
EV03249,P00199,Financial Activity,2022-09-05 20:03:51,Financial Activity noted near Delhi Junction 147 in Ranchi.,CASE0048
EV03250,P00865,Financial Activity,2025-11-24 15:13:49,Financial Activity noted near Hyderabad Plaza 22 in Bengaluru.,CASE0004
EV03251,P00570,Financial Activity,2023-12-02 12:16:54,Financial Activity noted near Delhi Junction 46 in Chennai.,CASE0124
EV03252,P01310,Property Transfer,2022-04-08 23:29:32,Property Transfer noted near Surat Hub 9 in Ranchi.,CASE0066
EV03253,P00741,Travel,2025-04-24 01:21:30,Travel noted near Pune Tower 71 in Ahmedabad.,CASE0207
EV03254,P01517,Property Transfer,2024-05-10 11:41:29,Property Transfer noted near Hyderabad Park 7 in Lucknow.,CASE0025
EV03255,P00162,Meeting,2024-05-06 14:31:45,Meeting noted near Nagpur Hub 103 in Lucknow.,CASE0210
EV03256,P01555,Financial Activity,2022-01-16 02:40:45,Financial Activity noted near Visakhapatnam Tower 14 in Guwahati.,CASE0142
EV03257,P01437,Incident,2025-08-30 15:10:54,Incident noted near Indore Park 109 in Kolkata.,CASE0239
EV03258,P00467,Travel,2022-05-03 08:03:18,Travel noted near Bengaluru Tower 105 in Chennai.,CASE0220
EV03259,P00055,Financial Activity,2025-04-06 11:29:06,Financial Activity noted near Kolkata Hub 143 in Nagpur.,CASE0083
EV03260,P01373,Property Transfer,2023-11-20 14:41:44,Property Transfer noted near Ranchi Colony 90 in Jaipur.,CASE0046
EV03261,P01267,Observation,2023-10-09 12:37:50,Observation noted near Surat Park 62 in Chennai.,CASE0009
EV03262,P01099,Meeting,2023-09-20 00:15:53,Meeting noted near Delhi Colony 133 in Hyderabad.,CASE0231
EV03263,P01355,Travel,2023-08-26 14:02:21,Travel noted near Guwahati Junction 159 in Visakhapatnam.,CASE0074
EV03264,P00162,Financial Activity,2023-05-08 23:38:14,Financial Activity noted near Kochi Park 117 in Lucknow.,CASE0169
EV03265,P01237,Financial Activity,2025-09-02 18:05:50,Financial Activity noted near Bhopal Hub 64 in Ahmedabad.,CASE0187
EV03266,P00697,Incident,2025-08-08 14:20:42,Incident noted near Mumbai Hub 76 in Chennai.,CASE0193
EV03267,P01814,Financial Activity,2022-12-20 03:40:14,Financial Activity noted near Delhi Market 141 in Bhopal.,CASE0068
EV03268,P01889,Financial Activity,2023-05-30 21:16:16,Financial Activity noted near Ahmedabad Tower 98 in Patna.,CASE0067
EV03269,P00055,Financial Activity,2024-09-20 16:08:44,Financial Activity noted near Kolkata Plaza 119 in Nagpur.,CASE0182
EV03270,P00779,Financial Activity,2023-05-07 14:38:07,Financial Activity noted near Indore Hub 2 in Delhi.,CASE0016
EV03271,P00055,Incident,2024-08-29 09:03:00,Incident noted near Hyderabad Tower 85 in Nagpur.,CASE0038
EV03272,P01467,Observation,2023-12-27 12:55:03,Observation noted near Hyderabad Plaza 22 in Chandigarh.,CASE0167
EV03273,P01495,Property Transfer,2024-09-29 01:26:15,Property Transfer noted near Delhi Park 49 in Hyderabad.,CASE0149
EV03274,P00394,Observation,2025-08-20 13:37:21,Observation noted near Visakhapatnam Plaza 120 in Guwahati.,CASE0082
EV03275,P01584,Incident,2023-11-14 14:49:54,Incident noted near Nagpur Hub 26 in Lucknow.,CASE0191
EV03276,P00162,Financial Activity,2024-07-11 10:06:40,Financial Activity noted near Patna Hub 52 in Lucknow.,CASE0007
EV03277,P00179,Observation,2022-07-07 10:28:54,Observation noted near Nagpur Tower 130 in Bengaluru.,CASE0041
EV03278,P01752,Financial Activity,2025-09-28 17:31:32,Financial Activity noted near Kochi Park 121 in Indore.,CASE0188
EV03279,P01495,Property Transfer,2023-03-28 20:41:23,Property Transfer noted near Bhopal Junction 58 in Hyderabad.,CASE0175
EV03280,P00705,Observation,2025-02-13 19:17:24,Observation noted near Lucknow Park 53 in Visakhapatnam.,CASE0050
EV03281,P01355,Incident,2024-12-23 03:56:16,Incident noted near Bhopal Hub 64 in Visakhapatnam.,CASE0171
EV03282,P00448,Travel,2023-06-16 05:24:39,Travel noted near Bhopal Hub 113 in Surat.,CASE0192
EV03283,P01437,Observation,2024-09-02 17:48:41,Observation noted near Pune Market 65 in Kolkata.,CASE0123
EV03284,P00705,Incident,2025-10-25 05:23:01,Incident noted near Surat Park 155 in Visakhapatnam.,CASE0047
EV03285,P00210,Property Transfer,2024-10-28 18:19:43,Property Transfer noted near Surat Plaza 40 in Pune.,CASE0027
EV03286,P01517,Travel,2025-05-08 16:06:07,Travel noted near Kochi Tower 144 in Lucknow.,CASE0219
EV03287,P00164,Travel,2025-09-17 03:05:30,Travel noted near Mumbai Junction 88 in Indore.,CASE0149
EV03288,P00570,Meeting,2024-12-27 20:48:40,Meeting noted near Delhi Junction 46 in Chennai.,CASE0006
EV03289,P01828,Meeting,2022-11-29 14:23:28,Meeting noted near Surat Hub 154 in Chandigarh.,CASE0200
EV03290,P00705,Incident,2025-01-25 05:58:27,Incident noted near Mumbai Park 41 in Visakhapatnam.,CASE0214
EV03291,P00089,Meeting,2022-10-26 06:55:47,Meeting noted near Bhopal Hub 113 in Guwahati.,CASE0226
EV03292,P00776,Meeting,2022-06-27 21:51:38,Meeting noted near Lucknow Junction 137 in Delhi.,CASE0087
EV03293,P00593,Property Transfer,2022-09-08 16:43:12,Property Transfer noted near Chandigarh Colony 99 in Hyderabad.,CASE0217
EV03294,P00319,Incident,2025-04-08 00:46:16,Incident noted near Surat Plaza 40 in Bengaluru.,CASE0047
EV03295,P01183,Meeting,2025-03-15 03:28:33,Meeting noted near Indore Market 93 in Bhopal.,CASE0199
EV03296,P00229,Travel,2022-01-29 16:54:00,Travel noted near Surat Hub 20 in Visakhapatnam.,CASE0037
EV03297,P00408,Financial Activity,2024-10-11 07:58:59,Financial Activity noted near Hyderabad Plaza 22 in Delhi.,CASE0180
EV03298,P01828,Financial Activity,2025-06-22 01:42:58,Financial Activity noted near Lucknow Colony 149 in Chandigarh.,CASE0166
EV03299,P00143,Financial Activity,2023-09-28 09:45:41,Financial Activity noted near Patna Hub 91 in Mumbai.,CASE0010
EV03300,P00162,Travel,2025-07-24 22:13:44,Travel noted near Jaipur Market 31 in Lucknow.,CASE0158
EV03301,P00458,Meeting,2022-05-04 00:56:35,Meeting noted near Chandigarh Plaza 89 in Ranchi.,CASE0053
EV03302,P01736,Meeting,2025-09-20 16:58:33,Meeting noted near Lucknow Park 79 in Lucknow.,CASE0123
EV03303,P00920,Financial Activity,2022-04-06 03:41:13,Financial Activity noted near Visakhapatnam Hub 38 in Nagpur.,CASE0134
EV03304,P01651,Observation,2025-04-18 10:50:00,Observation noted near Guwahati Plaza 92 in Indore.,CASE0193
EV03305,P00779,Travel,2023-03-23 23:42:51,Travel noted near Hyderabad Tower 10 in Delhi.,CASE0088
EV03306,P01443,Financial Activity,2023-04-06 08:52:48,Financial Activity noted near Nagpur Junction 116 in Delhi.,CASE0133
EV03307,P01150,Financial Activity,2024-02-07 20:41:31,Financial Activity noted near Lucknow Park 19 in Guwahati.,CASE0128
EV03308,P00014,Observation,2025-12-08 22:31:32,Observation noted near Nagpur Junction 37 in Hyderabad.,CASE0073
EV03309,P00052,Meeting,2025-08-23 21:10:56,Meeting noted near Lucknow Colony 29 in Bengaluru.,CASE0076
EV03310,P01709,Meeting,2023-05-23 22:57:43,Meeting noted near Chennai Tower 134 in Patna.,CASE0225
EV03311,P00564,Travel,2022-01-14 10:15:50,Travel noted near Hyderabad Tower 10 in Surat.,CASE0079
EV03312,P00728,Meeting,2024-06-01 20:38:41,Meeting noted near Ranchi Colony 90 in Patna.,CASE0235
EV03313,P00736,Meeting,2025-08-20 20:13:15,Meeting noted near Delhi Junction 46 in Ahmedabad.,CASE0170
EV03314,P00327,Property Transfer,2024-12-02 17:04:53,Property Transfer noted near Bhopal Colony 97 in Ranchi.,CASE0099
EV03315,P01519,Financial Activity,2025-12-27 23:46:39,Financial Activity noted near Nagpur Tower 130 in Delhi.,CASE0213
EV03316,P00542,Meeting,2024-10-06 10:49:24,Meeting noted near Visakhapatnam Tower 42 in Nagpur.,CASE0206
EV03317,P00192,Travel,2024-07-11 10:35:24,Travel noted near Surat Park 62 in Delhi.,CASE0117
EV03318,P00759,Meeting,2022-10-17 09:54:00,Meeting noted near Lucknow Park 19 in Jaipur.,CASE0217
EV03319,P01509,Travel,2023-08-20 17:40:28,Travel noted near Visakhapatnam Hub 38 in Lucknow.,CASE0233
EV03320,P01509,Meeting,2025-09-05 17:16:17,Meeting noted near Visakhapatnam Tower 124 in Lucknow.,CASE0189
EV03321,P00779,Meeting,2022-05-31 17:39:46,Meeting noted near Indore Junction 101 in Delhi.,CASE0238
EV03322,P01889,Property Transfer,2025-09-26 03:49:02,Property Transfer noted near Ranchi Park 95 in Patna.,CASE0162
EV03323,P00467,Property Transfer,2025-04-06 15:33:38,Property Transfer noted near Mumbai Hub 55 in Chennai.,CASE0093
EV03324,P00929,Incident,2023-12-26 20:22:28,Incident noted near Bhopal Plaza 160 in Chandigarh.,CASE0076
EV03325,P01437,Property Transfer,2025-04-30 02:54:08,Property Transfer noted near Indore Market 136 in Kolkata.,CASE0232
EV03326,P00164,Property Transfer,2024-12-09 01:29:16,Property Transfer noted near Patna Hub 52 in Indore.,CASE0050
EV03327,P01555,Incident,2024-07-26 03:30:22,Incident noted near Visakhapatnam Tower 14 in Guwahati.,CASE0230
EV03328,P01302,Travel,2025-04-16 16:44:43,Travel noted near Indore Tower 146 in Kolkata.,CASE0049
EV03329,P00705,Travel,2022-10-08 16:44:27,Travel noted near Kochi Park 117 in Visakhapatnam.,CASE0071
EV03330,P00866,Property Transfer,2023-10-11 14:25:53,Property Transfer noted near Lucknow Park 94 in Guwahati.,CASE0098
EV03331,P00229,Travel,2024-08-29 05:20:13,Travel noted near Kolkata Plaza 119 in Visakhapatnam.,CASE0234
EV03332,P00441,Observation,2022-10-04 05:45:41,Observation noted near Surat Hub 154 in Kolkata.,CASE0173
EV03333,P00094,Meeting,2022-09-06 09:56:12,Meeting noted near Kochi Tower 126 in Lucknow.,CASE0199
EV03334,P01288,Financial Activity,2025-07-11 09:52:14,Financial Activity noted near Visakhapatnam Hub 112 in Guwahati.,CASE0089
EV03335,P00089,Travel,2022-05-09 02:58:51,Travel noted near Surat Market 150 in Guwahati.,CASE0055
EV03336,P01651,Property Transfer,2024-05-01 01:05:44,Property Transfer noted near Surat Plaza 156 in Indore.,CASE0024
EV03337,P00759,Incident,2024-03-22 04:13:56,Incident noted near Hyderabad Hub 12 in Jaipur.,CASE0040
EV03338,P00430,Meeting,2024-05-26 23:19:24,Meeting noted near Indore Tower 146 in Chennai.,CASE0035
EV03339,P00143,Meeting,2022-01-18 15:52:23,Meeting noted near Delhi Hub 82 in Mumbai.,CASE0186
EV03340,P01131,Financial Activity,2025-10-10 08:03:54,Financial Activity noted near Guwahati Park 158 in Kochi.,CASE0089
EV03341,P01117,Observation,2025-12-16 15:57:07,Observation noted near Hyderabad Hub 16 in Bengaluru.,CASE0013
EV03342,P01302,Financial Activity,2024-09-04 16:35:09,Financial Activity noted near Hyderabad Plaza 102 in Kolkata.,CASE0110
EV03343,P01237,Property Transfer,2024-09-15 03:45:32,Property Transfer noted near Visakhapatnam Colony 6 in Ahmedabad.,CASE0032
EV03344,P01653,Observation,2023-11-26 05:17:54,Observation noted near Delhi Park 47 in Delhi.,CASE0014
EV03345,P00736,Travel,2023-04-20 10:20:54,Travel noted near Ranchi Plaza 100 in Ahmedabad.,CASE0157
EV03346,P00179,Observation,2022-12-26 02:19:59,Observation noted near Kochi Park 117 in Bengaluru.,CASE0150
EV03347,P00014,Observation,2022-07-16 14:40:11,Observation noted near Kochi Market 28 in Hyderabad.,CASE0221
EV03348,P00210,Meeting,2022-11-14 11:24:11,Meeting noted near Indore Market 83 in Pune.,CASE0169
EV03349,P01699,Incident,2024-06-29 14:00:43,Incident noted near Guwahati Colony 11 in Surat.,CASE0160
EV03350,P00229,Travel,2023-08-19 04:22:52,Travel noted near Nagpur Colony 80 in Visakhapatnam.,CASE0087
EV03351,P00748,Incident,2025-02-10 14:44:05,Incident noted near Chandigarh Junction 44 in Bhopal.,CASE0084
EV03352,P01765,Meeting,2024-02-11 11:02:50,Meeting noted near Visakhapatnam Tower 124 in Delhi.,CASE0072
EV03353,P01437,Meeting,2024-02-08 03:45:16,Meeting noted near Delhi Hub 82 in Kolkata.,CASE0239
EV03354,P01035,Incident,2025-12-10 12:13:15,Incident noted near Ranchi Colony 90 in Chennai.,CASE0124
EV03355,P00286,Travel,2022-09-15 02:02:58,Travel noted near Surat Plaza 122 in Mumbai.,CASE0132
EV03356,P00143,Observation,2022-09-07 09:09:33,Observation noted near Surat Hub 154 in Mumbai.,CASE0234
EV03357,P00736,Travel,2024-08-02 16:24:02,Travel noted near Indore Tower 39 in Ahmedabad.,CASE0063
EV03358,P00705,Travel,2023-08-09 06:52:06,Travel noted near Ahmedabad Plaza 33 in Visakhapatnam.,CASE0057
EV03359,P00779,Incident,2024-02-28 21:23:23,Incident noted near Kolkata Plaza 119 in Delhi.,CASE0194
EV03360,P00207,Travel,2023-06-23 17:35:07,Travel noted near Guwahati Plaza 57 in Mumbai.,CASE0155
EV03361,P01210,Travel,2022-07-30 17:45:29,Travel noted near Hyderabad Tower 85 in Patna.,CASE0028
EV03362,P01519,Property Transfer,2024-09-21 04:54:06,Property Transfer noted near Kolkata Hub 143 in Delhi.,CASE0086
EV03363,P01331,Observation,2024-07-19 20:59:34,Observation noted near Patna Hub 91 in Mumbai.,CASE0156
EV03364,P01438,Observation,2023-05-13 21:13:49,Observation noted near Chandigarh Colony 99 in Delhi.,CASE0233
EV03365,P00741,Financial Activity,2023-07-04 11:30:10,Financial Activity noted near Chandigarh Plaza 89 in Ahmedabad.,CASE0139
EV03366,P01584,Meeting,2022-11-19 13:44:24,Meeting noted near Bengaluru Tower 66 in Lucknow.,CASE0161
EV03367,P00164,Travel,2025-10-16 13:38:33,Travel noted near Kochi Tower 144 in Indore.,CASE0075
EV03368,P01775,Travel,2025-09-08 16:47:56,Travel noted near Bhopal Plaza 160 in Kolkata.,CASE0210
EV03369,P01207,Travel,2022-05-04 05:18:39,Travel noted near Visakhapatnam Hub 123 in Kochi.,CASE0035
EV03370,P00547,Property Transfer,2025-08-08 12:36:27,Property Transfer noted near Bengaluru Market 43 in Chandigarh.,CASE0144
EV03371,P00697,Property Transfer,2022-03-09 07:34:47,Property Transfer noted near Delhi Colony 133 in Chennai.,CASE0126
EV03372,P01555,Property Transfer,2022-06-25 12:20:49,Property Transfer noted near Guwahati Junction 159 in Guwahati.,CASE0121
EV03373,P01993,Observation,2025-06-08 05:46:17,Observation noted near Indore Tower 128 in Kochi.,CASE0189
EV03374,P00448,Financial Activity,2022-01-01 14:55:02,Financial Activity noted near Bengaluru Tower 105 in Surat.,CASE0130
EV03375,P01233,Incident,2022-06-04 21:12:15,Incident noted near Pune Junction 25 in Surat.,CASE0056
EV03376,P00066,Financial Activity,2023-11-18 11:34:19,Financial Activity noted near Indore Market 83 in Patna.,CASE0025
EV03377,P01430,Incident,2022-06-22 20:38:05,Incident noted near Chennai Hub 5 in Mumbai.,CASE0179
EV03378,P00286,Observation,2022-07-19 07:20:34,Observation noted near Kochi Tower 144 in Mumbai.,CASE0213
EV03379,P00052,Incident,2022-08-13 08:11:40,Incident noted near Guwahati Junction 159 in Bengaluru.,CASE0144
EV03380,P00207,Observation,2022-11-30 14:23:49,Observation noted near Chennai Colony 48 in Mumbai.,CASE0072
EV03381,P01555,Property Transfer,2022-04-27 16:33:31,Property Transfer noted near Delhi Market 141 in Guwahati.,CASE0129
EV03382,P01653,Meeting,2025-06-25 04:57:32,Meeting noted near Kochi Tower 126 in Delhi.,CASE0102
EV03383,P01993,Travel,2025-10-09 20:43:00,Travel noted near Bhopal Junction 151 in Kochi.,CASE0108
EV03384,P00564,Travel,2022-06-23 19:08:05,Travel noted near Hyderabad Market 131 in Surat.,CASE0016
EV03385,P00319,Meeting,2022-03-27 01:31:10,Meeting noted near Chennai Tower 134 in Bengaluru.,CASE0233
EV03386,P00477,Incident,2022-06-06 20:22:46,Incident noted near Chennai Tower 24 in Kochi.,CASE0047
EV03387,P00941,Meeting,2025-03-12 10:24:45,Meeting noted near Surat Park 62 in Ahmedabad.,CASE0179
EV03388,P01699,Incident,2023-01-14 13:55:00,Incident noted near Indore Junction 101 in Surat.,CASE0156
EV03389,P00055,Meeting,2022-11-17 04:56:54,Meeting noted near Patna Market 67 in Nagpur.,CASE0053
EV03390,P00929,Property Transfer,2024-07-08 10:38:50,Property Transfer noted near Chennai Tower 24 in Chandigarh.,CASE0062
EV03391,P00408,Property Transfer,2024-05-08 09:54:19,Property Transfer noted near Pune Market 17 in Delhi.,CASE0013
EV03392,P00866,Incident,2022-05-06 19:23:04,Incident noted near Chandigarh Junction 44 in Guwahati.,CASE0017
EV03393,P00866,Meeting,2025-11-25 13:49:43,Meeting noted near Indore Tower 39 in Guwahati.,CASE0133
EV03394,P00865,Meeting,2023-03-04 03:04:21,Meeting noted near Pune Tower 71 in Bengaluru.,CASE0012
EV03395,P00066,Property Transfer,2025-08-05 21:34:07,Property Transfer noted near Hyderabad Colony 145 in Patna.,CASE0225
EV03396,P01233,Property Transfer,2023-08-12 00:26:57,Property Transfer noted near Lucknow Park 19 in Surat.,CASE0111
EV03397,P01781,Travel,2023-12-17 16:53:27,Travel noted near Chandigarh Tower 157 in Kochi.,CASE0227
EV03398,P00143,Meeting,2023-05-20 17:19:10,Meeting noted near Bhopal Hub 64 in Mumbai.,CASE0103
EV03399,P01584,Meeting,2022-04-03 14:14:11,Meeting noted near Nagpur Junction 51 in Lucknow.,CASE0224
EV03400,P00690,Travel,2024-06-12 01:04:10,Travel noted near Surat Hub 20 in Kolkata.,CASE0142
EV03401,P01709,Travel,2023-08-13 12:40:13,Travel noted near Mumbai Hub 138 in Patna.,CASE0091
EV03402,P00866,Incident,2022-01-13 03:25:26,Incident noted near Kolkata Park 15 in Guwahati.,CASE0140
EV03403,P00467,Travel,2024-03-06 20:47:01,Travel noted near Ranchi Colony 111 in Chennai.,CASE0060
EV03404,P01828,Incident,2022-12-11 10:25:42,Incident noted near Chennai Hub 5 in Chandigarh.,CASE0049
EV03405,P01919,Property Transfer,2023-11-06 06:27:25,Property Transfer noted near Patna Market 70 in Ahmedabad.,CASE0042
EV03406,P01430,Observation,2023-11-16 17:57:02,Observation noted near Lucknow Park 53 in Mumbai.,CASE0175
EV03407,P01183,Travel,2025-03-11 05:25:02,Travel noted near Lucknow Colony 73 in Bhopal.,CASE0022
EV03408,P00430,Financial Activity,2024-11-20 06:30:45,Financial Activity noted near Guwahati Park 61 in Chennai.,CASE0032
EV03409,P00229,Property Transfer,2023-07-23 12:48:51,Property Transfer noted near Chandigarh Hub 1 in Visakhapatnam.,CASE0182
EV03410,P00066,Travel,2025-08-22 20:17:12,Travel noted near Visakhapatnam Tower 14 in Patna.,CASE0134
EV03411,P01658,Property Transfer,2022-12-10 13:18:48,Property Transfer noted near Nagpur Junction 36 in Nagpur.,CASE0211
EV03412,P01233,Incident,2022-10-12 00:02:48,Incident noted near Ranchi Market 132 in Surat.,CASE0118
EV03413,P00452,Financial Activity,2023-05-07 03:58:15,Financial Activity noted near Kochi Colony 148 in Chandigarh.,CASE0019
EV03414,P01131,Travel,2022-11-26 00:32:36,Travel noted near Chandigarh Colony 99 in Kochi.,CASE0235
EV03415,P01752,Property Transfer,2023-02-03 13:07:59,Property Transfer noted near Delhi Park 49 in Indore.,CASE0202
EV03416,P01210,Property Transfer,2023-10-06 16:09:42,Property Transfer noted near Patna Market 67 in Patna.,CASE0085
EV03417,P00162,Observation,2024-09-28 08:47:00,Observation noted near Chandigarh Hub 74 in Lucknow.,CASE0198
EV03418,P00736,Financial Activity,2024-02-27 22:39:14,Financial Activity noted near Chandigarh Junction 44 in Ahmedabad.,CASE0115
EV03419,P00179,Travel,2025-07-25 10:55:06,Travel noted near Guwahati Park 61 in Bengaluru.,CASE0051
EV03420,P01828,Travel,2024-10-21 10:49:34,Travel noted near Delhi Park 47 in Chandigarh.,CASE0159
EV03421,P01555,Meeting,2022-06-06 22:15:24,Meeting noted near Visakhapatnam Colony 6 in Guwahati.,CASE0196
EV03422,P00759,Incident,2025-12-23 11:15:24,Incident noted near Delhi Junction 46 in Jaipur.,CASE0147
EV03423,P01386,Incident,2024-05-19 07:55:19,Incident noted near Hyderabad Tower 10 in Ahmedabad.,CASE0186
EV03424,P00452,Meeting,2022-09-10 14:37:30,Meeting noted near Ahmedabad Plaza 33 in Chandigarh.,CASE0157
EV03425,P00256,Observation,2024-07-19 16:57:53,Observation noted near Visakhapatnam Junction 110 in Delhi.,CASE0104
EV03426,P01653,Meeting,2025-02-18 05:14:39,Meeting noted near Delhi Junction 8 in Delhi.,CASE0070
EV03427,P01509,Travel,2024-06-21 15:48:07,Travel noted near Visakhapatnam Tower 14 in Lucknow.,CASE0209
EV03428,P00327,Financial Activity,2022-11-10 02:38:57,Financial Activity noted near Ranchi Colony 90 in Ranchi.,CASE0156
EV03429,P01331,Observation,2024-04-10 03:16:32,Observation noted near Hyderabad Plaza 22 in Mumbai.,CASE0078
EV03430,P00759,Meeting,2025-02-17 18:00:35,Meeting noted near Chandigarh Hub 74 in Jaipur.,CASE0016
EV03431,P00334,Incident,2022-01-26 07:01:14,Incident noted near Jaipur Plaza 78 in Bhopal.,CASE0097
EV03432,P00458,Property Transfer,2023-09-01 00:11:30,Property Transfer noted near Lucknow Park 94 in Ranchi.,CASE0076
EV03433,P00256,Meeting,2023-07-28 17:59:40,Meeting noted near Pune Junction 25 in Delhi.,CASE0051
EV03434,P00448,Incident,2023-03-02 02:24:05,Incident noted near Visakhapatnam Colony 72 in Surat.,CASE0152
EV03435,P01555,Property Transfer,2023-03-12 20:49:29,Property Transfer noted near Indore Tower 39 in Guwahati.,CASE0070
EV03436,P01509,Financial Activity,2025-04-03 19:54:14,Financial Activity noted near Indore Market 93 in Lucknow.,CASE0151
EV03437,P01651,Financial Activity,2025-10-30 09:42:16,Financial Activity noted near Visakhapatnam Plaza 120 in Indore.,CASE0174
EV03438,P00062,Observation,2022-02-12 15:44:22,Observation noted near Kochi Colony 148 in Lucknow.,CASE0138
EV03439,P01430,Observation,2022-08-12 11:46:24,Observation noted near Indore Market 93 in Mumbai.,CASE0089
EV03440,P00199,Travel,2022-08-10 14:32:29,Travel noted near Chandigarh Hub 1 in Ranchi.,CASE0205
EV03441,P00866,Property Transfer,2022-06-14 12:10:51,Property Transfer noted near Delhi Hub 82 in Guwahati.,CASE0178
EV03442,P00570,Incident,2022-11-23 18:11:25,Incident noted near Mumbai Hub 138 in Chennai.,CASE0083
EV03443,P00256,Incident,2024-05-23 17:33:33,Incident noted near Mumbai Hub 55 in Delhi.,CASE0059
EV03444,P01288,Financial Activity,2025-05-01 21:51:20,Financial Activity noted near Visakhapatnam Tower 14 in Guwahati.,CASE0105
EV03445,P00199,Property Transfer,2024-02-09 15:52:13,Property Transfer noted near Kolkata Park 15 in Ranchi.,CASE0215
EV03446,P00210,Meeting,2024-10-24 14:45:02,Meeting noted near Bhopal Park 68 in Pune.,CASE0013
EV03447,P00941,Property Transfer,2025-05-25 10:27:33,Property Transfer noted near Indore Tower 146 in Ahmedabad.,CASE0154
EV03448,P00542,Meeting,2023-05-21 12:17:59,Meeting noted near Visakhapatnam Tower 124 in Nagpur.,CASE0186
EV03449,P00327,Financial Activity,2023-09-24 05:50:49,Financial Activity noted near Visakhapatnam Junction 110 in Ranchi.,CASE0089
EV03450,P00190,Meeting,2025-05-27 18:12:52,Meeting noted near Hyderabad Hub 16 in Pune.,CASE0032
EV03451,P01117,Property Transfer,2022-11-11 07:02:23,Property Transfer noted near Lucknow Park 79 in Bengaluru.,CASE0040
EV03452,P00736,Financial Activity,2022-09-14 12:28:07,Financial Activity noted near Surat Hub 9 in Ahmedabad.,CASE0236
EV03453,P01331,Travel,2025-10-30 06:41:55,Travel noted near Bhopal Plaza 160 in Mumbai.,CASE0210
EV03454,P00334,Travel,2022-02-20 10:58:26,Travel noted near Guwahati Junction 159 in Bhopal.,CASE0047
EV03455,P00860,Meeting,2025-12-07 12:57:43,Meeting noted near Guwahati Plaza 57 in Kochi.,CASE0200
EV03456,P00601,Incident,2025-09-01 18:44:04,Incident noted near Ranchi Junction 140 in Chennai.,CASE0133
EV03457,P00190,Incident,2024-09-02 17:55:10,Incident noted near Surat Market 150 in Pune.,CASE0170
EV03458,P00741,Travel,2024-03-28 13:25:13,Travel noted near Chennai Colony 153 in Ahmedabad.,CASE0004
EV03459,P00094,Financial Activity,2025-01-18 21:21:10,Financial Activity noted near Nagpur Junction 37 in Lucknow.,CASE0082
EV03460,P00094,Incident,2024-02-18 01:57:46,Incident noted near Hyderabad Tower 85 in Lucknow.,CASE0044
EV03461,P00502,Observation,2023-08-07 18:27:21,Observation noted near Surat Plaza 156 in Patna.,CASE0224
EV03462,P01775,Property Transfer,2022-05-05 10:13:17,Property Transfer noted near Nagpur Hub 26 in Kolkata.,CASE0175
EV03463,P01467,Financial Activity,2025-06-12 09:54:56,Financial Activity noted near Visakhapatnam Market 50 in Chandigarh.,CASE0155
EV03464,P01437,Observation,2022-12-09 17:31:31,Observation noted near Chandigarh Tower 157 in Kolkata.,CASE0240
EV03465,P00327,Property Transfer,2025-06-28 22:34:51,Property Transfer noted near Nagpur Tower 130 in Ranchi.,CASE0017
EV03466,P00256,Travel,2024-03-29 18:35:11,Travel noted near Hyderabad Plaza 102 in Delhi.,CASE0055
EV03467,P00866,Observation,2025-06-13 15:10:13,Observation noted near Visakhapatnam Tower 14 in Guwahati.,CASE0033
EV03468,P00929,Observation,2022-09-22 03:26:56,Observation noted near Chennai Colony 48 in Chandigarh.,CASE0164
EV03469,P01993,Travel,2025-03-08 00:59:45,Travel noted near Nagpur Tower 130 in Kochi.,CASE0148
EV03470,P01150,Meeting,2022-10-06 13:10:39,Meeting noted near Kolkata Junction 45 in Guwahati.,CASE0114
EV03471,P00601,Incident,2023-05-29 13:33:48,Incident noted near Guwahati Hub 129 in Chennai.,CASE0010
EV03472,P00052,Incident,2024-10-15 06:33:15,Incident noted near Bengaluru Market 43 in Bengaluru.,CASE0049
EV03473,P01099,Meeting,2025-03-27 04:13:41,Meeting noted near Kochi Tower 144 in Hyderabad.,CASE0069
EV03474,P01035,Property Transfer,2025-04-15 07:03:48,Property Transfer noted near Lucknow Plaza 142 in Chennai.,CASE0083
EV03475,P01288,Property Transfer,2023-11-27 04:53:51,Property Transfer noted near Bhopal Park 68 in Guwahati.,CASE0132
EV03476,P01993,Property Transfer,2025-09-20 03:03:55,Property Transfer noted near Indore Market 135 in Kochi.,CASE0088
EV03477,P01183,Observation,2023-04-03 19:56:54,Observation noted near Kolkata Park 18 in Bhopal.,CASE0229
EV03478,P00477,Observation,2023-06-18 21:03:48,Observation noted near Guwahati Hub 60 in Kochi.,CASE0062
EV03479,P01233,Observation,2024-08-16 19:30:49,Observation noted near Chennai Park 96 in Surat.,CASE0164
EV03480,P00207,Incident,2024-07-17 11:26:52,Incident noted near Hyderabad Park 81 in Mumbai.,CASE0214
EV03481,P00055,Observation,2025-10-27 17:45:10,Observation noted near Jaipur Colony 114 in Nagpur.,CASE0218
EV03482,P00601,Financial Activity,2023-02-19 06:09:21,Financial Activity noted near Nagpur Plaza 106 in Chennai.,CASE0103
EV03483,P00477,Travel,2023-04-19 15:18:20,Travel noted near Kochi Tower 126 in Kochi.,CASE0142
EV03484,P01555,Financial Activity,2025-07-30 07:59:16,Financial Activity noted near Bhopal Junction 58 in Guwahati.,CASE0153
EV03485,P01288,Meeting,2022-07-12 22:56:05,Meeting noted near Lucknow Plaza 142 in Guwahati.,CASE0008
EV03486,P00929,Meeting,2024-12-16 14:57:07,Meeting noted near Ranchi Colony 90 in Chandigarh.,CASE0237
EV03487,P01386,Property Transfer,2023-07-06 11:36:54,Property Transfer noted near Chandigarh Tower 157 in Ahmedabad.,CASE0234
EV03488,P00408,Financial Activity,2024-05-06 13:21:54,Financial Activity noted near Ranchi Junction 140 in Delhi.,CASE0050
EV03489,P00690,Meeting,2023-01-24 09:58:11,Meeting noted near Visakhapatnam Junction 34 in Kolkata.,CASE0200
EV03490,P00192,Observation,2024-05-09 11:58:32,Observation noted near Indore Market 135 in Delhi.,CASE0025
EV03491,P00256,Observation,2025-06-09 22:30:56,Observation noted near Nagpur Hub 26 in Delhi.,CASE0075
EV03492,P00776,Observation,2025-03-10 06:29:36,Observation noted near Lucknow Park 79 in Delhi.,CASE0079
EV03493,P01495,Incident,2024-02-12 10:00:03,Incident noted near Visakhapatnam Tower 42 in Hyderabad.,CASE0067
EV03494,P00759,Observation,2024-05-23 02:14:49,Observation noted near Surat Hub 20 in Jaipur.,CASE0217
EV03495,P01237,Property Transfer,2024-04-18 22:34:25,Property Transfer noted near Bhopal Plaza 160 in Ahmedabad.,CASE0217
EV03496,P00542,Meeting,2024-05-24 08:50:44,Meeting noted near Visakhapatnam Tower 124 in Nagpur.,CASE0192
EV03497,P00210,Incident,2023-12-18 14:09:01,Incident noted near Indore Tower 146 in Pune.,CASE0177
EV03498,P00394,Incident,2024-03-05 22:14:53,Incident noted near Indore Tower 146 in Guwahati.,CASE0030
EV03499,P00190,Observation,2022-09-28 17:39:09,Observation noted near Kolkata Junction 45 in Pune.,CASE0207
EV03500,P00941,Property Transfer,2024-10-28 13:02:48,Property Transfer noted near Guwahati Park 158 in Ahmedabad.,CASE0220
EV03501,P00441,Incident,2025-05-07 16:23:19,Incident noted near Nagpur Junction 36 in Kolkata.,CASE0009
EV03502,P01437,Observation,2023-06-20 21:43:12,Observation noted near Delhi Junction 8 in Kolkata.,CASE0174
EV03503,P01564,Incident,2022-07-01 15:29:35,Incident noted near Kolkata Tower 30 in Kolkata.,CASE0079
EV03504,P00327,Incident,2024-06-29 17:45:32,Incident noted near Hyderabad Plaza 22 in Ranchi.,CASE0129
EV03505,P01781,Meeting,2025-05-08 01:39:51,Meeting noted near Chennai Colony 153 in Kochi.,CASE0189
EV03506,P00502,Financial Activity,2025-03-06 14:50:09,Financial Activity noted near Visakhapatnam Tower 124 in Patna.,CASE0161
EV03507,P01993,Travel,2022-02-08 16:26:18,Travel noted near Chennai Colony 48 in Kochi.,CASE0210
EV03508,P01752,Property Transfer,2025-09-10 01:52:40,Property Transfer noted near Kochi Colony 148 in Indore.,CASE0143
EV03509,P01752,Travel,2024-08-21 22:44:54,Travel noted near Hyderabad Market 131 in Indore.,CASE0163
EV03510,P01519,Financial Activity,2025-09-25 01:45:41,Financial Activity noted near Visakhapatnam Junction 21 in Delhi.,CASE0177
EV03511,P00865,Financial Activity,2025-10-07 14:30:18,Financial Activity noted near Visakhapatnam Hub 123 in Bengaluru.,CASE0034
EV03512,P01517,Incident,2025-04-26 01:19:16,Incident noted near Kochi Park 121 in Lucknow.,CASE0142
EV03513,P00865,Meeting,2022-07-27 04:35:32,Meeting noted near Pune Market 65 in Bengaluru.,CASE0182
EV03514,P00593,Property Transfer,2022-07-27 19:58:28,Property Transfer noted near Bengaluru Market 43 in Hyderabad.,CASE0074
EV03515,P01699,Travel,2025-03-27 08:00:57,Travel noted near Guwahati Junction 159 in Surat.,CASE0081
EV03516,P00759,Observation,2022-06-27 18:01:41,Observation noted near Guwahati Hub 129 in Jaipur.,CASE0158
EV03517,P00094,Observation,2023-06-11 17:50:14,Observation noted near Guwahati Hub 60 in Lucknow.,CASE0043
EV03518,P00477,Property Transfer,2025-05-20 22:46:14,Property Transfer noted near Surat Hub 9 in Kochi.,CASE0021
EV03519,P01443,Travel,2022-08-18 19:00:20,Travel noted near Chandigarh Market 54 in Delhi.,CASE0223
EV03520,P00570,Meeting,2022-10-22 17:33:14,Meeting noted near Surat Tower 108 in Chennai.,CASE0197
EV03521,P00941,Observation,2023-11-23 22:38:40,Observation noted near Guwahati Junction 159 in Ahmedabad.,CASE0106
EV03522,P01736,Incident,2022-01-07 11:59:31,Incident noted near Kolkata Tower 75 in Lucknow.,CASE0078
EV03523,P00748,Travel,2024-12-29 10:56:53,Travel noted near Delhi Hub 82 in Bhopal.,CASE0060
EV03524,P01509,Property Transfer,2025-03-05 06:37:45,Property Transfer noted near Delhi Park 49 in Lucknow.,CASE0164
EV03525,P01288,Meeting,2025-11-20 12:36:37,Meeting noted near Lucknow Colony 29 in Guwahati.,CASE0067
EV03526,P00865,Financial Activity,2023-11-25 10:53:51,Financial Activity noted near Indore Tower 146 in Bengaluru.,CASE0023
EV03527,P01495,Property Transfer,2022-03-27 10:37:37,Property Transfer noted near Indore Market 83 in Hyderabad.,CASE0055
EV03528,P00286,Meeting,2024-12-04 16:55:11,Meeting noted near Kolkata Plaza 119 in Mumbai.,CASE0093
EV03529,P01775,Property Transfer,2024-10-03 07:41:20,Property Transfer noted near Lucknow Park 94 in Kolkata.,CASE0136
EV03530,P00143,Property Transfer,2022-06-13 19:59:48,Property Transfer noted near Kolkata Park 15 in Mumbai.,CASE0046
EV03531,P00458,Financial Activity,2025-01-30 18:22:16,Financial Activity noted near Indore Market 136 in Ranchi.,CASE0124
EV03532,P01781,Meeting,2023-05-19 21:43:59,Meeting noted near Jaipur Colony 114 in Kochi.,CASE0101
EV03533,P01564,Observation,2025-08-21 21:42:19,Observation noted near Kochi Park 115 in Kolkata.,CASE0102
EV03534,P00179,Incident,2022-04-24 22:36:19,Incident noted near Visakhapatnam Market 84 in Bengaluru.,CASE0128
EV03535,P01467,Incident,2022-01-28 05:13:40,Incident noted near Chennai Park 96 in Chandigarh.,CASE0078
EV03536,P00690,Incident,2025-01-05 23:05:44,Incident noted near Guwahati Hub 129 in Kolkata.,CASE0061
EV03537,P00467,Travel,2022-07-09 19:48:08,Travel noted near Pune Market 17 in Chennai.,CASE0117
EV03538,P00441,Incident,2024-06-26 03:47:04,Incident noted near Visakhapatnam Junction 21 in Kolkata.,CASE0127
EV03539,P00570,Financial Activity,2025-05-31 07:32:24,Financial Activity noted near Kochi Tower 126 in Chennai.,CASE0190
EV03540,P00448,Travel,2022-12-22 15:16:10,Travel noted near Patna Hub 91 in Surat.,CASE0076
EV03541,P01651,Incident,2023-02-17 10:57:44,Incident noted near Surat Tower 108 in Indore.,CASE0059
EV03542,P00929,Meeting,2025-11-18 12:57:07,Meeting noted near Surat Plaza 122 in Chandigarh.,CASE0082
EV03543,P01765,Financial Activity,2023-08-07 04:04:18,Financial Activity noted near Indore Market 23 in Delhi.,CASE0092
EV03544,P01288,Financial Activity,2023-02-20 20:47:55,Financial Activity noted near Indore Tower 39 in Guwahati.,CASE0182
EV03545,P00728,Observation,2022-01-06 22:10:33,Observation noted near Hyderabad Hub 16 in Patna.,CASE0181
EV03546,P01288,Incident,2022-11-23 07:59:42,Incident noted near Indore Hub 2 in Guwahati.,CASE0137
EV03547,P01386,Meeting,2025-06-18 18:35:39,Meeting noted near Chennai Colony 48 in Ahmedabad.,CASE0005
EV03548,P01658,Meeting,2025-10-24 00:48:01,Meeting noted near Guwahati Hub 129 in Nagpur.,CASE0176
EV03549,P00441,Property Transfer,2025-05-05 08:01:01,Property Transfer noted near Ahmedabad Tower 98 in Kolkata.,CASE0027
EV03550,P00458,Travel,2023-11-29 07:45:06,Travel noted near Indore Hub 2 in Ranchi.,CASE0113
EV03551,P01699,Travel,2025-04-25 09:42:48,Travel noted near Delhi Junction 147 in Surat.,CASE0223
EV03552,P00736,Meeting,2022-07-01 13:06:21,Meeting noted near Delhi Junction 8 in Ahmedabad.,CASE0079
EV03553,P00564,Travel,2023-11-18 18:59:02,Travel noted near Indore Tower 128 in Surat.,CASE0120
EV03554,P01237,Travel,2024-08-26 21:09:05,Travel noted near Delhi Park 47 in Ahmedabad.,CASE0115
EV03555,P00697,Travel,2025-05-16 04:03:49,Travel noted near Guwahati Park 61 in Chennai.,CASE0233
EV03556,P01150,Incident,2024-12-08 00:24:21,Incident noted near Nagpur Junction 37 in Guwahati.,CASE0193
EV03557,P00334,Travel,2024-01-21 16:51:43,Travel noted near Guwahati Park 158 in Bhopal.,CASE0096
EV03558,P01267,Property Transfer,2023-08-06 16:53:52,Property Transfer noted near Nagpur Hub 103 in Chennai.,CASE0219
EV03559,P00441,Meeting,2023-04-26 23:56:52,Meeting noted near Patna Tower 13 in Kolkata.,CASE0234
EV03560,P01267,Meeting,2024-10-10 13:34:31,Meeting noted near Guwahati Hub 129 in Chennai.,CASE0061
EV03561,P00547,Incident,2024-01-23 19:37:37,Incident noted near Delhi Colony 133 in Chandigarh.,CASE0238
EV03562,P00199,Meeting,2023-01-15 16:23:22,Meeting noted near Lucknow Plaza 142 in Ranchi.,CASE0047
EV03563,P01699,Property Transfer,2025-03-18 08:18:55,Property Transfer noted near Chandigarh Hub 74 in Surat.,CASE0177
EV03564,P01736,Travel,2024-03-10 07:47:57,Travel noted near Chandigarh Plaza 89 in Lucknow.,CASE0095
EV03565,P00334,Financial Activity,2024-06-02 13:10:46,Financial Activity noted near Surat Hub 154 in Bhopal.,CASE0051
EV03566,P00094,Meeting,2024-10-07 05:33:32,Meeting noted near Chennai Tower 134 in Lucknow.,CASE0060
EV03567,P01651,Incident,2025-03-10 08:21:04,Incident noted near Kochi Colony 148 in Indore.,CASE0203
EV03568,P01495,Property Transfer,2022-11-30 14:41:32,Property Transfer noted near Chandigarh Hub 1 in Hyderabad.,CASE0016
EV03569,P01653,Financial Activity,2023-03-18 13:52:36,Financial Activity noted near Hyderabad Park 81 in Delhi.,CASE0003
EV03570,P01699,Property Transfer,2024-05-27 20:29:01,Property Transfer noted near Surat Plaza 122 in Surat.,CASE0005
EV03571,P01117,Incident,2024-07-31 03:31:33,Incident noted near Bengaluru Tower 66 in Bengaluru.,CASE0127
EV03572,P00705,Financial Activity,2022-03-10 18:36:58,Financial Activity noted near Chandigarh Colony 99 in Visakhapatnam.,CASE0224
EV03573,P00467,Travel,2024-06-08 00:43:05,Travel noted near Kolkata Tower 30 in Chennai.,CASE0236
EV03574,P00199,Observation,2023-02-08 05:32:01,Observation noted near Ranchi Junction 140 in Ranchi.,CASE0031
EV03575,P00547,Incident,2022-09-18 15:50:48,Incident noted near Hyderabad Tower 10 in Chandigarh.,CASE0119
EV03576,P01210,Travel,2024-02-20 11:46:53,Travel noted near Bhopal Park 68 in Patna.,CASE0153
EV03577,P01765,Travel,2025-02-03 09:05:31,Travel noted near Visakhapatnam Colony 72 in Delhi.,CASE0141
EV03578,P01233,Meeting,2022-02-26 08:21:36,Meeting noted near Bhopal Park 68 in Surat.,CASE0056
EV03579,P01658,Observation,2024-09-24 00:54:33,Observation noted near Visakhapatnam Plaza 120 in Nagpur.,CASE0040
EV03580,P00143,Property Transfer,2025-05-22 02:02:09,Property Transfer noted near Mumbai Hub 138 in Mumbai.,CASE0052
EV03581,P01658,Travel,2024-11-19 00:45:45,Travel noted near Bhopal Hub 113 in Nagpur.,CASE0081
EV03582,P00748,Incident,2025-12-26 18:37:19,Incident noted near Visakhapatnam Colony 6 in Bhopal.,CASE0166
EV03583,P01653,Property Transfer,2023-07-29 22:24:11,Property Transfer noted near Mumbai Hub 76 in Delhi.,CASE0171
EV03584,P00547,Observation,2024-06-24 05:03:08,Observation noted near Visakhapatnam Colony 6 in Chandigarh.,CASE0115
EV03585,P00601,Travel,2022-02-17 18:49:06,Travel noted near Kolkata Park 15 in Chennai.,CASE0219
EV03586,P01438,Meeting,2022-05-20 12:13:09,Meeting noted near Indore Tower 39 in Delhi.,CASE0011
EV03587,P01233,Travel,2025-07-30 02:56:56,Travel noted near Visakhapatnam Tower 42 in Surat.,CASE0073
EV03588,P00458,Observation,2025-09-15 04:24:05,Observation noted near Chennai Tower 134 in Ranchi.,CASE0067
EV03589,P01814,Incident,2023-11-22 18:40:45,Incident noted near Kochi Park 117 in Bhopal.,CASE0175
EV03590,P01658,Incident,2024-03-26 10:05:28,Incident noted near Visakhapatnam Junction 34 in Nagpur.,CASE0214
EV03591,P00564,Observation,2023-01-20 11:02:48,Observation noted near Guwahati Plaza 92 in Surat.,CASE0045
EV03592,P01035,Property Transfer,2022-11-09 06:23:01,Property Transfer noted near Indore Tower 146 in Chennai.,CASE0150
EV03593,P01267,Meeting,2025-01-09 06:52:52,Meeting noted near Nagpur Hub 26 in Chennai.,CASE0238
EV03594,P01310,Observation,2025-07-01 04:30:07,Observation noted near Visakhapatnam Hub 112 in Ranchi.,CASE0059
EV03595,P01555,Meeting,2022-02-25 03:20:29,Meeting noted near Patna Market 70 in Guwahati.,CASE0114
EV03596,P00319,Financial Activity,2023-12-14 15:52:29,Financial Activity noted near Nagpur Junction 37 in Bengaluru.,CASE0235
EV03597,P01653,Travel,2022-03-05 13:49:03,Travel noted near Delhi Hub 82 in Delhi.,CASE0012
EV03598,P01658,Observation,2025-02-18 09:18:37,Observation noted near Jaipur Plaza 78 in Nagpur.,CASE0100
EV03599,P01781,Property Transfer,2022-02-04 14:45:25,Property Transfer noted near Nagpur Colony 80 in Kochi.,CASE0233
EV03600,P01302,Financial Activity,2022-05-03 16:06:21,Financial Activity noted near Guwahati Park 61 in Kolkata.,CASE0138
EV03601,P00319,Financial Activity,2022-01-31 16:39:35,Financial Activity noted near Jaipur Colony 56 in Bengaluru.,CASE0217
EV03602,P00164,Travel,2022-07-18 20:48:49,Travel noted near Ranchi Market 132 in Indore.,CASE0088
EV03603,P01150,Travel,2025-01-06 00:57:26,Travel noted near Bhopal Junction 58 in Guwahati.,CASE0210
EV03604,P01437,Financial Activity,2025-07-08 11:04:40,Financial Activity noted near Guwahati Park 158 in Kolkata.,CASE0161
EV03605,P00690,Incident,2025-07-21 07:55:47,Incident noted near Bhopal Hub 64 in Kolkata.,CASE0187
EV03606,P01237,Travel,2022-05-23 07:27:43,Travel noted near Kochi Colony 148 in Ahmedabad.,CASE0161
EV03607,P00866,Property Transfer,2023-05-05 11:54:23,Property Transfer noted near Jaipur Plaza 78 in Guwahati.,CASE0202
EV03608,P00014,Meeting,2023-08-07 10:39:23,Meeting noted near Visakhapatnam Junction 21 in Hyderabad.,CASE0189
EV03609,P00256,Observation,2023-04-07 03:22:29,Observation noted near Chennai Colony 69 in Delhi.,CASE0193
EV03610,P01210,Financial Activity,2022-04-04 16:53:58,Financial Activity noted near Bhopal Hub 64 in Patna.,CASE0164
EV03611,P01099,Travel,2022-07-26 14:38:27,Travel noted near Guwahati Junction 159 in Hyderabad.,CASE0135
EV03612,P00164,Financial Activity,2024-08-16 03:19:37,Financial Activity noted near Nagpur Colony 80 in Indore.,CASE0130
EV03613,P00143,Travel,2025-11-03 22:53:34,Travel noted near Ranchi Market 132 in Mumbai.,CASE0188
EV03614,P00164,Financial Activity,2023-10-12 13:37:49,Financial Activity noted near Patna Market 70 in Indore.,CASE0059
EV03615,P01131,Meeting,2024-03-16 09:22:54,Meeting noted near Delhi Junction 46 in Kochi.,CASE0036
EV03616,P00736,Financial Activity,2024-03-26 20:31:03,Financial Activity noted near Hyderabad Park 7 in Ahmedabad.,CASE0045
EV03617,P01443,Incident,2025-06-04 15:04:41,Incident noted near Nagpur Hub 26 in Delhi.,CASE0240
EV03618,P00467,Travel,2025-01-18 05:20:30,Travel noted near Indore Market 136 in Chennai.,CASE0080
EV03619,P00467,Property Transfer,2022-04-18 08:26:13,Property Transfer noted near Kolkata Junction 45 in Chennai.,CASE0012
EV03620,P01210,Property Transfer,2024-11-02 16:30:37,Property Transfer noted near Kolkata Park 15 in Patna.,CASE0210
EV03621,P01288,Meeting,2023-08-16 15:48:49,Meeting noted near Hyderabad Park 81 in Guwahati.,CASE0134
EV03622,P00705,Meeting,2022-01-26 18:08:40,Meeting noted near Nagpur Junction 36 in Visakhapatnam.,CASE0139
EV03623,P01267,Financial Activity,2024-11-11 19:42:27,Financial Activity noted near Surat Park 62 in Chennai.,CASE0029
EV03624,P00920,Observation,2023-11-21 04:51:04,Observation noted near Visakhapatnam Colony 6 in Nagpur.,CASE0065
EV03625,P01183,Financial Activity,2023-04-27 03:16:26,Financial Activity noted near Surat Hub 9 in Bhopal.,CASE0239
EV03626,P00564,Property Transfer,2025-02-06 12:51:12,Property Transfer noted near Hyderabad Junction 86 in Surat.,CASE0137
EV03627,P00408,Meeting,2025-01-09 11:43:10,Meeting noted near Delhi Colony 133 in Delhi.,CASE0075
EV03628,P00192,Travel,2023-11-07 02:18:09,Travel noted near Chennai Colony 48 in Delhi.,CASE0234
EV03629,P01267,Property Transfer,2023-11-21 18:46:10,Property Transfer noted near Nagpur Plaza 106 in Chennai.,CASE0201
EV03630,P00467,Travel,2022-08-05 17:42:13,Travel noted near Delhi Park 47 in Chennai.,CASE0019
EV03631,P01555,Financial Activity,2022-01-02 01:12:13,Financial Activity noted near Bengaluru Tower 66 in Guwahati.,CASE0053
EV03632,P01517,Observation,2024-11-12 11:45:16,Observation noted near Nagpur Hub 26 in Lucknow.,CASE0033
EV03633,P01267,Observation,2023-12-01 14:48:44,Observation noted near Kochi Park 121 in Chennai.,CASE0228
EV03634,P00866,Incident,2024-01-12 11:10:34,Incident noted near Ranchi Junction 140 in Guwahati.,CASE0149
EV03635,P01736,Financial Activity,2023-02-02 08:32:53,Financial Activity noted near Kochi Colony 148 in Lucknow.,CASE0040
EV03636,P01555,Financial Activity,2023-09-09 19:57:19,Financial Activity noted near Hyderabad Tower 85 in Guwahati.,CASE0148
EV03637,P01267,Property Transfer,2024-09-03 05:16:53,Property Transfer noted near Chennai Park 96 in Chennai.,CASE0009
EV03638,P01237,Financial Activity,2025-01-26 03:12:50,Financial Activity noted near Kolkata Colony 127 in Ahmedabad.,CASE0143
EV03639,P00741,Property Transfer,2025-12-12 01:04:44,Property Transfer noted near Nagpur Plaza 106 in Ahmedabad.,CASE0020
EV03640,P01117,Incident,2023-06-29 05:10:22,Incident noted near Delhi Junction 147 in Bengaluru.,CASE0008
EV03641,P00741,Observation,2024-11-11 16:08:04,Observation noted near Surat Plaza 122 in Ahmedabad.,CASE0103
EV03642,P00697,Property Transfer,2023-06-27 20:13:22,Property Transfer noted near Lucknow Park 53 in Chennai.,CASE0093
EV03643,P01775,Observation,2022-08-02 07:01:45,Observation noted near Hyderabad Tower 85 in Kolkata.,CASE0162
EV03644,P00062,Travel,2025-12-05 16:58:53,Travel noted near Indore Tower 128 in Lucknow.,CASE0012
EV03645,P00860,Incident,2025-10-10 22:56:08,Incident noted near Kochi Plaza 107 in Kochi.,CASE0069
EV03646,P00014,Financial Activity,2024-07-28 14:06:13,Financial Activity noted near Mumbai Hub 55 in Hyderabad.,CASE0231
EV03647,P01430,Financial Activity,2025-04-15 12:24:18,Financial Activity noted near Lucknow Junction 137 in Mumbai.,CASE0118
EV03648,P01775,Travel,2023-08-04 10:52:04,Travel noted near Kolkata Plaza 119 in Kolkata.,CASE0154
EV03649,P01961,Observation,2025-09-19 22:46:56,Observation noted near Visakhapatnam Tower 42 in Guwahati.,CASE0149
EV03650,P00564,Travel,2023-07-22 18:32:01,Travel noted near Ranchi Plaza 100 in Surat.,CASE0210
EV03651,P00564,Financial Activity,2025-04-18 20:55:33,Financial Activity noted near Ranchi Colony 90 in Surat.,CASE0080
EV03652,P00865,Travel,2024-03-14 08:26:56,Travel noted near Hyderabad Tower 10 in Bengaluru.,CASE0202
EV03653,P00458,Observation,2022-01-15 14:40:50,Observation noted near Delhi Park 47 in Ranchi.,CASE0110
EV03654,P00430,Travel,2024-06-30 07:12:01,Travel noted near Indore Tower 128 in Chennai.,CASE0050
EV03655,P01331,Travel,2022-12-02 22:06:16,Travel noted near Bhopal Junction 151 in Mumbai.,CASE0113
EV03656,P01495,Travel,2023-04-29 18:56:46,Travel noted near Guwahati Plaza 57 in Hyderabad.,CASE0230
EV03657,P01035,Meeting,2023-06-10 12:34:47,Meeting noted near Chennai Colony 48 in Chennai.,CASE0105
EV03658,P00860,Incident,2022-05-24 11:35:30,Incident noted near Guwahati Park 158 in Kochi.,CASE0015
EV03659,P00547,Financial Activity,2022-12-24 19:20:15,Financial Activity noted near Lucknow Colony 149 in Chandigarh.,CASE0234
EV03660,P01828,Financial Activity,2025-10-26 04:05:20,Financial Activity noted near Guwahati Hub 129 in Chandigarh.,CASE0114
EV03661,P00179,Financial Activity,2023-06-15 22:08:57,Financial Activity noted near Chennai Colony 48 in Bengaluru.,CASE0169
EV03662,P01150,Observation,2024-07-11 22:42:38,Observation noted near Visakhapatnam Junction 34 in Guwahati.,CASE0195
EV03663,P01555,Travel,2025-04-27 09:22:48,Travel noted near Indore Market 135 in Guwahati.,CASE0134
EV03664,P01653,Property Transfer,2024-06-19 01:53:02,Property Transfer noted near Guwahati Hub 129 in Delhi.,CASE0076
EV03665,P01814,Observation,2023-08-19 20:04:48,Observation noted near Lucknow Colony 73 in Bhopal.,CASE0189
EV03666,P00705,Property Transfer,2023-12-04 02:40:26,Property Transfer noted near Jaipur Plaza 78 in Visakhapatnam.,CASE0025
EV03667,P01267,Financial Activity,2025-09-17 10:36:56,Financial Activity noted near Kolkata Plaza 119 in Chennai.,CASE0016
EV03668,P00866,Meeting,2025-05-31 14:46:10,Meeting noted near Ranchi Market 132 in Guwahati.,CASE0035
EV03669,P00190,Financial Activity,2022-08-09 10:12:53,Financial Activity noted near Indore Tower 128 in Pune.,CASE0140
EV03670,P00779,Incident,2023-05-15 23:06:46,Incident noted near Kochi Park 121 in Delhi.,CASE0087
EV03671,P00741,Observation,2025-12-27 11:25:27,Observation noted near Chennai Colony 69 in Ahmedabad.,CASE0035
EV03672,P00728,Observation,2023-06-29 16:24:00,Observation noted near Guwahati Plaza 152 in Patna.,CASE0055
EV03673,P00441,Financial Activity,2024-10-02 19:08:53,Financial Activity noted near Chennai Tower 24 in Kolkata.,CASE0023
EV03674,P00542,Meeting,2023-04-29 09:15:07,Meeting noted near Bhopal Hub 113 in Nagpur.,CASE0179
EV03675,P01517,Meeting,2023-10-12 16:56:23,Meeting noted near Hyderabad Hub 12 in Lucknow.,CASE0223
EV03676,P01288,Observation,2023-09-24 13:48:47,Observation noted near Indore Tower 39 in Guwahati.,CASE0030
EV03677,P01495,Financial Activity,2022-12-13 08:42:52,Financial Activity noted near Indore Market 135 in Hyderabad.,CASE0162
EV03678,P01555,Property Transfer,2024-11-19 07:45:19,Property Transfer noted near Nagpur Hub 103 in Guwahati.,CASE0120
EV03679,P00866,Incident,2024-11-22 07:07:16,Incident noted near Visakhapatnam Junction 110 in Guwahati.,CASE0072
EV03680,P00207,Meeting,2023-07-12 06:49:28,Meeting noted near Pune Colony 59 in Mumbai.,CASE0009
EV03681,P01443,Financial Activity,2024-07-14 00:14:28,Financial Activity noted near Kochi Park 117 in Delhi.,CASE0061
EV03682,P00564,Property Transfer,2024-03-07 20:18:25,Property Transfer noted near Hyderabad Plaza 102 in Surat.,CASE0189
EV03683,P01210,Financial Activity,2022-05-30 20:01:10,Financial Activity noted near Surat Market 150 in Patna.,CASE0102
EV03684,P01919,Incident,2022-08-11 15:49:19,Incident noted near Patna Market 70 in Ahmedabad.,CASE0188
EV03685,P01117,Observation,2023-10-07 17:57:38,Observation noted near Ranchi Junction 140 in Bengaluru.,CASE0133
EV03686,P01331,Financial Activity,2025-05-21 17:48:36,Financial Activity noted near Indore Market 136 in Mumbai.,CASE0192
EV03687,P00920,Meeting,2025-03-22 15:34:38,Meeting noted near Chennai Colony 69 in Nagpur.,CASE0140
EV03688,P00256,Incident,2025-08-27 15:50:37,Incident noted near Delhi Colony 133 in Delhi.,CASE0157
EV03689,P01131,Incident,2025-04-18 02:50:54,Incident noted near Kolkata Junction 45 in Kochi.,CASE0015
EV03690,P00759,Financial Activity,2023-12-08 00:41:59,Financial Activity noted near Lucknow Park 19 in Jaipur.,CASE0044
EV03691,P01555,Financial Activity,2022-10-16 03:29:45,Financial Activity noted near Visakhapatnam Tower 14 in Guwahati.,CASE0207
EV03692,P01099,Meeting,2022-10-05 01:35:15,Meeting noted near Indore Tower 128 in Hyderabad.,CASE0240
EV03693,P01889,Travel,2022-03-19 12:32:15,Travel noted near Ahmedabad Plaza 33 in Patna.,CASE0055
EV03694,P00334,Meeting,2024-11-02 05:13:23,Meeting noted near Guwahati Colony 11 in Bhopal.,CASE0027
EV03695,P01437,Travel,2022-02-11 02:36:56,Travel noted near Indore Market 93 in Kolkata.,CASE0033
EV03696,P00690,Observation,2023-03-06 02:38:28,Observation noted near Hyderabad Tower 10 in Kolkata.,CASE0075
EV03697,P01653,Incident,2024-10-13 04:03:40,Incident noted near Kochi Tower 144 in Delhi.,CASE0012
EV03698,P00066,Observation,2023-08-05 16:24:57,Observation noted near Indore Market 135 in Patna.,CASE0033
EV03699,P00547,Incident,2023-09-02 11:01:43,Incident noted near Nagpur Hub 26 in Chandigarh.,CASE0017
EV03700,P00052,Observation,2024-02-10 13:40:27,Observation noted near Jaipur Colony 56 in Bengaluru.,CASE0025
EV03701,P01386,Property Transfer,2023-07-15 09:02:42,Property Transfer noted near Visakhapatnam Hub 123 in Ahmedabad.,CASE0144
EV03702,P01467,Meeting,2025-08-21 08:33:53,Meeting noted near Kochi Plaza 107 in Chandigarh.,CASE0238
EV03703,P01437,Travel,2025-02-03 13:22:50,Travel noted near Mumbai Hub 138 in Kolkata.,CASE0213
EV03704,P00736,Incident,2025-08-18 06:16:28,Incident noted near Hyderabad Plaza 102 in Ahmedabad.,CASE0061
EV03705,P00441,Financial Activity,2024-04-26 15:15:43,Financial Activity noted near Ranchi Plaza 100 in Kolkata.,CASE0152
EV03706,P01210,Property Transfer,2025-08-04 01:02:06,Property Transfer noted near Hyderabad Park 7 in Patna.,CASE0062
EV03707,P00014,Meeting,2023-08-22 13:28:29,Meeting noted near Indore Market 93 in Hyderabad.,CASE0002
EV03708,P00190,Financial Activity,2024-06-22 08:51:51,Financial Activity noted near Patna Hub 52 in Pune.,CASE0087
EV03709,P01207,Observation,2022-11-17 09:20:44,Observation noted near Ahmedabad Plaza 35 in Kochi.,CASE0123
EV03710,P01237,Property Transfer,2025-12-23 19:12:13,Property Transfer noted near Visakhapatnam Tower 124 in Ahmedabad.,CASE0054
EV03711,P00477,Travel,2024-02-18 10:38:30,Travel noted near Hyderabad Hub 12 in Kochi.,CASE0070
EV03712,P00408,Observation,2024-09-13 10:28:53,Observation noted near Chennai Park 96 in Delhi.,CASE0008
EV03713,P01658,Financial Activity,2023-06-22 00:22:48,Financial Activity noted near Chennai Tower 134 in Nagpur.,CASE0173
EV03714,P00448,Incident,2025-01-04 16:04:29,Incident noted near Ranchi Colony 90 in Surat.,CASE0128
EV03715,P00920,Financial Activity,2025-05-01 00:05:43,Financial Activity noted near Lucknow Park 19 in Nagpur.,CASE0235
EV03716,P00441,Property Transfer,2022-11-16 21:48:22,Property Transfer noted near Chandigarh Market 54 in Kolkata.,CASE0153
EV03717,P01814,Observation,2022-06-01 02:05:28,Observation noted near Bengaluru Tower 105 in Bhopal.,CASE0148
EV03718,P01653,Meeting,2025-01-27 22:32:45,Meeting noted near Visakhapatnam Tower 124 in Delhi.,CASE0215
EV03719,P00229,Observation,2024-09-20 03:05:35,Observation noted near Guwahati Plaza 57 in Visakhapatnam.,CASE0174
EV03720,P01509,Incident,2025-04-28 05:40:13,Incident noted near Delhi Junction 147 in Lucknow.,CASE0210
EV03721,P00697,Financial Activity,2024-03-12 08:29:04,Financial Activity noted near Visakhapatnam Tower 124 in Chennai.,CASE0210
EV03722,P00690,Travel,2025-06-12 12:23:43,Travel noted near Visakhapatnam Junction 21 in Kolkata.,CASE0007
EV03723,P00736,Incident,2023-12-11 06:30:24,Incident noted near Patna Hub 52 in Ahmedabad.,CASE0113
EV03724,P01233,Incident,2025-03-31 01:37:46,Incident noted near Visakhapatnam Hub 112 in Surat.,CASE0088
EV03725,P00190,Incident,2024-02-27 14:37:14,Incident noted near Surat Hub 154 in Pune.,CASE0050
EV03726,P00728,Travel,2024-02-04 06:52:04,Travel noted near Patna Market 67 in Patna.,CASE0203
EV03727,P00089,Incident,2022-04-22 08:17:13,Incident noted near Indore Park 109 in Guwahati.,CASE0010
EV03728,P00452,Property Transfer,2023-08-29 13:36:24,Property Transfer noted near Jaipur Colony 114 in Chandigarh.,CASE0114
EV03729,P00779,Travel,2024-07-28 15:43:25,Travel noted near Pune Junction 125 in Delhi.,CASE0043
EV03730,P00334,Incident,2023-02-20 07:38:03,Incident noted near Delhi Junction 8 in Bhopal.,CASE0125
EV03731,P00448,Observation,2024-02-15 04:17:51,Observation noted near Chandigarh Market 54 in Surat.,CASE0097
EV03732,P00334,Property Transfer,2024-07-21 17:28:44,Property Transfer noted near Indore Tower 128 in Bhopal.,CASE0180
EV03733,P01210,Incident,2022-09-26 13:20:06,Incident noted near Kochi Park 117 in Patna.,CASE0057
EV03734,P00452,Financial Activity,2023-09-18 14:18:29,Financial Activity noted near Hyderabad Tower 85 in Chandigarh.,CASE0087
EV03735,P00334,Observation,2024-02-25 09:57:50,Observation noted near Nagpur Plaza 106 in Bhopal.,CASE0027
EV03736,P01993,Travel,2024-08-19 03:54:29,Travel noted near Kolkata Park 18 in Kochi.,CASE0207
EV03737,P00866,Observation,2025-05-12 21:32:16,Observation noted near Pune Junction 25 in Guwahati.,CASE0152
EV03738,P01814,Travel,2023-01-05 14:37:22,Travel noted near Bhopal Junction 58 in Bhopal.,CASE0030
EV03739,P01210,Travel,2023-04-26 04:14:05,Travel noted near Kolkata Park 15 in Patna.,CASE0198
EV03740,P01781,Property Transfer,2024-11-11 00:36:11,Property Transfer noted near Mumbai Park 41 in Kochi.,CASE0055
EV03741,P01709,Financial Activity,2025-08-23 11:03:20,Financial Activity noted near Ranchi Plaza 100 in Patna.,CASE0151
EV03742,P00601,Meeting,2023-12-25 02:51:19,Meeting noted near Indore Tower 146 in Chennai.,CASE0087
EV03743,P01736,Financial Activity,2023-07-11 11:25:27,Financial Activity noted near Indore Tower 39 in Lucknow.,CASE0034
EV03744,P00570,Meeting,2024-09-04 22:48:48,Meeting noted near Kochi Market 28 in Chennai.,CASE0001
EV03745,P00143,Meeting,2024-01-05 19:53:35,Meeting noted near Visakhapatnam Junction 110 in Mumbai.,CASE0170
EV03746,P00564,Financial Activity,2025-07-16 13:17:51,Financial Activity noted near Visakhapatnam Colony 6 in Surat.,CASE0002
EV03747,P00452,Financial Activity,2022-01-26 10:17:05,Financial Activity noted near Guwahati Colony 11 in Chandigarh.,CASE0075
EV03748,P00256,Meeting,2025-06-16 15:12:25,Meeting noted near Surat Hub 9 in Delhi.,CASE0200
EV03749,P00094,Financial Activity,2025-02-21 03:59:03,Financial Activity noted near Nagpur Market 32 in Lucknow.,CASE0210
EV03750,P00143,Incident,2022-10-18 15:52:45,Incident noted near Indore Market 93 in Mumbai.,CASE0032
EV03751,P00601,Travel,2025-01-26 12:41:49,Travel noted near Chandigarh Tower 157 in Chennai.,CASE0089
EV03752,P00179,Financial Activity,2024-09-24 15:58:26,Financial Activity noted near Chandigarh Junction 44 in Bengaluru.,CASE0071
EV03753,P01919,Incident,2022-01-29 10:43:40,Incident noted near Nagpur Junction 37 in Ahmedabad.,CASE0039
EV03754,P00210,Financial Activity,2025-09-04 12:31:58,Financial Activity noted near Indore Junction 101 in Pune.,CASE0067
EV03755,P00319,Incident,2025-10-10 11:47:21,Incident noted near Pune Tower 71 in Bengaluru.,CASE0221
EV03756,P01555,Meeting,2025-10-05 21:40:24,Meeting noted near Nagpur Tower 130 in Guwahati.,CASE0120
EV03757,P01752,Travel,2025-04-10 05:21:36,Travel noted near Pune Junction 125 in Indore.,CASE0202
EV03758,P01430,Travel,2025-12-17 09:34:20,Travel noted near Guwahati Plaza 152 in Mumbai.,CASE0005
EV03759,P01555,Observation,2025-09-13 03:25:15,Observation noted near Mumbai Park 41 in Guwahati.,CASE0136
EV03760,P01437,Incident,2023-09-10 23:10:18,Incident noted near Mumbai Hub 55 in Kolkata.,CASE0071
EV03761,P00143,Meeting,2023-06-28 16:12:21,Meeting noted near Surat Market 150 in Mumbai.,CASE0081
EV03762,P00448,Observation,2023-01-02 20:50:59,Observation noted near Surat Park 62 in Surat.,CASE0190
EV03763,P01438,Travel,2024-08-31 14:13:04,Travel noted near Nagpur Market 32 in Delhi.,CASE0192
EV03764,P00256,Meeting,2023-11-15 16:22:01,Meeting noted near Nagpur Hub 118 in Delhi.,CASE0144
EV03765,P00776,Travel,2024-09-15 17:24:08,Travel noted near Visakhapatnam Colony 72 in Delhi.,CASE0177
EV03766,P00690,Meeting,2023-07-27 01:41:28,Meeting noted near Kochi Colony 148 in Kolkata.,CASE0215
EV03767,P00179,Incident,2022-03-12 04:42:28,Incident noted near Guwahati Plaza 92 in Bengaluru.,CASE0166
EV03768,P01519,Incident,2023-08-19 18:54:16,Incident noted near Chandigarh Hub 1 in Delhi.,CASE0148
EV03769,P01775,Financial Activity,2022-07-09 13:54:14,Financial Activity noted near Bengaluru Tower 66 in Kolkata.,CASE0099
EV03770,P00728,Observation,2024-12-01 20:58:01,Observation noted near Visakhapatnam Junction 34 in Patna.,CASE0223
EV03771,P00334,Observation,2024-10-06 12:07:17,Observation noted near Nagpur Tower 104 in Bhopal.,CASE0196
EV03772,P00441,Observation,2022-07-25 19:28:49,Observation noted near Mumbai Hub 55 in Kolkata.,CASE0002
EV03773,P00327,Financial Activity,2023-04-29 00:26:53,Financial Activity noted near Hyderabad Tower 85 in Ranchi.,CASE0200
EV03774,P00570,Travel,2024-06-11 22:25:11,Travel noted near Lucknow Park 53 in Chennai.,CASE0200
EV03775,P00741,Financial Activity,2023-04-10 01:55:41,Financial Activity noted near Lucknow Plaza 142 in Ahmedabad.,CASE0035
EV03776,P01467,Incident,2022-07-26 21:43:10,Incident noted near Surat Hub 9 in Chandigarh.,CASE0203
EV03777,P01437,Incident,2022-10-28 08:08:45,Incident noted near Nagpur Market 32 in Kolkata.,CASE0008
EV03778,P01035,Meeting,2022-06-21 03:25:09,Meeting noted near Visakhapatnam Tower 42 in Chennai.,CASE0086
EV03779,P01699,Financial Activity,2023-08-17 00:35:49,Financial Activity noted near Indore Hub 2 in Surat.,CASE0021
EV03780,P01564,Incident,2023-10-30 08:44:35,Incident noted near Bhopal Colony 97 in Kolkata.,CASE0192
EV03781,P00179,Observation,2023-05-11 11:10:20,Observation noted near Visakhapatnam Colony 72 in Bengaluru.,CASE0102
EV03782,P00052,Incident,2022-06-02 06:08:51,Incident noted near Chandigarh Hub 1 in Bengaluru.,CASE0015
EV03783,P01584,Travel,2025-06-21 07:34:11,Travel noted near Chandigarh Plaza 89 in Lucknow.,CASE0013
EV03784,P01509,Incident,2024-05-20 08:44:03,Incident noted near Delhi Hub 3 in Lucknow.,CASE0018
EV03785,P00759,Financial Activity,2025-02-17 16:54:56,Financial Activity noted near Chandigarh Hub 1 in Jaipur.,CASE0114
EV03786,P00759,Incident,2023-12-12 23:43:32,Incident noted near Lucknow Junction 137 in Jaipur.,CASE0075
EV03787,P00741,Incident,2022-07-05 12:09:52,Incident noted near Delhi Park 49 in Ahmedabad.,CASE0056
EV03788,P00564,Observation,2024-12-07 07:46:45,Observation noted near Kolkata Park 18 in Surat.,CASE0166
EV03789,P00319,Incident,2022-10-08 18:08:39,Incident noted near Nagpur Junction 36 in Bengaluru.,CASE0014
EV03790,P00210,Meeting,2022-05-03 03:28:39,Meeting noted near Pune Colony 59 in Pune.,CASE0160
EV03791,P01438,Travel,2023-07-16 16:42:26,Travel noted near Bhopal Park 68 in Delhi.,CASE0185
EV03792,P00430,Travel,2023-07-01 00:43:43,Travel noted near Hyderabad Colony 145 in Chennai.,CASE0024
EV03793,P01467,Financial Activity,2024-10-20 13:59:54,Financial Activity noted near Guwahati Hub 129 in Chandigarh.,CASE0160
EV03794,P01814,Property Transfer,2024-06-29 02:03:22,Property Transfer noted near Kochi Park 115 in Bhopal.,CASE0174
EV03795,P00334,Travel,2023-11-16 12:41:17,Travel noted near Delhi Junction 46 in Bhopal.,CASE0094
EV03796,P00741,Travel,2023-03-04 11:19:22,Travel noted near Pune Junction 125 in Ahmedabad.,CASE0149
EV03797,P00601,Observation,2025-05-07 10:00:06,Observation noted near Visakhapatnam Colony 72 in Chennai.,CASE0122
EV03798,P00408,Property Transfer,2023-02-06 14:12:04,Property Transfer noted near Guwahati Colony 11 in Delhi.,CASE0045
EV03799,P00759,Property Transfer,2025-06-19 16:34:22,Property Transfer noted near Ranchi Park 95 in Jaipur.,CASE0041
EV03800,P00458,Property Transfer,2023-11-10 20:16:00,Property Transfer noted near Jaipur Colony 56 in Ranchi.,CASE0022
EV03801,P00728,Financial Activity,2022-04-16 05:12:55,Financial Activity noted near Delhi Park 49 in Patna.,CASE0068
EV03802,P00319,Observation,2025-12-06 21:54:38,Observation noted near Delhi Hub 3 in Bengaluru.,CASE0061
EV03803,P00055,Financial Activity,2022-10-21 23:06:43,Financial Activity noted near Indore Hub 63 in Nagpur.,CASE0034
EV03804,P00014,Financial Activity,2023-08-03 10:41:45,Financial Activity noted near Guwahati Colony 11 in Hyderabad.,CASE0137
EV03805,P01651,Property Transfer,2024-12-16 03:03:30,Property Transfer noted near Hyderabad Hub 12 in Indore.,CASE0175
EV03806,P00728,Incident,2024-09-08 10:00:50,Incident noted near Pune Junction 125 in Patna.,CASE0061
EV03807,P00199,Meeting,2022-04-22 21:53:34,Meeting noted near Nagpur Junction 116 in Ranchi.,CASE0081
EV03808,P01183,Financial Activity,2022-05-13 04:46:59,Financial Activity noted near Surat Plaza 122 in Bhopal.,CASE0172
EV03809,P01131,Meeting,2025-04-04 07:53:52,Meeting noted near Patna Market 70 in Kochi.,CASE0165
EV03810,P00601,Incident,2022-03-29 08:30:33,Incident noted near Visakhapatnam Junction 21 in Chennai.,CASE0005
EV03811,P01150,Property Transfer,2024-09-19 10:31:03,Property Transfer noted near Pune Market 17 in Guwahati.,CASE0022
EV03812,P00164,Observation,2023-12-08 05:18:56,Observation noted near Nagpur Junction 116 in Indore.,CASE0143
EV03813,P00690,Financial Activity,2024-05-18 21:08:45,Financial Activity noted near Surat Plaza 156 in Kolkata.,CASE0145
EV03814,P00094,Property Transfer,2022-08-15 05:46:53,Property Transfer noted near Bengaluru Market 43 in Lucknow.,CASE0105
EV03815,P00570,Financial Activity,2025-09-10 21:48:12,Financial Activity noted near Surat Tower 108 in Chennai.,CASE0112
EV03816,P00408,Observation,2023-07-27 22:36:56,Observation noted near Bengaluru Market 43 in Delhi.,CASE0156
EV03817,P00210,Meeting,2025-09-09 05:38:17,Meeting noted near Visakhapatnam Tower 14 in Pune.,CASE0185
EV03818,P00728,Financial Activity,2022-06-24 12:36:23,Financial Activity noted near Nagpur Hub 103 in Patna.,CASE0159
EV03819,P01651,Property Transfer,2023-07-12 23:30:48,Property Transfer noted near Ranchi Plaza 100 in Indore.,CASE0093
EV03820,P01183,Travel,2023-03-04 20:52:12,Travel noted near Mumbai Plaza 27 in Bhopal.,CASE0035
EV03821,P01564,Travel,2023-07-30 07:36:16,Travel noted near Kochi Tower 126 in Kolkata.,CASE0096
EV03822,P00256,Meeting,2024-11-17 22:04:45,Meeting noted near Visakhapatnam Market 50 in Delhi.,CASE0025
EV03823,P01207,Meeting,2024-02-06 09:54:13,Meeting noted near Chennai Tower 24 in Kochi.,CASE0004
EV03824,P01781,Property Transfer,2022-04-08 22:48:15,Property Transfer noted near Chennai Colony 153 in Kochi.,CASE0163
EV03825,P00705,Travel,2025-11-06 17:12:37,Travel noted near Indore Market 135 in Visakhapatnam.,CASE0221
EV03826,P00430,Incident,2025-12-22 14:27:16,Incident noted near Chandigarh Hub 74 in Chennai.,CASE0146
EV03827,P01709,Incident,2024-04-26 19:33:59,Incident noted near Visakhapatnam Hub 123 in Patna.,CASE0005
EV03828,P00014,Incident,2023-07-27 03:21:51,Incident noted near Kolkata Tower 30 in Hyderabad.,CASE0002
EV03829,P01437,Observation,2023-11-06 07:58:20,Observation noted near Pune Junction 25 in Kolkata.,CASE0082
EV03830,P00593,Travel,2023-01-12 07:02:17,Travel noted near Lucknow Junction 137 in Hyderabad.,CASE0010
EV03831,P01117,Travel,2024-04-18 14:00:27,Travel noted near Visakhapatnam Junction 34 in Bengaluru.,CASE0117
EV03832,P00327,Incident,2025-04-07 12:36:08,Incident noted near Indore Tower 146 in Ranchi.,CASE0111
EV03833,P00334,Incident,2025-09-06 03:44:28,Incident noted near Ahmedabad Plaza 33 in Bhopal.,CASE0189
EV03834,P01267,Travel,2024-11-14 23:21:37,Travel noted near Chandigarh Tower 157 in Chennai.,CASE0219
EV03835,P01267,Incident,2024-03-13 10:01:31,Incident noted near Bhopal Junction 151 in Chennai.,CASE0162
EV03836,P01699,Observation,2024-04-03 17:03:01,Observation noted near Indore Market 93 in Surat.,CASE0080
EV03837,P01183,Incident,2024-03-10 03:58:18,Incident noted near Hyderabad Hub 16 in Bhopal.,CASE0033
EV03838,P00089,Incident,2022-02-08 21:27:15,Incident noted near Lucknow Junction 137 in Guwahati.,CASE0104
EV03839,P01814,Travel,2025-04-01 14:03:15,Travel noted near Hyderabad Tower 10 in Bhopal.,CASE0026
EV03840,P00055,Financial Activity,2022-07-05 00:01:41,Financial Activity noted near Delhi Junction 8 in Nagpur.,CASE0135
EV03841,P01509,Travel,2022-09-17 08:10:07,Travel noted near Nagpur Hub 26 in Lucknow.,CASE0106
EV03842,P00601,Meeting,2024-04-12 12:09:30,Meeting noted near Hyderabad Tower 10 in Chennai.,CASE0050
EV03843,P01517,Property Transfer,2023-05-08 18:32:00,Property Transfer noted near Lucknow Junction 137 in Lucknow.,CASE0016
EV03844,P00547,Meeting,2023-10-13 00:30:56,Meeting noted near Indore Market 136 in Chandigarh.,CASE0066
EV03845,P01658,Travel,2024-11-26 23:48:27,Travel noted near Ranchi Market 132 in Nagpur.,CASE0041
EV03846,P01267,Property Transfer,2025-08-09 04:03:20,Property Transfer noted near Lucknow Park 53 in Chennai.,CASE0140
EV03847,P01517,Property Transfer,2022-03-17 00:04:37,Property Transfer noted near Kolkata Park 15 in Lucknow.,CASE0040
EV03848,P01373,Financial Activity,2025-04-14 23:46:52,Financial Activity noted near Chennai Hub 5 in Jaipur.,CASE0029
EV03849,P01310,Observation,2022-05-24 09:35:03,Observation noted near Ranchi Colony 90 in Ranchi.,CASE0124
EV03850,P00089,Financial Activity,2023-02-23 21:19:30,Financial Activity noted near Mumbai Park 41 in Guwahati.,CASE0202
EV03851,P00547,Financial Activity,2025-02-10 13:15:06,Financial Activity noted near Guwahati Park 61 in Chandigarh.,CASE0006
EV03852,P00143,Incident,2025-06-28 15:33:32,Incident noted near Visakhapatnam Tower 14 in Mumbai.,CASE0043
EV03853,P01267,Travel,2025-08-05 17:09:04,Travel noted near Hyderabad Market 131 in Chennai.,CASE0227
EV03854,P00286,Incident,2024-03-30 00:47:01,Incident noted near Guwahati Plaza 152 in Mumbai.,CASE0028
EV03855,P00601,Incident,2025-09-25 19:35:29,Incident noted near Delhi Park 47 in Chennai.,CASE0165
EV03856,P01386,Incident,2022-07-23 06:41:52,Incident noted near Kolkata Park 18 in Ahmedabad.,CASE0169
EV03857,P01035,Financial Activity,2023-03-06 01:03:56,Financial Activity noted near Bhopal Hub 113 in Chennai.,CASE0036
EV03858,P00089,Meeting,2025-01-30 09:42:05,Meeting noted near Indore Tower 146 in Guwahati.,CASE0188
EV03859,P01658,Property Transfer,2024-04-03 18:37:52,Property Transfer noted near Kolkata Hub 143 in Nagpur.,CASE0169
EV03860,P00441,Meeting,2025-02-11 14:49:53,Meeting noted near Nagpur Hub 26 in Kolkata.,CASE0056
EV03861,P00452,Meeting,2023-01-03 21:06:12,Meeting noted near Patna Market 67 in Chandigarh.,CASE0171
EV03862,P00164,Property Transfer,2022-09-10 10:24:46,Property Transfer noted near Kochi Park 115 in Indore.,CASE0080
EV03863,P00094,Financial Activity,2023-04-30 11:45:49,Financial Activity noted near Hyderabad Park 81 in Lucknow.,CASE0189
EV03864,P00394,Incident,2025-05-11 14:41:21,Incident noted near Jaipur Colony 114 in Guwahati.,CASE0031
EV03865,P00929,Travel,2022-12-27 10:28:56,Travel noted near Nagpur Tower 130 in Chandigarh.,CASE0166
EV03866,P00441,Property Transfer,2025-08-31 06:27:10,Property Transfer noted near Visakhapatnam Junction 34 in Kolkata.,CASE0099
EV03867,P00547,Travel,2024-09-07 07:41:06,Travel noted near Surat Plaza 156 in Chandigarh.,CASE0080
EV03868,P01961,Incident,2025-07-04 22:45:54,Incident noted near Bhopal Hub 113 in Guwahati.,CASE0010
EV03869,P00192,Travel,2023-06-04 23:06:58,Travel noted near Chandigarh Hub 1 in Delhi.,CASE0027
EV03870,P01509,Property Transfer,2025-04-25 18:38:51,Property Transfer noted near Delhi Park 49 in Lucknow.,CASE0171
EV03871,P00441,Travel,2024-01-22 04:18:02,Travel noted near Kochi Park 117 in Kolkata.,CASE0045
EV03872,P01651,Travel,2024-01-07 14:43:21,Travel noted near Hyderabad Hub 12 in Indore.,CASE0064
EV03873,P01373,Incident,2022-08-10 10:21:11,Incident noted near Surat Market 150 in Jaipur.,CASE0177
EV03874,P00448,Travel,2023-02-26 13:33:05,Travel noted near Visakhapatnam Junction 34 in Surat.,CASE0200
EV03875,P00408,Meeting,2023-02-05 17:23:04,Meeting noted near Guwahati Park 61 in Delhi.,CASE0086
EV03876,P01584,Property Transfer,2022-02-10 20:11:54,Property Transfer noted near Chandigarh Market 54 in Lucknow.,CASE0215
EV03877,P00542,Meeting,2023-08-09 15:26:36,Meeting noted near Hyderabad Hub 16 in Nagpur.,CASE0005
EV03878,P00394,Meeting,2022-04-05 03:54:42,Meeting noted near Lucknow Colony 149 in Guwahati.,CASE0227
EV03879,P00192,Property Transfer,2023-05-23 20:58:20,Property Transfer noted near Mumbai Plaza 27 in Delhi.,CASE0234
EV03880,P00334,Incident,2022-09-29 10:44:35,Incident noted near Bhopal Junction 58 in Bhopal.,CASE0134
EV03881,P00256,Incident,2022-09-28 22:35:51,Incident noted near Surat Plaza 122 in Delhi.,CASE0094
EV03882,P00728,Property Transfer,2023-05-19 10:37:37,Property Transfer noted near Kochi Colony 148 in Patna.,CASE0168
EV03883,P00564,Property Transfer,2025-02-26 13:24:47,Property Transfer noted near Bhopal Plaza 160 in Surat.,CASE0220
EV03884,P00441,Financial Activity,2022-07-30 00:55:49,Financial Activity noted near Lucknow Colony 73 in Kolkata.,CASE0079
EV03885,P00207,Property Transfer,2024-08-23 03:05:01,Property Transfer noted near Kochi Park 121 in Mumbai.,CASE0060
EV03886,P01519,Observation,2022-05-17 00:29:03,Observation noted near Hyderabad Hub 12 in Delhi.,CASE0101
EV03887,P01210,Meeting,2025-07-22 11:25:17,Meeting noted near Nagpur Junction 116 in Patna.,CASE0033
EV03888,P00394,Meeting,2025-04-24 23:52:43,Meeting noted near Indore Market 23 in Guwahati.,CASE0031
EV03889,P01814,Meeting,2022-04-10 20:49:18,Meeting noted near Guwahati Hub 60 in Bhopal.,CASE0160
EV03890,P00164,Observation,2022-11-27 06:31:16,Observation noted near Visakhapatnam Junction 110 in Indore.,CASE0023
EV03891,P00570,Financial Activity,2023-03-20 11:13:20,Financial Activity noted near Pune Tower 71 in Chennai.,CASE0212
EV03892,P00542,Incident,2024-03-07 12:13:29,Incident noted near Kolkata Colony 127 in Nagpur.,CASE0072
EV03893,P00502,Incident,2023-11-07 07:24:57,Incident noted near Pune Market 65 in Patna.,CASE0109
EV03894,P00547,Financial Activity,2024-05-16 21:45:09,Financial Activity noted near Bhopal Junction 58 in Chandigarh.,CASE0193
EV03895,P01653,Observation,2022-04-25 09:15:42,Observation noted near Patna Hub 91 in Delhi.,CASE0110
EV03896,P01438,Financial Activity,2024-11-05 01:07:41,Financial Activity noted near Nagpur Junction 37 in Delhi.,CASE0065
EV03897,P01752,Meeting,2022-08-06 23:59:21,Meeting noted near Delhi Colony 133 in Indore.,CASE0117
EV03898,P00941,Incident,2025-01-10 04:56:28,Incident noted near Visakhapatnam Market 50 in Ahmedabad.,CASE0040
EV03899,P01519,Financial Activity,2024-02-15 16:12:34,Financial Activity noted near Hyderabad Junction 86 in Delhi.,CASE0185
EV03900,P01653,Incident,2023-03-04 00:17:26,Incident noted near Visakhapatnam Plaza 120 in Delhi.,CASE0146
EV03901,P00542,Financial Activity,2023-04-02 05:44:20,Financial Activity noted near Ahmedabad Plaza 35 in Nagpur.,CASE0170
EV03902,P01267,Financial Activity,2022-10-16 05:50:58,Financial Activity noted near Chandigarh Colony 99 in Chennai.,CASE0087
EV03903,P01781,Meeting,2025-02-25 12:21:12,Meeting noted near Hyderabad Park 7 in Kochi.,CASE0029
EV03904,P01302,Property Transfer,2022-03-28 20:20:07,Property Transfer noted near Indore Tower 146 in Kolkata.,CASE0128
EV03905,P01993,Incident,2025-11-26 04:12:58,Incident noted near Chennai Colony 153 in Kochi.,CASE0002
EV03906,P00467,Property Transfer,2025-06-26 19:44:43,Property Transfer noted near Pune Market 65 in Chennai.,CASE0177
EV03907,P00062,Property Transfer,2023-04-07 09:42:59,Property Transfer noted near Nagpur Junction 36 in Lucknow.,CASE0145
EV03908,P01584,Property Transfer,2024-05-09 11:45:02,Property Transfer noted near Guwahati Plaza 152 in Lucknow.,CASE0142
EV03909,P00705,Financial Activity,2022-12-13 13:00:53,Financial Activity noted near Kochi Colony 148 in Visakhapatnam.,CASE0091
EV03910,P00547,Financial Activity,2025-12-09 00:41:11,Financial Activity noted near Bhopal Hub 113 in Chandigarh.,CASE0058
EV03911,P00014,Observation,2022-08-07 06:30:43,Observation noted near Indore Market 136 in Hyderabad.,CASE0215
EV03912,P00162,Incident,2025-07-13 03:39:36,Incident noted near Kochi Colony 148 in Lucknow.,CASE0182
EV03913,P00697,Meeting,2022-12-09 05:26:51,Meeting noted near Pune Tower 71 in Chennai.,CASE0218
EV03914,P00860,Property Transfer,2024-08-05 16:18:00,Property Transfer noted near Guwahati Plaza 92 in Kochi.,CASE0150
EV03915,P01814,Travel,2022-09-22 14:15:50,Travel noted near Indore Market 135 in Bhopal.,CASE0092
EV03916,P00741,Financial Activity,2025-12-23 23:24:06,Financial Activity noted near Chennai Colony 48 in Ahmedabad.,CASE0183
EV03917,P00089,Meeting,2025-09-07 19:03:08,Meeting noted near Chennai Colony 69 in Guwahati.,CASE0055
EV03918,P01210,Meeting,2023-11-08 12:12:47,Meeting noted near Nagpur Junction 37 in Patna.,CASE0044
EV03919,P00748,Observation,2024-01-17 00:43:20,Observation noted near Visakhapatnam Market 50 in Bhopal.,CASE0079
EV03920,P01233,Meeting,2023-09-05 14:07:03,Meeting noted near Bhopal Junction 151 in Surat.,CASE0039
EV03921,P00601,Travel,2025-11-25 04:09:45,Travel noted near Hyderabad Plaza 22 in Chennai.,CASE0011
EV03922,P01517,Travel,2022-12-23 19:34:51,Travel noted near Visakhapatnam Hub 112 in Lucknow.,CASE0014
EV03923,P00941,Observation,2022-10-12 20:12:01,Observation noted near Jaipur Colony 114 in Ahmedabad.,CASE0036
EV03924,P01035,Incident,2025-12-26 07:13:05,Incident noted near Ranchi Park 95 in Chennai.,CASE0176
EV03925,P01653,Observation,2024-07-05 03:05:21,Observation noted near Kochi Plaza 107 in Delhi.,CASE0053
EV03926,P00089,Property Transfer,2023-09-16 03:42:18,Property Transfer noted near Chandigarh Plaza 89 in Guwahati.,CASE0093
EV03927,P01919,Financial Activity,2025-10-09 11:18:52,Financial Activity noted near Ahmedabad Plaza 33 in Ahmedabad.,CASE0052
EV03928,P01310,Financial Activity,2023-05-29 09:58:07,Financial Activity noted near Kochi Park 121 in Ranchi.,CASE0142
EV03929,P01555,Travel,2024-02-14 23:46:20,Travel noted near Hyderabad Hub 16 in Guwahati.,CASE0240
EV03930,P01584,Incident,2025-08-07 03:34:31,Incident noted near Visakhapatnam Junction 21 in Lucknow.,CASE0085
EV03931,P00094,Travel,2024-04-17 19:26:46,Travel noted near Indore Market 135 in Lucknow.,CASE0127
EV03932,P00570,Meeting,2025-04-27 18:21:23,Meeting noted near Nagpur Hub 26 in Chennai.,CASE0006
EV03933,P01150,Incident,2025-01-11 16:00:26,Incident noted near Visakhapatnam Colony 6 in Guwahati.,CASE0165
EV03934,P01373,Property Transfer,2024-01-24 13:14:21,Property Transfer noted near Chandigarh Plaza 89 in Jaipur.,CASE0034
EV03935,P00408,Financial Activity,2025-09-17 16:54:24,Financial Activity noted near Guwahati Park 61 in Delhi.,CASE0155
EV03936,P01828,Meeting,2025-07-14 01:49:07,Meeting noted near Bhopal Park 68 in Chandigarh.,CASE0038
EV03937,P00066,Financial Activity,2024-10-23 09:11:48,Financial Activity noted near Ranchi Colony 90 in Patna.,CASE0198
EV03938,P00866,Incident,2022-03-28 18:10:42,Incident noted near Nagpur Junction 36 in Guwahati.,CASE0155
EV03939,P01564,Property Transfer,2024-11-17 03:40:39,Property Transfer noted near Kolkata Plaza 119 in Kolkata.,CASE0053
EV03940,P01099,Observation,2023-09-08 08:51:52,Observation noted near Hyderabad Colony 145 in Hyderabad.,CASE0204
EV03941,P00143,Property Transfer,2024-05-19 16:17:26,Property Transfer noted near Indore Tower 146 in Mumbai.,CASE0138
EV03942,P00062,Incident,2023-09-29 02:02:12,Incident noted near Nagpur Colony 80 in Lucknow.,CASE0208
EV03943,P00542,Observation,2025-01-30 12:23:32,Observation noted near Surat Plaza 156 in Nagpur.,CASE0180
EV03944,P00199,Financial Activity,2025-06-18 20:50:30,Financial Activity noted near Surat Tower 108 in Ranchi.,CASE0039
EV03945,P01651,Financial Activity,2025-04-07 00:57:51,Financial Activity noted near Ranchi Market 132 in Indore.,CASE0049
EV03946,P00865,Observation,2025-11-21 02:32:50,Observation noted near Lucknow Park 19 in Bengaluru.,CASE0001
EV03947,P00452,Travel,2025-11-29 08:58:46,Travel noted near Visakhapatnam Colony 72 in Chandigarh.,CASE0074
EV03948,P00441,Incident,2024-12-30 11:57:05,Incident noted near Surat Park 155 in Kolkata.,CASE0201
EV03949,P01509,Incident,2023-03-06 19:17:31,Incident noted near Nagpur Tower 130 in Lucknow.,CASE0090
EV03950,P01210,Incident,2025-12-20 15:34:58,Incident noted near Lucknow Plaza 142 in Patna.,CASE0142
EV03951,P00920,Property Transfer,2024-11-01 19:56:48,Property Transfer noted near Indore Market 135 in Nagpur.,CASE0070
EV03952,P01828,Observation,2022-04-25 20:05:22,Observation noted near Visakhapatnam Plaza 120 in Chandigarh.,CASE0228
EV03953,P01373,Meeting,2024-04-24 06:05:42,Meeting noted near Indore Market 83 in Jaipur.,CASE0165
EV03954,P01828,Travel,2023-12-24 16:29:58,Travel noted near Patna Market 70 in Chandigarh.,CASE0043
EV03955,P00286,Travel,2024-01-16 10:46:12,Travel noted near Visakhapatnam Colony 6 in Mumbai.,CASE0219
EV03956,P00143,Observation,2022-01-06 01:39:24,Observation noted near Surat Plaza 122 in Mumbai.,CASE0184
EV03957,P00452,Observation,2024-06-20 16:00:01,Observation noted near Kolkata Park 15 in Chandigarh.,CASE0052
EV03958,P00199,Financial Activity,2023-11-24 06:12:35,Financial Activity noted near Hyderabad Tower 85 in Ranchi.,CASE0155
EV03959,P00199,Meeting,2024-01-25 01:46:51,Meeting noted near Lucknow Park 19 in Ranchi.,CASE0113
EV03960,P01035,Financial Activity,2024-09-12 00:28:03,Financial Activity noted near Indore Market 93 in Chennai.,CASE0016
EV03961,P01310,Observation,2023-11-22 10:20:12,Observation noted near Guwahati Junction 159 in Ranchi.,CASE0142
EV03962,P00748,Property Transfer,2025-06-07 02:52:24,Property Transfer noted near Pune Junction 25 in Bhopal.,CASE0081
EV03963,P00547,Incident,2023-10-06 22:27:50,Incident noted near Bhopal Plaza 160 in Chandigarh.,CASE0062
EV03964,P01035,Incident,2022-09-14 19:58:15,Incident noted near Kolkata Tower 30 in Chennai.,CASE0214
EV03965,P00229,Travel,2022-03-12 05:55:42,Travel noted near Nagpur Junction 36 in Visakhapatnam.,CASE0049
EV03966,P01099,Meeting,2023-07-30 09:43:52,Meeting noted near Surat Hub 154 in Hyderabad.,CASE0041
EV03967,P01775,Observation,2024-04-07 08:55:45,Observation noted near Kochi Park 121 in Kolkata.,CASE0036
EV03968,P00697,Meeting,2022-03-15 23:23:15,Meeting noted near Ahmedabad Tower 98 in Chennai.,CASE0092
EV03969,P00866,Incident,2024-11-07 18:22:15,Incident noted near Hyderabad Tower 10 in Guwahati.,CASE0027
EV03970,P00162,Observation,2025-12-07 06:46:37,Observation noted near Ranchi Market 132 in Lucknow.,CASE0117
EV03971,P00593,Incident,2023-07-07 06:40:49,Incident noted near Guwahati Hub 60 in Hyderabad.,CASE0054
EV03972,P01099,Observation,2022-06-24 14:51:07,Observation noted near Patna Market 67 in Hyderabad.,CASE0146
EV03973,P00052,Travel,2025-08-24 17:19:09,Travel noted near Bhopal Hub 113 in Bengaluru.,CASE0087
EV03974,P01310,Financial Activity,2025-11-09 11:47:52,Financial Activity noted near Delhi Market 141 in Ranchi.,CASE0149
EV03975,P01765,Financial Activity,2023-12-15 01:46:41,Financial Activity noted near Jaipur Plaza 78 in Delhi.,CASE0222
EV03976,P01183,Incident,2023-09-08 05:20:03,Incident noted near Jaipur Colony 114 in Bhopal.,CASE0145
EV03977,P01355,Incident,2025-12-17 03:24:14,Incident noted near Kochi Tower 144 in Visakhapatnam.,CASE0005
EV03978,P00502,Financial Activity,2022-03-22 07:19:18,Financial Activity noted near Jaipur Colony 56 in Patna.,CASE0111
EV03979,P00570,Travel,2023-01-31 21:05:39,Travel noted near Hyderabad Hub 16 in Chennai.,CASE0041
EV03980,P00741,Observation,2023-05-16 08:50:04,Observation noted near Kolkata Junction 45 in Ahmedabad.,CASE0191
EV03981,P00728,Meeting,2025-07-30 09:32:30,Meeting noted near Visakhapatnam Colony 6 in Patna.,CASE0077
EV03982,P00430,Incident,2023-07-07 11:17:29,Incident noted near Lucknow Colony 73 in Chennai.,CASE0220
EV03983,P00229,Property Transfer,2023-05-16 08:28:20,Property Transfer noted near Chandigarh Plaza 89 in Visakhapatnam.,CASE0131
EV03984,P00229,Property Transfer,2025-01-15 09:41:58,Property Transfer noted near Patna Colony 77 in Visakhapatnam.,CASE0207
EV03985,P01355,Financial Activity,2025-03-27 01:50:02,Financial Activity noted near Hyderabad Plaza 102 in Visakhapatnam.,CASE0154
EV03986,P01267,Meeting,2024-02-09 21:09:14,Meeting noted near Nagpur Junction 51 in Chennai.,CASE0101
EV03987,P01210,Incident,2025-06-30 10:15:43,Incident noted near Kolkata Park 18 in Patna.,CASE0045
EV03988,P00210,Travel,2025-11-06 17:09:24,Travel noted near Pune Market 17 in Pune.,CASE0099
EV03989,P01233,Travel,2023-08-12 18:38:15,Travel noted near Visakhapatnam Junction 110 in Surat.,CASE0182
EV03990,P00564,Incident,2024-03-29 13:40:03,Incident noted near Visakhapatnam Junction 110 in Surat.,CASE0098
EV03991,P01752,Observation,2022-12-05 06:46:07,Observation noted near Visakhapatnam Junction 34 in Indore.,CASE0139
EV03992,P00164,Observation,2024-01-21 12:16:22,Observation noted near Chennai Tower 134 in Indore.,CASE0205
EV03993,P00256,Observation,2024-03-14 00:35:55,Observation noted near Kolkata Junction 45 in Delhi.,CASE0131
EV03994,P01961,Meeting,2023-10-26 21:10:02,Meeting noted near Chennai Colony 48 in Guwahati.,CASE0037
EV03995,P01386,Travel,2025-12-20 02:17:40,Travel noted near Guwahati Park 61 in Ahmedabad.,CASE0123
EV03996,P00256,Meeting,2025-03-17 09:15:46,Meeting noted near Hyderabad Tower 85 in Delhi.,CASE0042
EV03997,P01699,Meeting,2024-10-30 20:40:46,Meeting noted near Hyderabad Market 131 in Surat.,CASE0179
EV03998,P00448,Travel,2023-07-05 18:21:45,Travel noted near Kochi Park 115 in Surat.,CASE0171
EV03999,P00728,Property Transfer,2022-02-10 18:52:52,Property Transfer noted near Visakhapatnam Junction 34 in Patna.,CASE0086
EV04000,P01099,Observation,2022-04-30 03:47:42,Observation noted near Nagpur Junction 37 in Hyderabad.,CASE0184
EV04001,P00319,Meeting,2025-04-16 13:40:24,Meeting noted near Kolkata Park 18 in Bengaluru.,CASE0235
EV04002,P00094,Observation,2025-02-28 02:49:39,Observation noted near Hyderabad Tower 85 in Lucknow.,CASE0053
EV04003,P01035,Meeting,2022-08-01 08:22:28,Meeting noted near Pune Market 65 in Chennai.,CASE0064
EV04004,P01653,Travel,2022-04-04 21:02:04,Travel noted near Patna Hub 91 in Delhi.,CASE0142
EV04005,P00256,Observation,2025-01-12 08:42:52,Observation noted near Delhi Junction 46 in Delhi.,CASE0204
EV04006,P00394,Property Transfer,2022-07-26 09:51:15,Property Transfer noted near Patna Tower 13 in Guwahati.,CASE0106
EV04007,P01555,Property Transfer,2024-07-20 02:34:57,Property Transfer noted near Chandigarh Junction 44 in Guwahati.,CASE0110
EV04008,P01373,Financial Activity,2023-06-28 00:42:28,Financial Activity noted near Ahmedabad Plaza 35 in Jaipur.,CASE0213
EV04009,P01386,Financial Activity,2025-11-28 06:34:02,Financial Activity noted near Delhi Hub 3 in Ahmedabad.,CASE0153
EV04010,P00920,Financial Activity,2022-10-04 07:21:04,Financial Activity noted near Surat Plaza 40 in Nagpur.,CASE0014
EV04011,P01699,Financial Activity,2025-09-08 07:23:13,Financial Activity noted near Surat Tower 108 in Surat.,CASE0103
EV04012,P01117,Travel,2022-05-14 13:58:05,Travel noted near Chandigarh Hub 1 in Bengaluru.,CASE0058
EV04013,P00229,Financial Activity,2025-09-12 21:59:56,Financial Activity noted near Hyderabad Park 81 in Visakhapatnam.,CASE0147
EV04014,P01117,Incident,2025-03-20 11:10:15,Incident noted near Surat Park 62 in Bengaluru.,CASE0236
EV04015,P00094,Incident,2024-08-20 10:30:54,Incident noted near Indore Hub 2 in Lucknow.,CASE0126
EV04016,P00477,Observation,2025-10-02 04:46:52,Observation noted near Visakhapatnam Market 50 in Kochi.,CASE0045
EV04017,P00458,Observation,2024-12-09 13:29:09,Observation noted near Visakhapatnam Junction 34 in Ranchi.,CASE0026
EV04018,P00066,Incident,2024-02-18 08:15:27,Incident noted near Bhopal Plaza 160 in Patna.,CASE0159
EV04019,P00062,Meeting,2022-09-18 08:01:54,Meeting noted near Ranchi Park 95 in Lucknow.,CASE0091
EV04020,P01509,Incident,2025-12-03 06:45:37,Incident noted near Chennai Plaza 139 in Lucknow.,CASE0230
EV04021,P00164,Observation,2022-06-03 19:57:50,Observation noted near Surat Park 155 in Indore.,CASE0006
EV04022,P00327,Financial Activity,2025-01-16 05:56:14,Financial Activity noted near Guwahati Plaza 152 in Ranchi.,CASE0068
EV04023,P01658,Financial Activity,2025-01-09 03:08:09,Financial Activity noted near Chandigarh Hub 1 in Nagpur.,CASE0063
EV04024,P01150,Observation,2024-01-26 03:51:06,Observation noted near Nagpur Junction 51 in Guwahati.,CASE0187
EV04025,P00941,Observation,2022-03-20 15:01:26,Observation noted near Nagpur Hub 103 in Ahmedabad.,CASE0009
EV04026,P01355,Financial Activity,2022-04-10 15:39:50,Financial Activity noted near Kochi Park 117 in Visakhapatnam.,CASE0015
EV04027,P00690,Meeting,2023-01-19 19:59:09,Meeting noted near Delhi Hub 82 in Kolkata.,CASE0123
EV04028,P00776,Financial Activity,2025-11-24 06:18:15,Financial Activity noted near Chennai Park 96 in Delhi.,CASE0022
EV04029,P01509,Travel,2023-04-27 23:38:12,Travel noted near Lucknow Colony 73 in Lucknow.,CASE0137
EV04030,P01288,Observation,2022-07-03 05:34:31,Observation noted near Lucknow Colony 87 in Guwahati.,CASE0011
EV04031,P01386,Observation,2022-09-03 00:33:07,Observation noted near Visakhapatnam Tower 14 in Ahmedabad.,CASE0229
EV04032,P00408,Travel,2022-12-15 10:42:38,Travel noted near Visakhapatnam Hub 123 in Delhi.,CASE0007
EV04033,P01443,Financial Activity,2022-10-29 17:09:02,Financial Activity noted near Delhi Junction 8 in Delhi.,CASE0031
EV04034,P01233,Financial Activity,2025-07-25 09:41:22,Financial Activity noted near Delhi Hub 3 in Surat.,CASE0046
EV04035,P00089,Incident,2024-03-18 02:55:27,Incident noted near Kolkata Hub 143 in Guwahati.,CASE0145
EV04036,P01919,Financial Activity,2022-04-14 10:39:36,Financial Activity noted near Indore Market 23 in Ahmedabad.,CASE0035
EV04037,P00210,Incident,2022-01-16 13:57:13,Incident noted near Kolkata Tower 75 in Pune.,CASE0004
EV04038,P00143,Property Transfer,2024-01-14 04:24:13,Property Transfer noted near Patna Hub 91 in Mumbai.,CASE0129
EV04039,P01331,Incident,2022-09-17 16:57:41,Incident noted near Nagpur Junction 51 in Mumbai.,CASE0098
EV04040,P01207,Meeting,2022-04-12 18:33:55,Meeting noted near Surat Hub 20 in Kochi.,CASE0050
EV04041,P00865,Financial Activity,2024-06-10 02:29:42,Financial Activity noted near Bhopal Junction 58 in Bengaluru.,CASE0159
EV04042,P01331,Property Transfer,2023-02-21 03:02:10,Property Transfer noted near Visakhapatnam Plaza 120 in Mumbai.,CASE0009
EV04043,P00697,Incident,2025-09-11 23:32:33,Incident noted near Kolkata Tower 30 in Chennai.,CASE0077
EV04044,P01443,Incident,2024-10-01 23:35:56,Incident noted near Visakhapatnam Tower 42 in Delhi.,CASE0204
EV04045,P01443,Travel,2024-09-14 18:43:57,Travel noted near Patna Tower 13 in Delhi.,CASE0146
EV04046,P01237,Incident,2024-11-16 19:49:51,Incident noted near Ranchi Colony 111 in Ahmedabad.,CASE0132
EV04047,P00458,Observation,2022-05-20 18:22:30,Observation noted near Surat Park 62 in Ranchi.,CASE0190
EV04048,P00452,Observation,2024-05-09 19:28:29,Observation noted near Visakhapatnam Junction 110 in Chandigarh.,CASE0042
EV04049,P00759,Meeting,2022-03-05 02:10:37,Meeting noted near Visakhapatnam Junction 110 in Jaipur.,CASE0232
EV04050,P01781,Property Transfer,2023-04-19 12:41:09,Property Transfer noted near Hyderabad Park 81 in Kochi.,CASE0108
EV04051,P00162,Property Transfer,2024-07-15 15:08:12,Property Transfer noted near Lucknow Plaza 142 in Lucknow.,CASE0237
EV04052,P00570,Financial Activity,2022-02-11 19:30:37,Financial Activity noted near Ahmedabad Plaza 35 in Chennai.,CASE0006
EV04053,P01233,Meeting,2025-10-25 21:12:08,Meeting noted near Surat Plaza 156 in Surat.,CASE0101
EV04054,P00286,Incident,2025-10-06 07:26:01,Incident noted near Kochi Park 117 in Mumbai.,CASE0237
EV04055,P01781,Meeting,2025-05-04 09:58:48,Meeting noted near Bhopal Hub 113 in Kochi.,CASE0166
EV04056,P00452,Travel,2022-11-04 15:57:30,Travel noted near Delhi Junction 46 in Chandigarh.,CASE0186
EV04057,P01035,Meeting,2022-01-02 15:09:08,Meeting noted near Ahmedabad Tower 98 in Chennai.,CASE0029
EV04058,P00094,Observation,2025-04-29 09:36:35,Observation noted near Nagpur Hub 103 in Lucknow.,CASE0176
EV04059,P00570,Property Transfer,2022-01-20 18:19:56,Property Transfer noted near Hyderabad Plaza 22 in Chennai.,CASE0174
EV04060,P00164,Meeting,2025-11-21 01:27:06,Meeting noted near Kochi Colony 148 in Indore.,CASE0017
EV04061,P00143,Travel,2023-09-20 14:55:00,Travel noted near Chandigarh Market 54 in Mumbai.,CASE0178
EV04062,P01781,Observation,2024-04-25 16:04:03,Observation noted near Pune Tower 71 in Kochi.,CASE0240
EV04063,P00334,Travel,2023-09-21 06:18:46,Travel noted near Kolkata Hub 143 in Bhopal.,CASE0114
EV04064,P01651,Property Transfer,2023-06-23 02:59:51,Property Transfer noted near Indore Market 23 in Indore.,CASE0174
EV04065,P00190,Property Transfer,2025-02-07 05:44:42,Property Transfer noted near Patna Hub 91 in Pune.,CASE0153
EV04066,P01183,Meeting,2025-05-19 22:31:31,Meeting noted near Indore Tower 146 in Bhopal.,CASE0215
EV04067,P01150,Observation,2022-08-19 23:29:43,Observation noted near Nagpur Market 32 in Guwahati.,CASE0054
EV04068,P01814,Travel,2024-12-24 19:00:48,Travel noted near Pune Junction 125 in Bhopal.,CASE0068
EV04069,P00199,Incident,2022-12-19 23:56:34,Incident noted near Delhi Colony 133 in Ranchi.,CASE0137
EV04070,P00697,Meeting,2024-05-28 02:38:31,Meeting noted near Lucknow Park 94 in Chennai.,CASE0130
EV04071,P01919,Meeting,2023-12-21 09:26:57,Meeting noted near Nagpur Hub 118 in Ahmedabad.,CASE0226
EV04072,P00192,Incident,2022-04-05 22:03:22,Incident noted near Lucknow Colony 29 in Delhi.,CASE0229
EV04073,P01519,Travel,2024-12-18 13:03:11,Travel noted near Nagpur Hub 26 in Delhi.,CASE0232
EV04074,P00207,Meeting,2022-04-28 01:45:43,Meeting noted near Mumbai Hub 138 in Mumbai.,CASE0214
EV04075,P00089,Incident,2023-05-10 20:59:15,Incident noted near Bhopal Junction 58 in Guwahati.,CASE0201
EV04076,P01519,Meeting,2025-12-07 19:31:39,Meeting noted near Delhi Hub 3 in Delhi.,CASE0013
EV04077,P00286,Financial Activity,2025-06-19 17:09:16,Financial Activity noted near Nagpur Colony 80 in Mumbai.,CASE0169
EV04078,P00014,Property Transfer,2022-09-06 03:15:13,Property Transfer noted near Guwahati Plaza 152 in Hyderabad.,CASE0208
EV04079,P00736,Travel,2024-02-03 22:30:13,Travel noted near Chennai Plaza 139 in Ahmedabad.,CASE0238
EV04080,P01699,Financial Activity,2025-03-03 05:58:36,Financial Activity noted near Bengaluru Tower 105 in Surat.,CASE0235
EV04081,P01653,Meeting,2023-08-19 12:41:50,Meeting noted near Kochi Plaza 107 in Delhi.,CASE0130
EV04082,P00430,Financial Activity,2025-09-18 13:33:46,Financial Activity noted near Bengaluru Tower 66 in Chennai.,CASE0025
EV04083,P00779,Observation,2023-11-17 17:52:24,Observation noted near Visakhapatnam Tower 42 in Delhi.,CASE0020
EV04084,P01651,Meeting,2023-03-09 23:08:52,Meeting noted near Delhi Junction 147 in Indore.,CASE0004
EV04085,P00162,Property Transfer,2022-01-28 07:47:49,Property Transfer noted near Chandigarh Hub 74 in Lucknow.,CASE0156
EV04086,P01709,Meeting,2024-05-10 16:19:04,Meeting noted near Kolkata Colony 127 in Patna.,CASE0005
EV04087,P00256,Property Transfer,2025-06-28 07:52:18,Property Transfer noted near Nagpur Market 32 in Delhi.,CASE0169
EV04088,P01889,Incident,2022-06-30 12:58:54,Incident noted near Indore Market 135 in Patna.,CASE0111
EV04089,P01584,Financial Activity,2024-11-02 04:28:11,Financial Activity noted near Jaipur Colony 56 in Lucknow.,CASE0022
EV04090,P01035,Travel,2023-05-31 09:52:41,Travel noted near Patna Colony 77 in Chennai.,CASE0158
EV04091,P01517,Property Transfer,2024-05-18 11:51:15,Property Transfer noted near Delhi Junction 147 in Lucknow.,CASE0110
EV04092,P01775,Financial Activity,2024-02-09 02:49:40,Financial Activity noted near Indore Market 93 in Kolkata.,CASE0106
EV04093,P01386,Financial Activity,2024-07-15 20:45:39,Financial Activity noted near Bhopal Junction 58 in Ahmedabad.,CASE0200
EV04094,P00920,Incident,2023-01-09 06:01:59,Incident noted near Kolkata Plaza 119 in Nagpur.,CASE0151
EV04095,P01373,Financial Activity,2024-08-13 17:13:30,Financial Activity noted near Surat Market 150 in Jaipur.,CASE0234
EV04096,P01233,Financial Activity,2022-06-21 00:03:22,Financial Activity noted near Mumbai Hub 76 in Surat.,CASE0037
EV04097,P01709,Incident,2022-06-26 04:30:46,Incident noted near Visakhapatnam Hub 123 in Patna.,CASE0220
EV04098,P00408,Observation,2024-10-09 21:22:07,Observation noted near Kolkata Tower 30 in Delhi.,CASE0052
EV04099,P01437,Incident,2022-07-11 06:16:21,Incident noted near Kolkata Tower 75 in Kolkata.,CASE0137
EV04100,P00690,Observation,2022-05-09 22:13:34,Observation noted near Mumbai Park 41 in Kolkata.,CASE0180
EV04101,P01658,Financial Activity,2022-08-11 16:55:22,Financial Activity noted near Visakhapatnam Market 84 in Nagpur.,CASE0114
EV04102,P00866,Financial Activity,2023-05-19 08:12:44,Financial Activity noted near Kolkata Plaza 119 in Guwahati.,CASE0004
EV04103,P01386,Property Transfer,2025-01-06 02:23:54,Property Transfer noted near Surat Hub 20 in Ahmedabad.,CASE0063
EV04104,P00502,Property Transfer,2022-03-21 08:15:19,Property Transfer noted near Mumbai Park 41 in Patna.,CASE0091
EV04105,P00408,Observation,2023-05-09 18:15:10,Observation noted near Delhi Park 49 in Delhi.,CASE0031
EV04106,P01467,Property Transfer,2022-07-24 01:58:25,Property Transfer noted near Surat Plaza 156 in Chandigarh.,CASE0045
EV04107,P00430,Incident,2025-01-17 09:14:21,Incident noted near Kochi Colony 148 in Chennai.,CASE0120
EV04108,P00705,Meeting,2024-11-09 20:27:32,Meeting noted near Visakhapatnam Hub 123 in Visakhapatnam.,CASE0006
EV04109,P00467,Property Transfer,2023-09-08 00:38:01,Property Transfer noted near Indore Tower 39 in Chennai.,CASE0155
EV04110,P00865,Financial Activity,2022-01-18 23:44:35,Financial Activity noted near Kochi Tower 144 in Bengaluru.,CASE0104
EV04111,P01495,Financial Activity,2022-02-27 03:54:43,Financial Activity noted near Nagpur Tower 104 in Hyderabad.,CASE0240
EV04112,P00929,Financial Activity,2024-06-10 09:59:45,Financial Activity noted near Indore Tower 39 in Chandigarh.,CASE0066
EV04113,P01386,Financial Activity,2025-12-20 06:54:26,Financial Activity noted near Chennai Hub 5 in Ahmedabad.,CASE0061
EV04114,P01961,Travel,2022-03-16 12:06:53,Travel noted near Indore Market 23 in Guwahati.,CASE0226
EV04115,P00210,Meeting,2024-07-09 00:52:39,Meeting noted near Nagpur Junction 51 in Pune.,CASE0112
EV04116,P00865,Travel,2025-04-11 11:43:52,Travel noted near Jaipur Market 31 in Bengaluru.,CASE0104
EV04117,P00066,Travel,2024-09-17 18:54:35,Travel noted near Pune Junction 25 in Patna.,CASE0120
EV04118,P01035,Financial Activity,2022-06-21 07:39:05,Financial Activity noted near Hyderabad Colony 145 in Chennai.,CASE0168
EV04119,P01961,Incident,2022-07-16 13:57:37,Incident noted near Indore Market 83 in Guwahati.,CASE0239
EV04120,P01775,Incident,2024-11-05 09:09:02,Incident noted near Ahmedabad Plaza 35 in Kolkata.,CASE0038
EV04121,P00162,Observation,2022-05-31 14:06:26,Observation noted near Lucknow Plaza 142 in Lucknow.,CASE0116
EV04122,P01438,Property Transfer,2025-02-22 14:27:51,Property Transfer noted near Visakhapatnam Tower 42 in Delhi.,CASE0194
EV04123,P01781,Financial Activity,2023-11-06 12:56:34,Financial Activity noted near Lucknow Colony 29 in Kochi.,CASE0059
EV04124,P00394,Observation,2022-01-02 08:59:01,Observation noted near Jaipur Colony 56 in Guwahati.,CASE0182
EV04125,P01564,Travel,2022-12-13 19:01:05,Travel noted near Patna Hub 91 in Kolkata.,CASE0064
EV04126,P01658,Financial Activity,2025-07-20 23:13:34,Financial Activity noted near Bhopal Hub 64 in Nagpur.,CASE0173
EV04127,P01373,Meeting,2023-10-04 10:22:36,Meeting noted near Kochi Tower 126 in Jaipur.,CASE0205
EV04128,P00441,Incident,2024-03-16 21:24:42,Incident noted near Kochi Market 28 in Kolkata.,CASE0183
EV04129,P01828,Observation,2024-08-14 01:50:47,Observation noted near Pune Junction 125 in Chandigarh.,CASE0147
EV04130,P00776,Travel,2022-02-23 08:48:55,Travel noted near Chandigarh Hub 1 in Delhi.,CASE0158
EV04131,P00920,Meeting,2022-07-29 00:14:53,Meeting noted near Delhi Junction 147 in Nagpur.,CASE0197
EV04132,P00547,Travel,2023-08-07 10:08:25,Travel noted near Nagpur Hub 118 in Chandigarh.,CASE0189
EV04133,P01564,Property Transfer,2023-03-08 18:30:13,Property Transfer noted near Indore Market 136 in Kolkata.,CASE0181
EV04134,P01961,Financial Activity,2023-01-30 13:27:31,Financial Activity noted near Delhi Hub 82 in Guwahati.,CASE0078
EV04135,P01386,Property Transfer,2024-12-30 21:33:05,Property Transfer noted near Kochi Plaza 107 in Ahmedabad.,CASE0239
EV04136,P00334,Property Transfer,2024-04-05 15:13:55,Property Transfer noted near Lucknow Park 79 in Bhopal.,CASE0157
EV04137,P00089,Meeting,2024-09-29 15:24:31,Meeting noted near Mumbai Hub 55 in Guwahati.,CASE0220
EV04138,P00779,Observation,2025-03-09 05:31:46,Observation noted near Surat Plaza 122 in Delhi.,CASE0198
EV04139,P01584,Incident,2022-06-27 14:05:46,Incident noted near Mumbai Hub 138 in Lucknow.,CASE0167
EV04140,P00865,Property Transfer,2023-08-01 15:58:21,Property Transfer noted near Lucknow Park 53 in Bengaluru.,CASE0239
EV04141,P00779,Meeting,2023-11-09 16:59:41,Meeting noted near Hyderabad Junction 86 in Delhi.,CASE0002
EV04142,P00941,Observation,2024-01-24 06:47:28,Observation noted near Chennai Hub 5 in Ahmedabad.,CASE0238
EV04143,P00705,Financial Activity,2023-09-11 02:59:16,Financial Activity noted near Bengaluru Tower 105 in Visakhapatnam.,CASE0163
EV04144,P01519,Observation,2024-11-19 13:25:54,Observation noted near Delhi Park 47 in Delhi.,CASE0189
EV04145,P00741,Incident,2024-04-14 06:30:24,Incident noted near Mumbai Hub 76 in Ahmedabad.,CASE0167
EV04146,P00192,Observation,2022-03-11 19:13:53,Observation noted near Lucknow Colony 29 in Delhi.,CASE0149
EV04147,P01355,Observation,2022-10-08 19:23:41,Observation noted near Nagpur Junction 37 in Visakhapatnam.,CASE0088
EV04148,P01117,Incident,2023-05-26 13:01:54,Incident noted near Pune Colony 59 in Bengaluru.,CASE0076
EV04149,P01443,Financial Activity,2022-04-02 03:03:21,Financial Activity noted near Bhopal Junction 151 in Delhi.,CASE0016
EV04150,P01131,Incident,2023-08-07 17:40:43,Incident noted near Indore Market 136 in Kochi.,CASE0092
EV04151,P01517,Meeting,2025-10-15 12:01:50,Meeting noted near Lucknow Plaza 142 in Lucknow.,CASE0041
EV04152,P01658,Financial Activity,2025-05-15 23:10:04,Financial Activity noted near Ahmedabad Plaza 33 in Nagpur.,CASE0088
EV04153,P01519,Travel,2023-03-19 05:49:51,Travel noted near Kolkata Colony 127 in Delhi.,CASE0203
EV04154,P00779,Travel,2022-08-23 18:50:23,Travel noted near Kolkata Plaza 119 in Delhi.,CASE0140
EV04155,P01814,Travel,2025-04-01 18:17:20,Travel noted near Guwahati Plaza 152 in Bhopal.,CASE0058
EV04156,P00192,Property Transfer,2024-07-10 03:06:10,Property Transfer noted near Indore Junction 101 in Delhi.,CASE0031
EV04157,P00430,Travel,2022-12-26 00:20:11,Travel noted near Chennai Park 96 in Chennai.,CASE0227
EV04158,P00094,Financial Activity,2025-06-18 20:24:57,Financial Activity noted near Pune Market 17 in Lucknow.,CASE0160
EV04159,P01302,Observation,2023-08-14 19:00:08,Observation noted near Jaipur Colony 114 in Kolkata.,CASE0183
EV04160,P00564,Travel,2022-02-01 18:42:03,Travel noted near Chennai Tower 24 in Surat.,CASE0208
EV04161,P01919,Meeting,2023-04-11 05:57:18,Meeting noted near Mumbai Hub 55 in Ahmedabad.,CASE0127
EV04162,P00866,Financial Activity,2025-04-24 05:07:03,Financial Activity noted near Guwahati Plaza 152 in Guwahati.,CASE0079
EV04163,P01386,Meeting,2022-05-09 18:19:27,Meeting noted near Surat Hub 154 in Ahmedabad.,CASE0088
EV04164,P01752,Financial Activity,2022-09-29 17:49:05,Financial Activity noted near Kochi Colony 148 in Indore.,CASE0060
EV04165,P01828,Travel,2024-08-23 02:09:29,Travel noted near Bhopal Hub 64 in Chandigarh.,CASE0228
EV04166,P01828,Meeting,2023-02-22 04:27:57,Meeting noted near Lucknow Junction 137 in Chandigarh.,CASE0193
EV04167,P00601,Observation,2022-07-26 22:17:48,Observation noted near Indore Park 109 in Chennai.,CASE0210
EV04168,P01288,Financial Activity,2025-10-14 20:54:10,Financial Activity noted near Kochi Park 115 in Guwahati.,CASE0028
EV04169,P00690,Travel,2025-12-29 14:25:39,Travel noted near Kolkata Park 18 in Kolkata.,CASE0127
EV04170,P01775,Property Transfer,2025-08-16 17:38:46,Property Transfer noted near Patna Colony 77 in Kolkata.,CASE0185
EV04171,P00199,Financial Activity,2023-11-11 00:45:55,Financial Activity noted near Nagpur Junction 37 in Ranchi.,CASE0037
EV04172,P00547,Observation,2022-09-15 13:11:27,Observation noted near Surat Park 155 in Chandigarh.,CASE0029
EV04173,P00448,Financial Activity,2023-04-08 10:18:53,Financial Activity noted near Lucknow Junction 137 in Surat.,CASE0088
EV04174,P01765,Observation,2024-12-25 05:36:01,Observation noted near Pune Colony 59 in Delhi.,CASE0215
EV04175,P00593,Travel,2023-09-24 16:45:01,Travel noted near Kolkata Tower 75 in Hyderabad.,CASE0106
EV04176,P00162,Travel,2022-07-20 03:22:02,Travel noted near Visakhapatnam Colony 6 in Lucknow.,CASE0193
EV04177,P01889,Incident,2023-11-23 09:37:45,Incident noted near Visakhapatnam Junction 21 in Patna.,CASE0224
EV04178,P00094,Meeting,2024-02-21 04:57:27,Meeting noted near Visakhapatnam Market 50 in Lucknow.,CASE0011
EV04179,P01430,Travel,2024-08-26 09:22:02,Travel noted near Surat Tower 108 in Mumbai.,CASE0157
EV04180,P01183,Observation,2023-10-05 13:32:10,Observation noted near Visakhapatnam Market 84 in Bhopal.,CASE0085
EV04181,P00705,Travel,2024-04-17 04:54:28,Travel noted near Guwahati Colony 11 in Visakhapatnam.,CASE0064
EV04182,P01775,Meeting,2023-11-17 15:17:25,Meeting noted near Mumbai Hub 138 in Kolkata.,CASE0091
EV04183,P00229,Financial Activity,2023-05-19 05:33:10,Financial Activity noted near Indore Park 109 in Visakhapatnam.,CASE0021
EV04184,P01781,Incident,2022-08-06 09:53:12,Incident noted near Delhi Colony 133 in Kochi.,CASE0109
EV04185,P01437,Property Transfer,2023-12-01 13:00:07,Property Transfer noted near Visakhapatnam Tower 124 in Kolkata.,CASE0155
EV04186,P00190,Property Transfer,2022-11-08 23:23:23,Property Transfer noted near Surat Park 155 in Pune.,CASE0192
EV04187,P01035,Meeting,2022-04-24 09:59:35,Meeting noted near Guwahati Park 61 in Chennai.,CASE0114
EV04188,P01495,Property Transfer,2023-01-02 11:15:36,Property Transfer noted near Visakhapatnam Junction 34 in Hyderabad.,CASE0023
EV04189,P01237,Travel,2024-05-13 03:47:41,Travel noted near Visakhapatnam Market 84 in Ahmedabad.,CASE0179
EV04190,P01430,Observation,2025-01-11 04:24:00,Observation noted near Patna Hub 52 in Mumbai.,CASE0216
EV04191,P01653,Financial Activity,2025-11-19 01:45:51,Financial Activity noted near Pune Colony 59 in Delhi.,CASE0140
EV04192,P00286,Incident,2024-05-06 13:12:09,Incident noted near Chennai Tower 134 in Mumbai.,CASE0169
EV04193,P01653,Property Transfer,2023-03-23 08:08:44,Property Transfer noted near Indore Market 93 in Delhi.,CASE0103
EV04194,P00748,Incident,2023-05-14 19:20:56,Incident noted near Mumbai Hub 138 in Bhopal.,CASE0077
EV04195,P01233,Incident,2025-10-22 23:26:49,Incident noted near Guwahati Junction 159 in Surat.,CASE0207
EV04196,P01331,Travel,2022-01-06 15:23:46,Travel noted near Jaipur Plaza 78 in Mumbai.,CASE0140
EV04197,P00736,Meeting,2025-02-20 16:15:34,Meeting noted near Visakhapatnam Hub 112 in Ahmedabad.,CASE0071
EV04198,P01775,Property Transfer,2022-07-20 10:15:22,Property Transfer noted near Hyderabad Park 7 in Kolkata.,CASE0068
EV04199,P01210,Observation,2023-05-16 03:34:38,Observation noted near Lucknow Colony 149 in Patna.,CASE0047
EV04200,P00705,Meeting,2023-11-22 21:30:21,Meeting noted near Nagpur Hub 26 in Visakhapatnam.,CASE0220
EV04201,P00759,Travel,2022-05-15 14:34:19,Travel noted near Indore Park 109 in Jaipur.,CASE0170
EV04202,P00327,Observation,2024-08-10 14:41:44,Observation noted near Pune Junction 125 in Ranchi.,CASE0073
EV04203,P00728,Property Transfer,2022-05-04 20:00:37,Property Transfer noted near Delhi Market 141 in Patna.,CASE0166
EV04204,P01736,Meeting,2024-03-26 01:49:18,Meeting noted near Kolkata Hub 143 in Lucknow.,CASE0209
EV04205,P00564,Property Transfer,2024-09-05 07:34:32,Property Transfer noted near Bhopal Plaza 160 in Surat.,CASE0013
EV04206,P00728,Incident,2025-07-21 13:26:41,Incident noted near Chandigarh Hub 74 in Patna.,CASE0156
EV04207,P00860,Property Transfer,2023-03-25 23:11:43,Property Transfer noted near Guwahati Colony 11 in Kochi.,CASE0101
EV04208,P01355,Property Transfer,2025-05-22 11:05:34,Property Transfer noted near Ranchi Colony 90 in Visakhapatnam.,CASE0185
EV04209,P01355,Financial Activity,2023-08-28 06:53:06,Financial Activity noted near Visakhapatnam Junction 34 in Visakhapatnam.,CASE0205
EV04210,P00467,Financial Activity,2022-10-23 14:53:32,Financial Activity noted near Indore Market 135 in Chennai.,CASE0011
EV04211,P01736,Property Transfer,2024-03-31 14:23:04,Property Transfer noted near Indore Park 109 in Lucknow.,CASE0199
EV04212,P00192,Meeting,2024-08-11 07:35:50,Meeting noted near Ranchi Park 95 in Delhi.,CASE0038
EV04213,P00190,Travel,2023-09-23 07:44:10,Travel noted near Hyderabad Plaza 102 in Pune.,CASE0053
EV04214,P00866,Financial Activity,2024-08-15 14:26:05,Financial Activity noted near Delhi Junction 46 in Guwahati.,CASE0169
EV04215,P01993,Property Transfer,2025-12-01 03:32:22,Property Transfer noted near Hyderabad Tower 85 in Kochi.,CASE0006
EV04216,P00601,Financial Activity,2023-09-03 16:42:41,Financial Activity noted near Indore Junction 101 in Chennai.,CASE0206
EV04217,P01430,Property Transfer,2023-12-23 20:33:23,Property Transfer noted near Jaipur Colony 56 in Mumbai.,CASE0138
EV04218,P01658,Travel,2025-01-16 12:12:02,Travel noted near Patna Hub 91 in Nagpur.,CASE0221
EV04219,P00094,Incident,2022-09-17 06:54:24,Incident noted near Guwahati Junction 159 in Lucknow.,CASE0197
EV04220,P00207,Property Transfer,2025-01-17 04:46:54,Property Transfer noted near Ahmedabad Tower 98 in Mumbai.,CASE0234
EV04221,P01765,Financial Activity,2022-10-05 15:59:20,Financial Activity noted near Nagpur Junction 51 in Delhi.,CASE0228
EV04222,P01752,Meeting,2024-12-31 10:32:35,Meeting noted near Bhopal Junction 151 in Indore.,CASE0120
EV04223,P01993,Financial Activity,2025-05-14 01:43:44,Financial Activity noted near Nagpur Junction 51 in Kochi.,CASE0125
EV04224,P00564,Meeting,2023-07-17 22:37:33,Meeting noted near Surat Plaza 122 in Surat.,CASE0222
EV04225,P01150,Travel,2022-10-15 19:04:04,Travel noted near Chandigarh Tower 157 in Guwahati.,CASE0196
EV04226,P00256,Travel,2023-06-17 23:44:57,Travel noted near Patna Market 4 in Delhi.,CASE0007
EV04227,P00055,Meeting,2024-06-30 01:23:29,Meeting noted near Surat Plaza 40 in Nagpur.,CASE0055
EV04228,P01207,Travel,2022-08-13 18:12:09,Travel noted near Surat Park 62 in Kochi.,CASE0038
EV04229,P00452,Meeting,2025-06-02 01:38:51,Meeting noted near Visakhapatnam Junction 21 in Chandigarh.,CASE0015
EV04230,P01993,Meeting,2024-05-18 00:44:38,Meeting noted near Indore Market 136 in Kochi.,CASE0001
EV04231,P00477,Travel,2024-02-05 04:43:48,Travel noted near Hyderabad Colony 145 in Kochi.,CASE0136
EV04232,P00441,Incident,2023-09-20 13:31:08,Incident noted near Hyderabad Hub 16 in Kolkata.,CASE0223
EV04233,P00179,Property Transfer,2025-09-10 03:33:41,Property Transfer noted near Bengaluru Tower 66 in Bengaluru.,CASE0020
EV04234,P01509,Meeting,2022-04-08 02:05:19,Meeting noted near Mumbai Hub 76 in Lucknow.,CASE0144
EV04235,P01961,Incident,2023-10-16 19:13:17,Incident noted near Surat Park 62 in Guwahati.,CASE0074
EV04236,P00052,Incident,2023-02-11 15:56:01,Incident noted near Kolkata Park 15 in Bengaluru.,CASE0043
EV04237,P01584,Meeting,2025-09-16 23:19:53,Meeting noted near Hyderabad Colony 145 in Lucknow.,CASE0045
EV04238,P00728,Financial Activity,2025-04-26 04:03:36,Financial Activity noted near Nagpur Hub 118 in Patna.,CASE0176
EV04239,P01331,Financial Activity,2025-06-02 01:46:13,Financial Activity noted near Delhi Junction 46 in Mumbai.,CASE0037
EV04240,P01117,Observation,2023-11-09 18:31:22,Observation noted near Surat Plaza 122 in Bengaluru.,CASE0142
EV04241,P00860,Incident,2023-09-22 20:56:44,Incident noted near Nagpur Plaza 106 in Kochi.,CASE0082
EV04242,P01302,Property Transfer,2023-09-30 11:40:23,Property Transfer noted near Ranchi Park 95 in Kolkata.,CASE0148
EV04243,P01814,Meeting,2023-04-12 09:19:12,Meeting noted near Surat Park 62 in Bhopal.,CASE0025
EV04244,P00192,Meeting,2023-02-22 10:01:06,Meeting noted near Kolkata Junction 45 in Delhi.,CASE0041
EV04245,P00162,Meeting,2022-12-20 03:03:40,Meeting noted near Lucknow Colony 29 in Lucknow.,CASE0198
EV04246,P00066,Travel,2022-09-15 15:33:58,Travel noted near Patna Colony 77 in Patna.,CASE0125
EV04247,P00860,Travel,2025-09-25 05:15:11,Travel noted near Mumbai Hub 138 in Kochi.,CASE0206
EV04248,P00143,Financial Activity,2023-10-22 22:53:54,Financial Activity noted near Indore Tower 146 in Mumbai.,CASE0138
EV04249,P01310,Travel,2023-01-30 04:41:57,Travel noted near Lucknow Park 94 in Ranchi.,CASE0085
EV04250,P01699,Incident,2025-11-03 01:21:11,Incident noted near Ranchi Junction 140 in Surat.,CASE0222
EV04251,P00601,Observation,2022-12-23 02:54:37,Observation noted near Nagpur Junction 116 in Chennai.,CASE0041
EV04252,P00697,Property Transfer,2025-10-04 03:04:58,Property Transfer noted near Nagpur Hub 118 in Chennai.,CASE0129
EV04253,P01331,Travel,2022-08-29 16:50:22,Travel noted near Delhi Hub 3 in Mumbai.,CASE0188
EV04254,P00052,Meeting,2025-10-06 16:22:32,Meeting noted near Nagpur Hub 103 in Bengaluru.,CASE0238
EV04255,P01331,Travel,2025-09-16 18:44:44,Travel noted near Bengaluru Tower 66 in Mumbai.,CASE0221
EV04256,P00452,Travel,2022-03-29 04:38:23,Travel noted near Nagpur Hub 118 in Chandigarh.,CASE0056
EV04257,P01150,Observation,2022-03-10 07:35:32,Observation noted near Chandigarh Tower 157 in Guwahati.,CASE0090
EV04258,P01210,Travel,2022-12-21 10:11:47,Travel noted near Indore Hub 63 in Patna.,CASE0152
EV04259,P00941,Meeting,2022-07-16 04:34:13,Meeting noted near Hyderabad Plaza 22 in Ahmedabad.,CASE0080
EV04260,P01828,Incident,2023-05-05 08:27:05,Incident noted near Hyderabad Plaza 22 in Chandigarh.,CASE0138
EV04261,P00162,Financial Activity,2025-06-23 13:19:33,Financial Activity noted near Kolkata Tower 75 in Lucknow.,CASE0229
EV04262,P01653,Property Transfer,2024-07-27 18:59:04,Property Transfer noted near Lucknow Colony 73 in Delhi.,CASE0046
EV04263,P01183,Incident,2024-09-09 13:10:12,Incident noted near Chennai Colony 153 in Bhopal.,CASE0194
EV04264,P01564,Financial Activity,2024-03-30 03:41:19,Financial Activity noted near Chennai Plaza 139 in Kolkata.,CASE0097
EV04265,P01509,Financial Activity,2024-08-08 15:39:22,Financial Activity noted near Ranchi Colony 111 in Lucknow.,CASE0232
EV04266,P00066,Observation,2025-06-20 14:13:49,Observation noted near Lucknow Park 53 in Patna.,CASE0059
EV04267,P01709,Travel,2025-11-28 05:26:27,Travel noted near Indore Junction 101 in Patna.,CASE0203
EV04268,P00162,Property Transfer,2022-09-12 03:59:45,Property Transfer noted near Chandigarh Hub 1 in Lucknow.,CASE0122
EV04269,P01267,Property Transfer,2022-12-31 08:11:29,Property Transfer noted near Chennai Colony 48 in Chennai.,CASE0225
EV04270,P01331,Financial Activity,2022-04-15 07:56:14,Financial Activity noted near Guwahati Colony 11 in Mumbai.,CASE0023
EV04271,P00052,Travel,2022-08-22 14:08:51,Travel noted near Kolkata Colony 127 in Bengaluru.,CASE0096
EV04272,P01288,Property Transfer,2025-06-01 13:56:38,Property Transfer noted near Guwahati Plaza 57 in Guwahati.,CASE0072
EV04273,P00547,Observation,2025-03-11 20:05:25,Observation noted near Delhi Market 141 in Chandigarh.,CASE0176
EV04274,P01288,Meeting,2024-07-06 17:33:02,Meeting noted near Pune Junction 125 in Guwahati.,CASE0161
EV04275,P00210,Meeting,2023-03-06 09:17:20,Meeting noted near Hyderabad Market 131 in Pune.,CASE0146
EV04276,P00256,Incident,2025-10-12 10:51:32,Incident noted near Bhopal Hub 113 in Delhi.,CASE0225
EV04277,P00014,Financial Activity,2023-12-21 08:15:56,Financial Activity noted near Hyderabad Plaza 102 in Hyderabad.,CASE0231
EV04278,P00207,Financial Activity,2023-01-29 22:31:22,Financial Activity noted near Lucknow Park 19 in Mumbai.,CASE0071
EV04279,P00394,Property Transfer,2024-06-08 02:27:00,Property Transfer noted near Mumbai Junction 88 in Guwahati.,CASE0042
EV04280,P00089,Meeting,2022-09-12 12:17:14,Meeting noted near Lucknow Junction 137 in Guwahati.,CASE0040
EV04281,P01310,Observation,2025-03-07 16:32:08,Observation noted near Jaipur Market 31 in Ranchi.,CASE0123
EV04282,P00394,Travel,2025-12-20 19:52:03,Travel noted near Visakhapatnam Hub 123 in Guwahati.,CASE0118
EV04283,P00705,Property Transfer,2023-02-11 10:07:06,Property Transfer noted near Visakhapatnam Market 50 in Visakhapatnam.,CASE0054
EV04284,P00430,Financial Activity,2024-02-19 18:01:02,Financial Activity noted near Pune Market 65 in Chennai.,CASE0203
EV04285,P00458,Meeting,2023-12-29 23:28:39,Meeting noted near Lucknow Colony 73 in Ranchi.,CASE0124
EV04286,P00690,Observation,2024-11-18 22:02:40,Observation noted near Delhi Colony 133 in Kolkata.,CASE0104
EV04287,P00199,Observation,2022-03-20 11:38:08,Observation noted near Ahmedabad Plaza 35 in Ranchi.,CASE0012
EV04288,P01781,Property Transfer,2023-09-16 12:10:36,Property Transfer noted near Patna Tower 13 in Kochi.,CASE0148
EV04289,P00779,Meeting,2023-01-30 13:14:20,Meeting noted near Kochi Park 121 in Delhi.,CASE0048
EV04290,P00062,Property Transfer,2023-10-13 10:58:13,Property Transfer noted near Visakhapatnam Junction 110 in Lucknow.,CASE0157
EV04291,P00570,Property Transfer,2023-12-13 06:36:30,Property Transfer noted near Guwahati Junction 159 in Chennai.,CASE0088
EV04292,P01035,Travel,2022-09-17 00:42:26,Travel noted near Kochi Plaza 107 in Chennai.,CASE0138
EV04293,P00502,Financial Activity,2024-01-31 00:20:33,Financial Activity noted near Guwahati Plaza 57 in Patna.,CASE0232
EV04294,P01889,Travel,2023-03-01 05:56:18,Travel noted near Guwahati Colony 11 in Patna.,CASE0065
EV04295,P00736,Property Transfer,2022-01-20 05:52:50,Property Transfer noted near Bhopal Hub 113 in Ahmedabad.,CASE0225
EV04296,P01210,Observation,2022-03-10 21:45:16,Observation noted near Nagpur Hub 103 in Patna.,CASE0138
EV04297,P00941,Financial Activity,2023-10-06 03:38:15,Financial Activity noted near Bhopal Plaza 160 in Ahmedabad.,CASE0026
EV04298,P00319,Travel,2022-01-04 20:20:02,Travel noted near Mumbai Hub 76 in Bengaluru.,CASE0125
EV04299,P00430,Financial Activity,2024-04-21 05:28:22,Financial Activity noted near Guwahati Park 158 in Chennai.,CASE0014
EV04300,P01267,Financial Activity,2024-04-30 08:51:19,Financial Activity noted near Bhopal Plaza 160 in Chennai.,CASE0108
EV04301,P01331,Meeting,2025-07-12 11:26:39,Meeting noted near Chennai Colony 153 in Mumbai.,CASE0015
EV04302,P01099,Observation,2023-02-09 16:33:50,Observation noted near Jaipur Colony 114 in Hyderabad.,CASE0134
EV04303,P00564,Observation,2022-05-08 17:30:00,Observation noted near Ranchi Junction 140 in Surat.,CASE0182
EV04304,P00199,Travel,2024-01-19 05:56:06,Travel noted near Kochi Colony 148 in Ranchi.,CASE0121
EV04305,P01310,Meeting,2023-03-02 00:03:34,Meeting noted near Jaipur Plaza 78 in Ranchi.,CASE0216
EV04306,P01961,Travel,2024-01-02 11:12:04,Travel noted near Kolkata Colony 127 in Guwahati.,CASE0052
EV04307,P01919,Financial Activity,2023-07-28 23:17:13,Financial Activity noted near Surat Park 62 in Ahmedabad.,CASE0047
EV04308,P01736,Incident,2023-04-07 09:38:20,Incident noted near Bhopal Hub 113 in Lucknow.,CASE0224
EV04309,P00458,Travel,2024-10-13 15:29:20,Travel noted near Chennai Tower 134 in Ranchi.,CASE0145
EV04310,P01267,Travel,2023-01-24 17:41:44,Travel noted near Kochi Park 115 in Chennai.,CASE0154
EV04311,P00286,Observation,2025-01-01 03:02:50,Observation noted near Hyderabad Tower 85 in Mumbai.,CASE0090
EV04312,P01331,Incident,2023-01-25 07:17:35,Incident noted near Delhi Junction 46 in Mumbai.,CASE0128
EV04313,P01736,Observation,2023-09-29 17:20:49,Observation noted near Guwahati Colony 11 in Lucknow.,CASE0138
EV04314,P01288,Travel,2025-06-25 17:22:29,Travel noted near Lucknow Colony 29 in Guwahati.,CASE0023
EV04315,P00741,Observation,2022-03-10 03:14:15,Observation noted near Kolkata Plaza 119 in Ahmedabad.,CASE0033
EV04316,P00162,Incident,2024-04-24 00:00:33,Incident noted near Guwahati Hub 60 in Lucknow.,CASE0143
EV04317,P00408,Incident,2024-05-17 20:52:05,Incident noted near Chennai Plaza 139 in Delhi.,CASE0089
EV04318,P00319,Meeting,2023-09-20 23:44:09,Meeting noted near Delhi Hub 82 in Bengaluru.,CASE0228
EV04319,P01736,Property Transfer,2023-10-20 04:24:28,Property Transfer noted near Indore Market 136 in Lucknow.,CASE0212
EV04320,P01919,Property Transfer,2024-09-20 19:18:44,Property Transfer noted near Surat Park 62 in Ahmedabad.,CASE0167
EV04321,P01310,Financial Activity,2023-10-21 06:57:53,Financial Activity noted near Chennai Colony 69 in Ranchi.,CASE0044
EV04322,P00860,Meeting,2022-12-25 07:37:16,Meeting noted near Hyderabad Junction 86 in Kochi.,CASE0005
EV04323,P00690,Observation,2022-12-30 11:52:01,Observation noted near Patna Market 70 in Kolkata.,CASE0161
EV04324,P01889,Financial Activity,2022-07-09 06:43:00,Financial Activity noted near Patna Market 70 in Patna.,CASE0169
EV04325,P01752,Property Transfer,2023-07-11 11:55:27,Property Transfer noted near Ranchi Plaza 100 in Indore.,CASE0073
EV04326,P01443,Property Transfer,2024-08-13 16:31:59,Property Transfer noted near Delhi Market 141 in Delhi.,CASE0159
EV04327,P00728,Financial Activity,2023-09-16 23:48:23,Financial Activity noted near Mumbai Junction 88 in Patna.,CASE0155
EV04328,P00199,Incident,2023-10-26 23:31:19,Incident noted near Hyderabad Colony 145 in Ranchi.,CASE0206
EV04329,P01519,Property Transfer,2024-12-07 06:21:06,Property Transfer noted near Hyderabad Tower 10 in Delhi.,CASE0101
EV04330,P00229,Travel,2023-07-21 17:19:55,Travel noted near Hyderabad Park 7 in Visakhapatnam.,CASE0201
EV04331,P00866,Incident,2024-11-25 20:05:20,Incident noted near Lucknow Park 79 in Guwahati.,CASE0178
EV04332,P01355,Meeting,2023-01-26 10:14:14,Meeting noted near Guwahati Hub 129 in Visakhapatnam.,CASE0103
EV04333,P01699,Travel,2025-10-07 03:57:03,Travel noted near Patna Colony 77 in Surat.,CASE0022
EV04334,P01509,Financial Activity,2022-08-19 11:37:23,Financial Activity noted near Kochi Plaza 107 in Lucknow.,CASE0016
EV04335,P01210,Incident,2023-05-22 15:15:50,Incident noted near Hyderabad Park 7 in Patna.,CASE0084
EV04336,P00162,Meeting,2025-01-21 02:30:39,Meeting noted near Pune Junction 25 in Lucknow.,CASE0201
EV04337,P01237,Incident,2025-07-08 16:47:08,Incident noted near Chennai Hub 5 in Ahmedabad.,CASE0043
EV04338,P01035,Property Transfer,2023-01-12 18:29:00,Property Transfer noted near Chennai Tower 134 in Chennai.,CASE0069
EV04339,P01889,Meeting,2024-10-17 07:53:20,Meeting noted near Visakhapatnam Hub 123 in Patna.,CASE0053
EV04340,P00210,Observation,2022-08-13 21:40:36,Observation noted near Ranchi Park 95 in Pune.,CASE0231
EV04341,P00467,Meeting,2024-04-13 01:49:25,Meeting noted near Lucknow Junction 137 in Chennai.,CASE0108
EV04342,P00052,Incident,2024-06-18 19:21:16,Incident noted near Visakhapatnam Hub 38 in Bengaluru.,CASE0212
EV04343,P01658,Meeting,2024-02-14 02:53:16,Meeting noted near Bhopal Junction 58 in Nagpur.,CASE0021
EV04344,P01709,Travel,2022-02-21 00:29:17,Travel noted near Kolkata Colony 127 in Patna.,CASE0059
EV04345,P00055,Meeting,2023-12-19 14:27:50,Meeting noted near Visakhapatnam Junction 34 in Nagpur.,CASE0027
EV04346,P00542,Financial Activity,2023-10-14 22:46:28,Financial Activity noted near Nagpur Junction 116 in Nagpur.,CASE0153
EV04347,P00327,Meeting,2025-06-24 21:58:28,Meeting noted near Nagpur Market 32 in Ranchi.,CASE0207
EV04348,P01752,Property Transfer,2022-05-01 07:50:01,Property Transfer noted near Nagpur Tower 130 in Indore.,CASE0061
EV04349,P00776,Property Transfer,2025-08-06 17:51:04,Property Transfer noted near Kochi Plaza 107 in Delhi.,CASE0044
EV04350,P00542,Travel,2022-05-19 17:17:19,Travel noted near Hyderabad Park 81 in Nagpur.,CASE0119
EV04351,P01765,Travel,2025-12-19 04:31:11,Travel noted near Kochi Park 121 in Delhi.,CASE0158
EV04352,P00327,Financial Activity,2022-02-18 14:06:34,Financial Activity noted near Chandigarh Hub 74 in Ranchi.,CASE0204
EV04353,P00601,Meeting,2023-06-06 04:27:33,Meeting noted near Guwahati Plaza 57 in Chennai.,CASE0147
EV04354,P00143,Observation,2025-11-28 16:41:04,Observation noted near Lucknow Junction 137 in Mumbai.,CASE0072
EV04355,P00929,Property Transfer,2023-12-26 06:20:02,Property Transfer noted near Bhopal Plaza 160 in Chandigarh.,CASE0131
EV04356,P00779,Travel,2024-11-02 03:08:19,Travel noted near Chennai Plaza 139 in Delhi.,CASE0024
EV04357,P01117,Travel,2023-11-09 00:16:14,Travel noted near Patna Hub 91 in Bengaluru.,CASE0120
EV04358,P00452,Financial Activity,2022-11-14 16:03:05,Financial Activity noted near Patna Tower 13 in Chandigarh.,CASE0023
EV04359,P01517,Financial Activity,2022-10-10 08:09:41,Financial Activity noted near Surat Hub 9 in Lucknow.,CASE0033
EV04360,P01699,Meeting,2022-12-09 11:11:02,Meeting noted near Chennai Colony 153 in Surat.,CASE0074
EV04361,P01517,Incident,2023-05-24 00:00:01,Incident noted near Ranchi Colony 111 in Lucknow.,CASE0209
EV04362,P01443,Observation,2024-01-25 12:23:54,Observation noted near Ranchi Colony 111 in Delhi.,CASE0202
EV04363,P00759,Meeting,2022-11-04 09:14:16,Meeting noted near Kolkata Tower 30 in Jaipur.,CASE0028
EV04364,P01709,Observation,2025-06-06 08:18:43,Observation noted near Kolkata Plaza 119 in Patna.,CASE0008
EV04365,P01386,Travel,2025-04-27 16:16:10,Travel noted near Hyderabad Park 81 in Ahmedabad.,CASE0005
EV04366,P01437,Travel,2023-11-10 23:57:44,Travel noted near Delhi Hub 3 in Kolkata.,CASE0017
EV04367,P00601,Meeting,2023-08-19 18:59:29,Meeting noted near Chennai Plaza 139 in Chennai.,CASE0113
EV04368,P00728,Meeting,2022-09-10 09:23:09,Meeting noted near Pune Junction 125 in Patna.,CASE0186
EV04369,P00408,Travel,2023-06-18 10:05:18,Travel noted near Chandigarh Tower 157 in Delhi.,CASE0224
EV04370,P00394,Property Transfer,2025-11-11 16:48:40,Property Transfer noted near Guwahati Plaza 92 in Guwahati.,CASE0044
EV04371,P00776,Financial Activity,2024-06-14 04:44:28,Financial Activity noted near Delhi Market 141 in Delhi.,CASE0118
EV04372,P01117,Incident,2022-12-18 09:25:28,Incident noted near Kolkata Junction 45 in Bengaluru.,CASE0018
EV04373,P00192,Financial Activity,2023-11-22 08:31:39,Financial Activity noted near Indore Tower 39 in Delhi.,CASE0125
EV04374,P01814,Incident,2023-03-01 01:21:43,Incident noted near Kolkata Hub 143 in Bhopal.,CASE0089
EV04375,P00776,Property Transfer,2023-10-18 07:10:06,Property Transfer noted near Indore Junction 101 in Delhi.,CASE0005
EV04376,P01961,Observation,2024-11-26 16:39:34,Observation noted near Visakhapatnam Junction 110 in Guwahati.,CASE0057
EV04377,P00741,Meeting,2024-10-07 15:01:14,Meeting noted near Delhi Junction 46 in Ahmedabad.,CASE0055
EV04378,P01131,Travel,2023-01-07 12:36:38,Travel noted near Mumbai Hub 55 in Kochi.,CASE0093
EV04379,P00190,Meeting,2022-09-15 17:42:06,Meeting noted near Patna Market 70 in Pune.,CASE0136
EV04380,P00728,Observation,2023-06-19 20:02:09,Observation noted near Guwahati Hub 60 in Patna.,CASE0080
EV04381,P00865,Observation,2024-07-11 14:16:01,Observation noted near Delhi Colony 133 in Bengaluru.,CASE0132
EV04382,P00697,Financial Activity,2025-11-05 13:56:02,Financial Activity noted near Visakhapatnam Colony 6 in Chennai.,CASE0027
EV04383,P00210,Financial Activity,2023-05-31 04:30:22,Financial Activity noted near Chennai Colony 48 in Pune.,CASE0148
EV04384,P00089,Property Transfer,2022-11-01 06:28:47,Property Transfer noted near Pune Junction 25 in Guwahati.,CASE0150
EV04385,P01373,Incident,2022-06-20 02:30:44,Incident noted near Ranchi Colony 90 in Jaipur.,CASE0025
EV04386,P01828,Travel,2023-01-10 13:45:53,Travel noted near Hyderabad Market 131 in Chandigarh.,CASE0101
EV04387,P00319,Observation,2025-05-10 00:05:44,Observation noted near Ranchi Junction 140 in Bengaluru.,CASE0141
EV04388,P01781,Travel,2024-10-03 02:46:25,Travel noted near Visakhapatnam Colony 72 in Kochi.,CASE0129
EV04389,P00759,Incident,2022-10-30 18:17:15,Incident noted near Kolkata Colony 127 in Jaipur.,CASE0146
EV04390,P01658,Incident,2024-07-28 02:24:59,Incident noted near Bhopal Junction 151 in Nagpur.,CASE0085
EV04391,P01210,Travel,2025-11-26 12:10:09,Travel noted near Visakhapatnam Tower 124 in Patna.,CASE0176
EV04392,P00448,Financial Activity,2023-12-23 13:51:48,Financial Activity noted near Lucknow Colony 73 in Surat.,CASE0182
EV04393,P01584,Incident,2022-03-16 06:31:08,Incident noted near Surat Plaza 122 in Lucknow.,CASE0225
EV04394,P01430,Property Transfer,2023-12-02 13:05:18,Property Transfer noted near Hyderabad Park 81 in Mumbai.,CASE0179
EV04395,P00055,Property Transfer,2024-11-13 06:08:47,Property Transfer noted near Nagpur Junction 116 in Nagpur.,CASE0233
EV04396,P01438,Incident,2023-08-07 20:01:19,Incident noted near Guwahati Junction 159 in Delhi.,CASE0021
EV04397,P01267,Financial Activity,2023-04-25 07:03:33,Financial Activity noted near Guwahati Hub 129 in Chennai.,CASE0116
EV04398,P00199,Meeting,2023-04-15 15:00:02,Meeting noted near Lucknow Park 94 in Ranchi.,CASE0076
EV04399,P00759,Meeting,2022-03-27 18:57:42,Meeting noted near Lucknow Colony 149 in Jaipur.,CASE0023
EV04400,P01443,Travel,2024-01-17 06:33:24,Travel noted near Chandigarh Hub 1 in Delhi.,CASE0124
EV04401,P01699,Financial Activity,2024-08-01 16:19:57,Financial Activity noted near Pune Junction 125 in Surat.,CASE0220
EV04402,P00452,Travel,2023-11-21 05:08:42,Travel noted near Mumbai Park 41 in Chandigarh.,CASE0073
EV04403,P00697,Meeting,2022-11-01 07:22:18,Meeting noted near Visakhapatnam Hub 123 in Chennai.,CASE0233
EV04404,P01210,Financial Activity,2023-03-02 10:34:12,Financial Activity noted near Bengaluru Market 43 in Patna.,CASE0098
EV04405,P00089,Travel,2024-08-20 13:12:44,Travel noted near Chandigarh Market 54 in Guwahati.,CASE0154
EV04406,P01210,Incident,2025-08-18 12:46:02,Incident noted near Chandigarh Tower 157 in Patna.,CASE0187
EV04407,P00319,Meeting,2025-10-15 11:10:14,Meeting noted near Patna Hub 52 in Bengaluru.,CASE0202
EV04408,P01210,Travel,2025-06-09 02:56:41,Travel noted near Nagpur Tower 130 in Patna.,CASE0147
EV04409,P00929,Observation,2025-11-05 11:14:52,Observation noted near Visakhapatnam Tower 14 in Chandigarh.,CASE0126
EV04410,P00143,Observation,2024-02-25 12:09:35,Observation noted near Patna Market 67 in Mumbai.,CASE0127
EV04411,P01373,Travel,2022-12-12 20:15:12,Travel noted near Surat Market 150 in Jaipur.,CASE0198
EV04412,P00736,Property Transfer,2025-06-10 08:03:08,Property Transfer noted near Chandigarh Hub 1 in Ahmedabad.,CASE0115
EV04413,P00502,Incident,2022-01-12 07:29:51,Incident noted near Surat Market 150 in Patna.,CASE0054
EV04414,P00210,Property Transfer,2025-08-30 15:20:41,Property Transfer noted near Nagpur Junction 51 in Pune.,CASE0184
EV04415,P01699,Incident,2025-06-19 01:16:34,Incident noted near Nagpur Junction 51 in Surat.,CASE0214
EV04416,P00062,Financial Activity,2024-11-19 12:20:55,Financial Activity noted near Hyderabad Tower 10 in Lucknow.,CASE0094
EV04417,P01509,Observation,2025-11-09 13:15:41,Observation noted near Surat Hub 9 in Lucknow.,CASE0179
EV04418,P00736,Travel,2022-08-16 06:59:24,Travel noted near Patna Colony 77 in Ahmedabad.,CASE0217
EV04419,P01430,Incident,2023-01-21 23:23:13,Incident noted near Jaipur Colony 114 in Mumbai.,CASE0149
EV04420,P01993,Meeting,2024-11-16 23:43:11,Meeting noted near Kochi Park 115 in Kochi.,CASE0236
EV04421,P00094,Financial Activity,2022-12-22 15:52:23,Financial Activity noted near Visakhapatnam Plaza 120 in Lucknow.,CASE0230
EV04422,P00162,Observation,2023-11-23 14:53:40,Observation noted near Chandigarh Tower 157 in Lucknow.,CASE0031
EV04423,P00192,Observation,2022-08-08 21:52:01,Observation noted near Indore Tower 39 in Delhi.,CASE0024
EV04424,P01555,Financial Activity,2024-12-18 15:50:58,Financial Activity noted near Indore Tower 39 in Guwahati.,CASE0218
EV04425,P01267,Observation,2022-02-16 21:59:37,Observation noted near Surat Plaza 122 in Chennai.,CASE0211
EV04426,P01709,Property Transfer,2023-09-16 11:10:01,Property Transfer noted near Bhopal Plaza 160 in Patna.,CASE0155
EV04427,P00334,Travel,2024-07-21 00:58:12,Travel noted near Pune Junction 25 in Bhopal.,CASE0113
EV04428,P01438,Incident,2023-10-30 00:56:02,Incident noted near Delhi Park 49 in Delhi.,CASE0119
EV04429,P01207,Observation,2025-12-07 14:16:53,Observation noted near Guwahati Plaza 152 in Kochi.,CASE0081
EV04430,P00866,Property Transfer,2024-10-04 21:50:04,Property Transfer noted near Visakhapatnam Tower 42 in Guwahati.,CASE0195
EV04431,P00334,Incident,2023-08-27 20:45:33,Incident noted near Pune Junction 25 in Bhopal.,CASE0098
EV04432,P01961,Meeting,2022-04-27 16:15:41,Meeting noted near Patna Hub 91 in Guwahati.,CASE0141
EV04433,P00865,Observation,2022-01-30 05:16:01,Observation noted near Visakhapatnam Tower 124 in Bengaluru.,CASE0021
EV04434,P00705,Meeting,2024-05-09 10:14:34,Meeting noted near Pune Colony 59 in Visakhapatnam.,CASE0211
EV04435,P00089,Observation,2024-09-04 17:58:50,Observation noted near Patna Market 67 in Guwahati.,CASE0021
EV04436,P01267,Observation,2022-08-05 01:45:12,Observation noted near Surat Plaza 40 in Chennai.,CASE0213
EV04437,P01288,Observation,2023-05-01 07:44:52,Observation noted near Ranchi Colony 111 in Guwahati.,CASE0079
EV04438,P00860,Incident,2025-01-19 01:01:32,Incident noted near Chandigarh Hub 74 in Kochi.,CASE0056
EV04439,P00741,Meeting,2022-11-22 17:06:10,Meeting noted near Hyderabad Park 81 in Ahmedabad.,CASE0122
EV04440,P00779,Observation,2022-01-27 03:27:42,Observation noted near Indore Market 83 in Delhi.,CASE0027
EV04441,P00941,Travel,2024-08-10 09:13:18,Travel noted near Kolkata Tower 75 in Ahmedabad.,CASE0173
EV04442,P00179,Property Transfer,2025-09-10 14:32:21,Property Transfer noted near Visakhapatnam Junction 21 in Bengaluru.,CASE0160
EV04443,P01373,Property Transfer,2024-12-05 20:51:34,Property Transfer noted near Nagpur Market 32 in Jaipur.,CASE0163
EV04444,P01035,Financial Activity,2025-10-12 00:16:38,Financial Activity noted near Delhi Hub 82 in Chennai.,CASE0124
EV04445,P01509,Meeting,2022-03-16 05:55:37,Meeting noted near Patna Hub 52 in Lucknow.,CASE0100
EV04446,P01584,Travel,2025-03-18 11:29:41,Travel noted near Hyderabad Junction 86 in Lucknow.,CASE0120
EV04447,P00941,Incident,2025-07-16 09:20:04,Incident noted near Bengaluru Tower 105 in Ahmedabad.,CASE0144
EV04448,P00776,Incident,2023-11-29 23:39:54,Incident noted near Guwahati Junction 159 in Delhi.,CASE0090
EV04449,P01233,Financial Activity,2025-11-18 02:19:27,Financial Activity noted near Lucknow Colony 87 in Surat.,CASE0194
EV04450,P01752,Financial Activity,2024-03-07 17:36:52,Financial Activity noted near Nagpur Junction 37 in Indore.,CASE0240
EV04451,P00542,Property Transfer,2023-05-22 18:46:49,Property Transfer noted near Indore Hub 2 in Nagpur.,CASE0077
EV04452,P00210,Incident,2023-03-08 14:09:04,Incident noted near Delhi Market 141 in Pune.,CASE0034
EV04453,P01781,Meeting,2025-10-22 13:34:09,Meeting noted near Lucknow Colony 29 in Kochi.,CASE0055
EV04454,P01373,Incident,2022-09-29 23:53:27,Incident noted near Bhopal Hub 113 in Jaipur.,CASE0193
EV04455,P01651,Property Transfer,2024-06-28 20:27:19,Property Transfer noted near Kolkata Colony 127 in Indore.,CASE0028
EV04456,P01653,Meeting,2025-10-09 17:37:11,Meeting noted near Jaipur Plaza 78 in Delhi.,CASE0022
EV04457,P00941,Travel,2022-05-30 23:40:02,Travel noted near Hyderabad Junction 86 in Ahmedabad.,CASE0075
EV04458,P00920,Travel,2023-11-07 21:51:41,Travel noted near Visakhapatnam Colony 6 in Nagpur.,CASE0194
EV04459,P01467,Travel,2024-07-07 12:25:35,Travel noted near Ahmedabad Plaza 33 in Chandigarh.,CASE0047
EV04460,P01653,Observation,2022-01-14 13:04:41,Observation noted near Visakhapatnam Hub 38 in Delhi.,CASE0124
EV04461,P00920,Travel,2024-09-14 10:23:11,Travel noted near Delhi Junction 46 in Nagpur.,CASE0032
EV04462,P01709,Property Transfer,2023-04-21 23:03:07,Property Transfer noted near Ranchi Junction 140 in Patna.,CASE0036
EV04463,P00052,Meeting,2023-08-01 23:20:31,Meeting noted near Kolkata Colony 127 in Bengaluru.,CASE0220
EV04464,P01519,Property Transfer,2024-10-25 13:50:55,Property Transfer noted near Delhi Colony 133 in Delhi.,CASE0210
EV04465,P01961,Meeting,2023-07-03 02:00:32,Meeting noted near Kochi Tower 126 in Guwahati.,CASE0030
EV04466,P00866,Meeting,2025-02-15 15:31:08,Meeting noted near Lucknow Colony 149 in Guwahati.,CASE0119
EV04467,P00779,Financial Activity,2025-05-31 23:18:32,Financial Activity noted near Mumbai Park 41 in Delhi.,CASE0165
EV04468,P01709,Financial Activity,2023-11-10 06:54:16,Financial Activity noted near Indore Park 109 in Patna.,CASE0010
EV04469,P01467,Financial Activity,2025-05-09 19:13:13,Financial Activity noted near Guwahati Junction 159 in Chandigarh.,CASE0219
EV04470,P00741,Meeting,2023-09-03 13:04:42,Meeting noted near Indore Market 23 in Ahmedabad.,CASE0093
EV04471,P01517,Incident,2024-05-21 15:00:57,Incident noted near Delhi Hub 82 in Lucknow.,CASE0226
EV04472,P01658,Property Transfer,2024-07-22 08:34:46,Property Transfer noted near Visakhapatnam Market 84 in Nagpur.,CASE0113
EV04473,P00162,Incident,2024-06-17 03:28:17,Incident noted near Bengaluru Tower 66 in Lucknow.,CASE0206
EV04474,P00779,Property Transfer,2024-02-13 19:43:58,Property Transfer noted near Bhopal Junction 151 in Delhi.,CASE0232
EV04475,P01658,Incident,2024-04-15 20:21:27,Incident noted near Hyderabad Junction 86 in Nagpur.,CASE0211
EV04476,P01814,Incident,2022-03-27 03:24:12,Incident noted near Delhi Junction 8 in Bhopal.,CASE0123
EV04477,P01919,Travel,2022-07-10 13:37:14,Travel noted near Kochi Colony 148 in Ahmedabad.,CASE0042
EV04478,P00327,Travel,2023-07-19 15:44:19,Travel noted near Visakhapatnam Colony 72 in Ranchi.,CASE0108
EV04479,P01438,Observation,2023-02-13 18:07:41,Observation noted near Hyderabad Park 81 in Delhi.,CASE0187
EV04480,P00564,Incident,2025-01-10 16:47:50,Incident noted near Pune Junction 125 in Surat.,CASE0220
EV04481,P00542,Travel,2024-11-12 08:42:24,Travel noted near Visakhapatnam Tower 42 in Nagpur.,CASE0097
EV04482,P00502,Travel,2024-10-15 18:38:37,Travel noted near Delhi Park 47 in Patna.,CASE0219
EV04483,P01752,Observation,2025-05-14 05:04:57,Observation noted near Visakhapatnam Plaza 120 in Indore.,CASE0114
EV04484,P01467,Observation,2023-12-25 10:43:07,Observation noted near Indore Market 136 in Chandigarh.,CASE0047
EV04485,P01699,Observation,2025-08-27 12:58:59,Observation noted near Visakhapatnam Junction 34 in Surat.,CASE0046
EV04486,P01233,Observation,2024-11-10 17:24:17,Observation noted near Lucknow Park 79 in Surat.,CASE0026
EV04487,P00408,Financial Activity,2023-09-05 18:17:06,Financial Activity noted near Ranchi Colony 111 in Delhi.,CASE0064
EV04488,P00055,Travel,2024-07-04 22:45:35,Travel noted near Lucknow Colony 29 in Nagpur.,CASE0018
EV04489,P01331,Meeting,2025-03-11 11:39:45,Meeting noted near Indore Market 83 in Mumbai.,CASE0067
EV04490,P01814,Meeting,2024-10-18 21:49:11,Meeting noted near Chennai Tower 134 in Bhopal.,CASE0011
EV04491,P01519,Property Transfer,2023-08-26 00:30:19,Property Transfer noted near Visakhapatnam Market 50 in Delhi.,CASE0102
EV04492,P00920,Observation,2024-09-15 09:49:02,Observation noted near Visakhapatnam Colony 72 in Nagpur.,CASE0181
EV04493,P01765,Incident,2023-01-01 09:39:34,Incident noted near Kolkata Colony 127 in Delhi.,CASE0025
EV04494,P01584,Incident,2024-08-24 12:20:02,Incident noted near Chennai Park 96 in Lucknow.,CASE0098
EV04495,P01237,Observation,2023-04-22 22:21:03,Observation noted near Guwahati Hub 129 in Ahmedabad.,CASE0184
EV04496,P01310,Financial Activity,2024-02-22 13:07:50,Financial Activity noted near Visakhapatnam Tower 14 in Ranchi.,CASE0023
EV04497,P01993,Meeting,2024-07-28 22:31:27,Meeting noted near Visakhapatnam Plaza 120 in Kochi.,CASE0147
EV04498,P00327,Financial Activity,2024-06-22 23:56:44,Financial Activity noted near Patna Market 70 in Ranchi.,CASE0201
EV04499,P00052,Observation,2022-04-18 17:15:56,Observation noted near Jaipur Colony 56 in Bengaluru.,CASE0131
EV04500,P00394,Meeting,2023-04-09 10:57:57,Meeting noted near Chennai Colony 153 in Guwahati.,CASE0039
EV04501,P00334,Incident,2023-11-26 12:26:28,Incident noted near Visakhapatnam Tower 14 in Bhopal.,CASE0133
EV04502,P01131,Travel,2024-06-05 22:44:30,Travel noted near Bengaluru Market 43 in Kochi.,CASE0221
EV04503,P00759,Meeting,2025-11-10 22:59:40,Meeting noted near Visakhapatnam Junction 34 in Jaipur.,CASE0122
EV04504,P00941,Meeting,2024-09-25 21:49:36,Meeting noted near Ranchi Colony 90 in Ahmedabad.,CASE0069
EV04505,P01765,Meeting,2022-05-25 21:19:53,Meeting noted near Jaipur Plaza 78 in Delhi.,CASE0184
EV04506,P01267,Observation,2022-08-31 03:45:47,Observation noted near Guwahati Plaza 152 in Chennai.,CASE0112
EV04507,P00542,Meeting,2022-11-25 13:01:55,Meeting noted near Indore Market 135 in Nagpur.,CASE0054
EV04508,P01584,Property Transfer,2024-04-03 16:35:57,Property Transfer noted near Guwahati Junction 159 in Lucknow.,CASE0113
EV04509,P01658,Observation,2024-08-06 03:03:01,Observation noted near Nagpur Junction 37 in Nagpur.,CASE0185
EV04510,P01310,Incident,2022-03-11 11:02:15,Incident noted near Guwahati Park 158 in Ranchi.,CASE0234
EV04511,P01373,Incident,2022-11-28 23:00:39,Incident noted near Patna Colony 77 in Jaipur.,CASE0069
EV04512,P01814,Travel,2022-02-24 11:50:45,Travel noted near Chandigarh Hub 1 in Bhopal.,CASE0215
EV04513,P01658,Travel,2024-01-10 07:01:30,Travel noted near Ranchi Colony 90 in Nagpur.,CASE0117
EV04514,P00327,Incident,2024-11-30 21:55:53,Incident noted near Delhi Colony 133 in Ranchi.,CASE0113
EV04515,P01355,Property Transfer,2022-04-20 23:08:41,Property Transfer noted near Lucknow Park 53 in Visakhapatnam.,CASE0102
EV04516,P01373,Travel,2025-08-09 13:52:50,Travel noted near Surat Plaza 122 in Jaipur.,CASE0129
EV04517,P01331,Observation,2022-02-03 11:41:46,Observation noted near Indore Junction 101 in Mumbai.,CASE0094
EV04518,P00210,Meeting,2023-09-17 05:51:35,Meeting noted near Chandigarh Market 54 in Pune.,CASE0057
EV04519,P01555,Incident,2025-01-29 09:25:41,Incident noted near Indore Market 83 in Guwahati.,CASE0063
EV04520,P00408,Financial Activity,2025-08-09 10:32:48,Financial Activity noted near Nagpur Junction 36 in Delhi.,CASE0234
EV04521,P00062,Observation,2024-12-13 05:43:45,Observation noted near Delhi Junction 147 in Lucknow.,CASE0161
EV04522,P01709,Meeting,2024-04-12 06:48:55,Meeting noted near Ahmedabad Tower 98 in Patna.,CASE0139
EV04523,P00452,Meeting,2024-03-25 03:13:01,Meeting noted near Guwahati Park 61 in Chandigarh.,CASE0064
EV04524,P00741,Financial Activity,2023-12-09 04:37:05,Financial Activity noted near Indore Park 109 in Ahmedabad.,CASE0160
EV04525,P01517,Incident,2024-07-14 13:23:02,Incident noted near Chennai Colony 48 in Lucknow.,CASE0078
EV04526,P00210,Financial Activity,2025-01-09 18:07:47,Financial Activity noted near Delhi Junction 147 in Pune.,CASE0198
EV04527,P01519,Observation,2024-09-18 01:42:27,Observation noted near Visakhapatnam Market 84 in Delhi.,CASE0177
EV04528,P00055,Financial Activity,2025-07-07 09:43:43,Financial Activity noted near Hyderabad Park 81 in Nagpur.,CASE0043
EV04529,P00467,Meeting,2022-07-25 20:35:22,Meeting noted near Indore Market 136 in Chennai.,CASE0170
EV04530,P00143,Incident,2024-04-27 23:31:13,Incident noted near Hyderabad Park 7 in Mumbai.,CASE0098
EV04531,P01653,Observation,2022-08-27 17:48:05,Observation noted near Chennai Plaza 139 in Delhi.,CASE0069
EV04532,P00929,Incident,2023-07-14 19:45:02,Incident noted near Bengaluru Market 43 in Chandigarh.,CASE0162
EV04533,P01781,Property Transfer,2025-12-09 17:43:47,Property Transfer noted near Pune Market 65 in Kochi.,CASE0135
EV04534,P01651,Observation,2024-03-06 22:26:55,Observation noted near Bhopal Hub 64 in Indore.,CASE0035
EV04535,P01889,Observation,2023-10-02 17:02:02,Observation noted near Bengaluru Tower 105 in Patna.,CASE0201
EV04536,P00334,Travel,2025-04-13 16:58:49,Travel noted near Lucknow Colony 87 in Bhopal.,CASE0089
EV04537,P00089,Observation,2023-03-09 06:01:50,Observation noted near Chennai Colony 153 in Guwahati.,CASE0235
EV04538,P01207,Meeting,2022-08-27 06:40:58,Meeting noted near Ranchi Junction 140 in Kochi.,CASE0237
EV04539,P00779,Meeting,2024-08-28 03:41:40,Meeting noted near Guwahati Colony 11 in Delhi.,CASE0203
EV04540,P01699,Incident,2025-09-28 00:37:21,Incident noted near Kolkata Junction 45 in Surat.,CASE0020
EV04541,P00860,Meeting,2022-12-18 14:00:45,Meeting noted near Bhopal Park 68 in Kochi.,CASE0016
EV04542,P00697,Financial Activity,2024-05-05 16:13:04,Financial Activity noted near Visakhapatnam Tower 14 in Chennai.,CASE0178
EV04543,P01267,Incident,2022-05-04 05:53:46,Incident noted near Chennai Hub 5 in Chennai.,CASE0035
EV04544,P01509,Property Transfer,2025-01-07 04:01:18,Property Transfer noted near Chandigarh Hub 1 in Lucknow.,CASE0084
EV04545,P01919,Property Transfer,2025-10-16 10:51:12,Property Transfer noted near Indore Park 109 in Ahmedabad.,CASE0137
EV04546,P01519,Meeting,2024-12-06 04:22:45,Meeting noted near Lucknow Colony 29 in Delhi.,CASE0168
EV04547,P00452,Meeting,2024-04-10 05:59:32,Meeting noted near Lucknow Colony 29 in Chandigarh.,CASE0217
EV04548,P00502,Financial Activity,2024-01-18 15:16:49,Financial Activity noted near Visakhapatnam Tower 42 in Patna.,CASE0132
EV04549,P01699,Incident,2024-04-04 06:41:03,Incident noted near Indore Market 83 in Surat.,CASE0231
EV04550,P00014,Observation,2024-01-26 17:31:18,Observation noted near Visakhapatnam Tower 14 in Hyderabad.,CASE0146
EV04551,P01584,Financial Activity,2022-07-12 03:21:23,Financial Activity noted near Hyderabad Colony 145 in Lucknow.,CASE0216
EV04552,P00728,Financial Activity,2024-09-19 05:11:47,Financial Activity noted near Indore Market 136 in Patna.,CASE0121
EV04553,P00089,Financial Activity,2024-04-19 23:53:24,Financial Activity noted near Lucknow Colony 73 in Guwahati.,CASE0204
EV04554,P00089,Travel,2025-07-07 20:16:12,Travel noted near Visakhapatnam Market 50 in Guwahati.,CASE0238
EV04555,P00866,Property Transfer,2023-01-07 18:11:21,Property Transfer noted near Delhi Hub 3 in Guwahati.,CASE0219
EV04556,P01509,Property Transfer,2022-03-07 08:51:28,Property Transfer noted near Indore Tower 146 in Lucknow.,CASE0081
EV04557,P01584,Financial Activity,2023-07-22 12:53:25,Financial Activity noted near Kolkata Park 15 in Lucknow.,CASE0197
EV04558,P00920,Incident,2023-02-17 12:34:21,Incident noted near Lucknow Park 94 in Nagpur.,CASE0203
EV04559,P00052,Observation,2025-08-27 15:47:55,Observation noted near Hyderabad Colony 145 in Bengaluru.,CASE0073
EV04560,P00394,Travel,2024-01-30 01:09:13,Travel noted near Kochi Park 121 in Guwahati.,CASE0171
EV04561,P01519,Travel,2022-03-30 04:04:31,Travel noted near Chennai Colony 69 in Delhi.,CASE0143
EV04562,P00094,Travel,2024-01-07 02:16:48,Travel noted near Lucknow Park 79 in Lucknow.,CASE0105
EV04563,P00210,Property Transfer,2022-11-27 02:53:36,Property Transfer noted near Pune Market 65 in Pune.,CASE0067
EV04564,P01035,Travel,2025-05-12 20:10:26,Travel noted near Patna Hub 91 in Chennai.,CASE0228
EV04565,P00319,Property Transfer,2025-11-26 16:38:21,Property Transfer noted near Bhopal Junction 58 in Bengaluru.,CASE0057
EV04566,P00866,Financial Activity,2022-04-21 11:50:18,Financial Activity noted near Chandigarh Junction 44 in Guwahati.,CASE0211
EV04567,P01517,Incident,2024-12-25 22:05:59,Incident noted near Lucknow Colony 73 in Lucknow.,CASE0105
EV04568,P00162,Property Transfer,2025-03-05 02:31:30,Property Transfer noted near Ahmedabad Tower 98 in Lucknow.,CASE0143
EV04569,P01651,Meeting,2022-02-10 12:55:33,Meeting noted near Guwahati Park 61 in Indore.,CASE0109
EV04570,P00319,Property Transfer,2024-09-03 17:14:27,Property Transfer noted near Visakhapatnam Hub 112 in Bengaluru.,CASE0004
EV04571,P00458,Travel,2025-06-12 14:30:09,Travel noted near Patna Market 4 in Ranchi.,CASE0132
EV04572,P01509,Travel,2022-03-31 05:11:12,Travel noted near Chennai Colony 69 in Lucknow.,CASE0157
EV04573,P01386,Travel,2025-07-18 19:10:19,Travel noted near Ranchi Park 95 in Ahmedabad.,CASE0118
EV04574,P01035,Travel,2025-04-03 00:01:13,Travel noted near Indore Market 136 in Chennai.,CASE0148
EV04575,P00192,Financial Activity,2024-06-26 10:41:59,Financial Activity noted near Visakhapatnam Hub 123 in Delhi.,CASE0104
EV04576,P01267,Incident,2024-02-17 20:28:33,Incident noted near Kochi Park 117 in Chennai.,CASE0184
EV04577,P00728,Observation,2025-01-25 12:33:10,Observation noted near Kolkata Park 15 in Patna.,CASE0102
EV04578,P00441,Property Transfer,2024-10-08 17:37:18,Property Transfer noted near Chennai Hub 5 in Kolkata.,CASE0052
EV04579,P00441,Meeting,2024-11-19 12:40:17,Meeting noted near Delhi Junction 147 in Kolkata.,CASE0166
EV04580,P00860,Observation,2024-09-13 03:36:09,Observation noted near Hyderabad Junction 86 in Kochi.,CASE0145
EV04581,P01775,Incident,2025-09-17 23:47:02,Incident noted near Delhi Market 141 in Kolkata.,CASE0195
EV04582,P01517,Observation,2025-04-11 13:58:43,Observation noted near Patna Market 70 in Lucknow.,CASE0109
EV04583,P01430,Incident,2025-01-10 00:35:29,Incident noted near Indore Market 136 in Mumbai.,CASE0167
EV04584,P00062,Incident,2024-12-24 02:58:15,Incident noted near Visakhapatnam Plaza 120 in Lucknow.,CASE0134
EV04585,P00570,Property Transfer,2022-01-08 17:26:44,Property Transfer noted near Kolkata Colony 127 in Chennai.,CASE0178
EV04586,P01355,Meeting,2025-01-25 08:26:52,Meeting noted near Bhopal Hub 113 in Visakhapatnam.,CASE0127
EV04587,P00690,Meeting,2022-03-17 10:34:01,Meeting noted near Bengaluru Market 43 in Kolkata.,CASE0221
EV04588,P01765,Meeting,2023-11-19 18:38:52,Meeting noted near Guwahati Colony 11 in Delhi.,CASE0218
EV04589,P01131,Meeting,2022-04-12 07:03:02,Meeting noted near Bhopal Colony 97 in Kochi.,CASE0161
EV04590,P01150,Travel,2025-02-03 12:53:50,Travel noted near Hyderabad Junction 86 in Guwahati.,CASE0173
EV04591,P00014,Observation,2025-11-24 17:16:11,Observation noted near Kolkata Tower 75 in Hyderabad.,CASE0160
EV04592,P00192,Financial Activity,2023-03-03 12:25:20,Financial Activity noted near Nagpur Junction 37 in Delhi.,CASE0120
EV04593,P01355,Meeting,2022-03-22 17:42:50,Meeting noted near Nagpur Plaza 106 in Visakhapatnam.,CASE0230
EV04594,P00190,Observation,2024-04-18 19:22:01,Observation noted near Delhi Colony 133 in Pune.,CASE0008
EV04595,P01564,Property Transfer,2022-12-29 16:20:27,Property Transfer noted near Surat Plaza 40 in Kolkata.,CASE0052
EV04596,P01509,Financial Activity,2024-08-01 03:00:10,Financial Activity noted near Surat Market 150 in Lucknow.,CASE0230
EV04597,P01117,Financial Activity,2023-04-12 22:01:53,Financial Activity noted near Lucknow Colony 87 in Bengaluru.,CASE0154
EV04598,P01765,Property Transfer,2023-11-27 04:42:39,Property Transfer noted near Nagpur Market 32 in Delhi.,CASE0023
EV04599,P00394,Observation,2023-01-18 13:04:08,Observation noted near Delhi Junction 46 in Guwahati.,CASE0101
EV04600,P01237,Property Transfer,2022-03-06 07:59:30,Property Transfer noted near Patna Hub 91 in Ahmedabad.,CASE0180
EV04601,P00748,Financial Activity,2024-12-10 02:53:38,Financial Activity noted near Indore Junction 101 in Bhopal.,CASE0038
EV04602,P00408,Property Transfer,2023-01-04 12:08:55,Property Transfer noted near Delhi Junction 46 in Delhi.,CASE0150
EV04603,P00477,Incident,2024-09-10 23:56:06,Incident noted near Visakhapatnam Market 84 in Kochi.,CASE0011
EV04604,P00014,Travel,2025-08-26 06:08:37,Travel noted near Kochi Plaza 107 in Hyderabad.,CASE0213
EV04605,P00705,Incident,2023-03-05 13:11:47,Incident noted near Surat Hub 9 in Visakhapatnam.,CASE0049
EV04606,P01699,Travel,2022-01-31 05:26:50,Travel noted near Ranchi Plaza 100 in Surat.,CASE0050
EV04607,P01736,Property Transfer,2025-05-13 16:59:01,Property Transfer noted near Kochi Park 115 in Lucknow.,CASE0058
EV04608,P00593,Incident,2024-02-09 20:09:27,Incident noted near Kolkata Hub 143 in Hyderabad.,CASE0098
EV04609,P01233,Financial Activity,2023-12-16 05:35:45,Financial Activity noted near Visakhapatnam Market 50 in Surat.,CASE0205
EV04610,P00477,Property Transfer,2022-10-16 21:27:44,Property Transfer noted near Lucknow Park 94 in Kochi.,CASE0154
EV04611,P00547,Incident,2024-09-23 11:01:50,Incident noted near Visakhapatnam Colony 72 in Chandigarh.,CASE0215
EV04612,P01117,Observation,2022-01-31 10:32:47,Observation noted near Surat Hub 9 in Bengaluru.,CASE0033
EV04613,P00542,Incident,2025-07-29 00:56:45,Incident noted near Patna Market 67 in Nagpur.,CASE0038
EV04614,P00162,Travel,2025-01-31 17:01:31,Travel noted near Indore Hub 2 in Lucknow.,CASE0076
EV04615,P00094,Travel,2024-02-06 04:40:45,Travel noted near Bengaluru Tower 105 in Lucknow.,CASE0186
EV04616,P00448,Incident,2023-07-07 12:02:35,Incident noted near Nagpur Junction 116 in Surat.,CASE0136
EV04617,P00458,Financial Activity,2024-02-17 10:38:22,Financial Activity noted near Ranchi Park 95 in Ranchi.,CASE0032
EV04618,P01437,Travel,2024-05-23 06:12:28,Travel noted near Pune Market 17 in Kolkata.,CASE0189
EV04619,P00697,Observation,2024-02-22 05:54:38,Observation noted near Delhi Junction 46 in Chennai.,CASE0176
EV04620,P00430,Property Transfer,2022-12-16 22:00:46,Property Transfer noted near Guwahati Plaza 152 in Chennai.,CASE0005
EV04621,P01373,Incident,2025-11-10 15:53:57,Incident noted near Chennai Colony 153 in Jaipur.,CASE0199
EV04622,P00690,Meeting,2024-01-02 23:35:14,Meeting noted near Lucknow Park 94 in Kolkata.,CASE0044
EV04623,P00162,Meeting,2023-08-17 10:43:07,Meeting noted near Nagpur Hub 26 in Lucknow.,CASE0071
EV04624,P00066,Observation,2022-07-05 20:18:20,Observation noted near Indore Hub 63 in Patna.,CASE0046
EV04625,P01555,Observation,2025-01-13 04:40:06,Observation noted near Lucknow Colony 149 in Guwahati.,CASE0039
EV04626,P01288,Observation,2023-07-25 17:52:25,Observation noted near Visakhapatnam Junction 34 in Guwahati.,CASE0125
EV04627,P00164,Meeting,2022-09-18 06:36:04,Meeting noted near Visakhapatnam Plaza 120 in Indore.,CASE0026
EV04628,P00192,Meeting,2022-03-02 14:20:16,Meeting noted near Nagpur Tower 130 in Delhi.,CASE0066
EV04629,P00705,Meeting,2024-05-11 18:40:07,Meeting noted near Kolkata Hub 143 in Visakhapatnam.,CASE0205
EV04630,P01210,Travel,2022-08-09 20:07:19,Travel noted near Hyderabad Hub 16 in Patna.,CASE0206
EV04631,P01331,Meeting,2023-10-24 11:56:20,Meeting noted near Jaipur Colony 114 in Mumbai.,CASE0049
EV04632,P00334,Property Transfer,2022-09-21 08:52:06,Property Transfer noted near Patna Hub 52 in Bhopal.,CASE0044
EV04633,P00697,Financial Activity,2023-01-20 21:24:56,Financial Activity noted near Indore Market 83 in Chennai.,CASE0160
EV04634,P00199,Meeting,2023-12-11 01:06:09,Meeting noted near Visakhapatnam Tower 14 in Ranchi.,CASE0165
EV04635,P00190,Property Transfer,2024-12-02 14:45:54,Property Transfer noted near Nagpur Tower 130 in Pune.,CASE0021
EV04636,P01781,Observation,2022-04-16 13:55:20,Observation noted near Delhi Junction 8 in Kochi.,CASE0233
EV04637,P00408,Meeting,2025-09-28 21:57:39,Meeting noted near Ahmedabad Tower 98 in Delhi.,CASE0055
EV04638,P01310,Meeting,2025-07-21 03:46:18,Meeting noted near Indore Junction 101 in Ranchi.,CASE0057
EV04639,P01919,Observation,2022-11-06 04:55:24,Observation noted near Mumbai Hub 138 in Ahmedabad.,CASE0057
EV04640,P00066,Incident,2025-04-19 00:48:13,Incident noted near Lucknow Colony 29 in Patna.,CASE0189
EV04641,P00143,Financial Activity,2022-01-21 00:01:36,Financial Activity noted near Guwahati Plaza 57 in Mumbai.,CASE0069
EV04642,P00776,Meeting,2022-04-03 13:13:21,Meeting noted near Jaipur Plaza 78 in Delhi.,CASE0195
EV04643,P01233,Travel,2022-11-29 07:38:55,Travel noted near Bhopal Plaza 160 in Surat.,CASE0184
EV04644,P00929,Meeting,2023-02-28 07:08:59,Meeting noted near Nagpur Plaza 106 in Chandigarh.,CASE0165
EV04645,P00593,Financial Activity,2022-03-30 15:44:32,Financial Activity noted near Mumbai Park 41 in Hyderabad.,CASE0055
EV04646,P01150,Property Transfer,2023-05-26 13:54:57,Property Transfer noted near Kochi Tower 126 in Guwahati.,CASE0234
EV04647,P01699,Travel,2023-10-06 22:13:51,Travel noted near Bhopal Colony 97 in Surat.,CASE0092
EV04648,P00920,Observation,2024-10-04 23:57:41,Observation noted near Indore Hub 2 in Nagpur.,CASE0053
EV04649,P01131,Observation,2024-05-09 11:17:54,Observation noted near Ranchi Colony 90 in Kochi.,CASE0106
EV04650,P01302,Observation,2023-06-26 13:53:39,Observation noted near Guwahati Plaza 57 in Kolkata.,CASE0171
EV04651,P01099,Travel,2025-01-01 17:31:36,Travel noted near Indore Park 109 in Hyderabad.,CASE0161
EV04652,P01430,Property Transfer,2023-07-31 11:17:45,Property Transfer noted near Kolkata Tower 75 in Mumbai.,CASE0226
EV04653,P01373,Observation,2022-05-08 06:30:05,Observation noted near Delhi Colony 133 in Jaipur.,CASE0110
EV04654,P00055,Incident,2024-01-14 23:16:18,Incident noted near Indore Market 23 in Nagpur.,CASE0041
EV04655,P00286,Meeting,2023-06-20 22:26:59,Meeting noted near Ranchi Colony 111 in Mumbai.,CASE0232
EV04656,P00164,Incident,2022-06-20 20:33:19,Incident noted near Indore Tower 39 in Indore.,CASE0047
EV04657,P01150,Property Transfer,2023-10-12 10:29:09,Property Transfer noted near Kochi Colony 148 in Guwahati.,CASE0128
EV04658,P00748,Observation,2025-02-27 07:47:33,Observation noted near Delhi Hub 82 in Bhopal.,CASE0114
EV04659,P01519,Observation,2022-05-19 19:49:33,Observation noted near Hyderabad Plaza 22 in Delhi.,CASE0052
EV04660,P00448,Observation,2024-07-08 04:56:13,Observation noted near Kochi Colony 148 in Surat.,CASE0072
EV04661,P00319,Observation,2025-10-07 21:52:27,Observation noted near Jaipur Plaza 78 in Bengaluru.,CASE0078
EV04662,P01207,Incident,2022-09-06 23:46:39,Incident noted near Delhi Colony 133 in Kochi.,CASE0102
EV04663,P00570,Observation,2025-03-01 08:27:56,Observation noted near Chennai Park 96 in Chennai.,CASE0100
EV04664,P00408,Incident,2025-09-23 04:59:52,Incident noted near Patna Tower 13 in Delhi.,CASE0077
EV04665,P01519,Travel,2023-02-26 18:43:46,Travel noted near Bengaluru Tower 66 in Delhi.,CASE0099
EV04666,P00452,Financial Activity,2024-11-16 23:32:48,Financial Activity noted near Lucknow Park 19 in Chandigarh.,CASE0115
EV04667,P00593,Meeting,2022-05-05 17:03:05,Meeting noted near Bhopal Hub 113 in Hyderabad.,CASE0048
EV04668,P01752,Property Transfer,2023-05-07 18:07:17,Property Transfer noted near Nagpur Hub 118 in Indore.,CASE0019
EV04669,P01099,Observation,2025-02-14 03:47:39,Observation noted near Visakhapatnam Colony 6 in Hyderabad.,CASE0135
EV04670,P00477,Incident,2023-01-08 03:33:28,Incident noted near Ahmedabad Plaza 35 in Kochi.,CASE0076
EV04671,P00143,Financial Activity,2025-08-27 06:53:37,Financial Activity noted near Visakhapatnam Junction 110 in Mumbai.,CASE0068
EV04672,P01651,Observation,2023-02-13 23:27:51,Observation noted near Visakhapatnam Market 84 in Indore.,CASE0034
EV04673,P00179,Meeting,2022-05-15 08:12:29,Meeting noted near Nagpur Hub 26 in Bengaluru.,CASE0128
EV04674,P00164,Financial Activity,2022-06-27 09:01:01,Financial Activity noted near Lucknow Park 79 in Indore.,CASE0138
EV04675,P01443,Financial Activity,2024-03-17 20:47:44,Financial Activity noted near Chandigarh Hub 74 in Delhi.,CASE0031
EV04676,P00728,Incident,2024-10-18 12:17:28,Incident noted near Surat Tower 108 in Patna.,CASE0099
EV04677,P00547,Property Transfer,2024-10-28 21:29:33,Property Transfer noted near Hyderabad Tower 10 in Chandigarh.,CASE0097
EV04678,P00452,Observation,2024-10-31 11:01:27,Observation noted near Delhi Junction 8 in Chandigarh.,CASE0114
EV04679,P01438,Property Transfer,2022-03-30 23:24:38,Property Transfer noted near Chennai Tower 24 in Delhi.,CASE0162
EV04680,P00941,Travel,2023-09-16 05:58:45,Travel noted near Delhi Park 47 in Ahmedabad.,CASE0216
EV04681,P00055,Observation,2025-06-24 15:07:18,Observation noted near Patna Tower 13 in Nagpur.,CASE0107
EV04682,P00199,Incident,2025-02-14 21:11:45,Incident noted near Kochi Colony 148 in Ranchi.,CASE0022
EV04683,P00192,Property Transfer,2025-05-15 04:53:55,Property Transfer noted near Visakhapatnam Colony 72 in Delhi.,CASE0068
EV04684,P00601,Property Transfer,2022-11-13 19:04:32,Property Transfer noted near Kolkata Park 18 in Chennai.,CASE0234
EV04685,P01150,Meeting,2023-09-15 11:32:13,Meeting noted near Bengaluru Market 43 in Guwahati.,CASE0006
EV04686,P00741,Meeting,2024-08-15 00:51:20,Meeting noted near Guwahati Hub 129 in Ahmedabad.,CASE0200
EV04687,P00143,Incident,2024-10-24 22:34:32,Incident noted near Patna Market 67 in Mumbai.,CASE0134
EV04688,P01207,Financial Activity,2025-11-08 22:52:37,Financial Activity noted near Nagpur Hub 118 in Kochi.,CASE0067
EV04689,P01584,Incident,2025-04-22 05:21:37,Incident noted near Visakhapatnam Hub 123 in Lucknow.,CASE0026
EV04690,P00736,Financial Activity,2023-08-02 15:25:27,Financial Activity noted near Hyderabad Hub 12 in Ahmedabad.,CASE0072
EV04691,P01658,Incident,2025-07-29 00:44:23,Incident noted near Chandigarh Market 54 in Nagpur.,CASE0235
EV04692,P00394,Incident,2023-09-19 16:26:33,Incident noted near Indore Junction 101 in Guwahati.,CASE0221
EV04693,P00408,Observation,2025-08-09 08:13:33,Observation noted near Mumbai Hub 76 in Delhi.,CASE0137
EV04694,P00334,Financial Activity,2022-07-01 03:37:00,Financial Activity noted near Kolkata Plaza 119 in Bhopal.,CASE0096
EV04695,P01035,Property Transfer,2023-10-14 19:03:01,Property Transfer noted near Kolkata Park 18 in Chennai.,CASE0146
EV04696,P00705,Meeting,2023-07-09 00:25:01,Meeting noted near Jaipur Market 31 in Visakhapatnam.,CASE0079
EV04697,P00941,Travel,2022-03-01 22:37:03,Travel noted near Bhopal Hub 113 in Ahmedabad.,CASE0210
EV04698,P01519,Property Transfer,2025-12-11 01:20:56,Property Transfer noted near Kochi Tower 144 in Delhi.,CASE0069
EV04699,P00860,Observation,2024-01-23 17:09:00,Observation noted near Ranchi Colony 90 in Kochi.,CASE0112
EV04700,P01889,Incident,2024-02-24 12:37:21,Incident noted near Ranchi Junction 140 in Patna.,CASE0110
EV04701,P01443,Travel,2023-07-04 22:40:12,Travel noted near Bengaluru Market 43 in Delhi.,CASE0070
EV04702,P01437,Meeting,2023-01-21 10:51:46,Meeting noted near Nagpur Junction 116 in Kolkata.,CASE0063
EV04703,P01781,Financial Activity,2025-08-10 22:13:20,Financial Activity noted near Patna Hub 52 in Kochi.,CASE0043
EV04704,P01233,Property Transfer,2025-11-04 04:26:55,Property Transfer noted near Kolkata Junction 45 in Surat.,CASE0091
EV04705,P00164,Financial Activity,2022-03-26 08:59:02,Financial Activity noted near Bhopal Plaza 160 in Indore.,CASE0098
EV04706,P01207,Meeting,2025-10-14 19:05:34,Meeting noted near Kochi Park 115 in Kochi.,CASE0125
EV04707,P01752,Incident,2023-05-05 04:45:56,Incident noted near Indore Tower 39 in Indore.,CASE0221
EV04708,P00319,Meeting,2022-01-29 11:22:35,Meeting noted near Guwahati Park 158 in Bengaluru.,CASE0024
EV04709,P00448,Property Transfer,2025-08-31 15:31:02,Property Transfer noted near Chennai Colony 69 in Surat.,CASE0126
EV04710,P00430,Incident,2022-01-05 13:44:11,Incident noted near Hyderabad Colony 145 in Chennai.,CASE0202
EV04711,P01430,Travel,2024-07-27 11:33:55,Travel noted near Surat Market 150 in Mumbai.,CASE0017
EV04712,P00207,Observation,2025-10-10 20:16:50,Observation noted near Jaipur Plaza 78 in Mumbai.,CASE0115
EV04713,P00741,Financial Activity,2025-11-20 00:04:15,Financial Activity noted near Kochi Market 28 in Ahmedabad.,CASE0117
EV04714,P01117,Travel,2025-02-26 04:01:31,Travel noted near Surat Hub 154 in Bengaluru.,CASE0149
EV04715,P01035,Meeting,2023-01-05 06:54:28,Meeting noted near Lucknow Colony 29 in Chennai.,CASE0205
EV04716,P01699,Observation,2025-02-09 10:40:51,Observation noted near Kochi Tower 126 in Surat.,CASE0008
EV04717,P00860,Observation,2024-05-09 12:51:09,Observation noted near Guwahati Colony 11 in Kochi.,CASE0185
EV04718,P00860,Travel,2025-05-12 14:14:26,Travel noted near Patna Hub 91 in Kochi.,CASE0103
EV04719,P01150,Financial Activity,2025-07-25 04:04:43,Financial Activity noted near Kochi Park 115 in Guwahati.,CASE0019
EV04720,P01709,Property Transfer,2024-01-10 10:02:04,Property Transfer noted near Chandigarh Colony 99 in Patna.,CASE0046
EV04721,P01736,Meeting,2023-10-11 11:16:51,Meeting noted near Delhi Junction 147 in Lucknow.,CASE0164
EV04722,P01331,Financial Activity,2023-09-22 06:33:14,Financial Activity noted near Visakhapatnam Market 50 in Mumbai.,CASE0092
EV04723,P01828,Travel,2022-07-23 22:09:14,Travel noted near Kolkata Junction 45 in Chandigarh.,CASE0031
EV04724,P01658,Property Transfer,2023-03-07 20:21:51,Property Transfer noted near Guwahati Plaza 57 in Nagpur.,CASE0153
EV04725,P01736,Meeting,2025-07-26 19:24:44,Meeting noted near Nagpur Tower 104 in Lucknow.,CASE0047
EV04726,P01495,Incident,2024-03-23 14:08:58,Incident noted near Delhi Park 47 in Hyderabad.,CASE0061
EV04727,P01430,Incident,2022-09-14 10:21:30,Incident noted near Nagpur Plaza 106 in Mumbai.,CASE0203
EV04728,P00929,Property Transfer,2025-08-28 23:02:28,Property Transfer noted near Surat Market 150 in Chandigarh.,CASE0031
EV04729,P00192,Property Transfer,2022-06-04 22:38:07,Property Transfer noted near Bhopal Junction 151 in Delhi.,CASE0209
EV04730,P01443,Travel,2022-08-26 11:56:44,Travel noted near Bengaluru Tower 105 in Delhi.,CASE0024
EV04731,P01509,Travel,2025-06-03 20:11:57,Travel noted near Lucknow Colony 149 in Lucknow.,CASE0084
EV04732,P01183,Incident,2023-11-20 21:05:58,Incident noted near Hyderabad Junction 86 in Bhopal.,CASE0192
EV04733,P00192,Observation,2022-07-19 02:29:01,Observation noted near Mumbai Hub 138 in Delhi.,CASE0026
EV04734,P00741,Financial Activity,2023-07-23 14:23:19,Financial Activity noted near Hyderabad Junction 86 in Ahmedabad.,CASE0036
EV04735,P00256,Observation,2025-12-22 15:31:57,Observation noted near Chennai Tower 134 in Delhi.,CASE0227
EV04736,P00779,Financial Activity,2022-05-03 00:48:34,Financial Activity noted near Guwahati Plaza 57 in Delhi.,CASE0047
EV04737,P01564,Property Transfer,2025-04-25 01:00:18,Property Transfer noted near Guwahati Park 61 in Kolkata.,CASE0141
EV04738,P00394,Financial Activity,2023-10-13 17:02:43,Financial Activity noted near Visakhapatnam Junction 21 in Guwahati.,CASE0130
EV04739,P01267,Meeting,2025-08-20 22:36:09,Meeting noted near Nagpur Colony 80 in Chennai.,CASE0221
EV04740,P01207,Incident,2023-06-28 02:02:39,Incident noted near Kochi Park 115 in Kochi.,CASE0130
EV04741,P01150,Incident,2023-07-26 22:01:53,Incident noted near Ranchi Colony 111 in Guwahati.,CASE0088
EV04742,P01961,Financial Activity,2023-01-09 09:31:57,Financial Activity noted near Delhi Junction 46 in Guwahati.,CASE0120
EV04743,P00066,Incident,2025-09-13 19:56:41,Incident noted near Delhi Hub 3 in Patna.,CASE0175
EV04744,P00229,Incident,2022-09-19 23:39:26,Incident noted near Mumbai Plaza 27 in Visakhapatnam.,CASE0224
EV04745,P01961,Observation,2023-08-08 12:58:47,Observation noted near Chennai Hub 5 in Guwahati.,CASE0015
EV04746,P01736,Property Transfer,2024-07-05 23:30:41,Property Transfer noted near Mumbai Hub 76 in Lucknow.,CASE0075
EV04747,P00866,Travel,2022-08-12 22:51:02,Travel noted near Visakhapatnam Hub 38 in Guwahati.,CASE0151
EV04748,P00327,Property Transfer,2024-07-28 15:44:18,Property Transfer noted near Hyderabad Park 7 in Ranchi.,CASE0012
EV04749,P00062,Property Transfer,2022-01-25 01:26:59,Property Transfer noted near Bengaluru Tower 105 in Lucknow.,CASE0159
EV04750,P01961,Observation,2022-02-06 22:39:11,Observation noted near Jaipur Colony 114 in Guwahati.,CASE0137
EV04751,P00779,Financial Activity,2023-08-09 13:40:48,Financial Activity noted near Visakhapatnam Hub 112 in Delhi.,CASE0210
EV04752,P00052,Incident,2022-06-09 11:03:50,Incident noted near Jaipur Colony 114 in Bengaluru.,CASE0048
EV04753,P01555,Travel,2024-03-07 07:53:06,Travel noted near Guwahati Park 158 in Guwahati.,CASE0230
EV04754,P00327,Meeting,2024-08-04 20:39:47,Meeting noted near Nagpur Colony 80 in Ranchi.,CASE0140
EV04755,P01519,Travel,2024-11-25 19:27:13,Travel noted near Kochi Colony 148 in Delhi.,CASE0044
EV04756,P01373,Meeting,2023-03-29 02:50:30,Meeting noted near Kochi Market 28 in Jaipur.,CASE0109
EV04757,P00865,Travel,2024-07-02 05:37:40,Travel noted near Bhopal Junction 58 in Bengaluru.,CASE0075
EV04758,P01653,Observation,2024-07-13 01:43:04,Observation noted near Chennai Tower 134 in Delhi.,CASE0223
EV04759,P01752,Meeting,2024-08-25 05:18:50,Meeting noted near Kochi Plaza 107 in Indore.,CASE0177
EV04760,P00570,Incident,2023-11-16 11:26:53,Incident noted near Patna Market 4 in Chennai.,CASE0149
EV04761,P00564,Travel,2024-09-28 02:29:47,Travel noted near Hyderabad Tower 85 in Surat.,CASE0009
EV04762,P00728,Incident,2023-07-11 11:06:50,Incident noted near Nagpur Hub 26 in Patna.,CASE0198
EV04763,P00458,Incident,2022-12-06 08:26:21,Incident noted near Chandigarh Tower 157 in Ranchi.,CASE0027
EV04764,P00207,Property Transfer,2024-08-05 22:15:30,Property Transfer noted near Visakhapatnam Junction 34 in Mumbai.,CASE0151
EV04765,P00690,Financial Activity,2022-10-02 09:58:57,Financial Activity noted near Lucknow Park 79 in Kolkata.,CASE0088
EV04766,P00593,Property Transfer,2023-12-03 07:42:14,Property Transfer noted near Delhi Colony 133 in Hyderabad.,CASE0177
EV04767,P00286,Incident,2023-12-28 19:05:00,Incident noted near Chennai Hub 5 in Mumbai.,CASE0001
EV04768,P00467,Financial Activity,2024-07-13 06:31:47,Financial Activity noted near Kochi Tower 144 in Chennai.,CASE0026
EV04769,P01267,Observation,2023-05-14 14:49:03,Observation noted near Guwahati Plaza 57 in Chennai.,CASE0016
EV04770,P00207,Financial Activity,2025-10-09 06:07:04,Financial Activity noted near Bhopal Plaza 160 in Mumbai.,CASE0134
EV04771,P00448,Travel,2025-02-01 03:09:07,Travel noted near Kolkata Plaza 119 in Surat.,CASE0147
EV04772,P00408,Financial Activity,2024-09-17 23:05:43,Financial Activity noted near Bengaluru Market 43 in Delhi.,CASE0197
EV04773,P00210,Incident,2024-11-14 08:41:56,Incident noted near Visakhapatnam Junction 21 in Pune.,CASE0039
EV04774,P01099,Observation,2023-12-03 17:44:28,Observation noted near Pune Junction 125 in Hyderabad.,CASE0185
EV04775,P01993,Travel,2025-08-31 16:30:06,Travel noted near Pune Colony 59 in Kochi.,CASE0145
EV04776,P00062,Incident,2022-10-05 13:18:39,Incident noted near Pune Market 65 in Lucknow.,CASE0036
EV04777,P00327,Observation,2024-11-19 05:45:45,Observation noted near Ranchi Colony 90 in Ranchi.,CASE0009
EV04778,P01288,Observation,2024-05-23 03:58:29,Observation noted near Chennai Plaza 139 in Guwahati.,CASE0091
EV04779,P01993,Meeting,2023-03-04 04:04:13,Meeting noted near Indore Tower 128 in Kochi.,CASE0160
EV04780,P00394,Travel,2023-11-26 16:05:48,Travel noted near Delhi Junction 147 in Guwahati.,CASE0194
EV04781,P01765,Observation,2025-02-21 07:24:48,Observation noted near Visakhapatnam Colony 72 in Delhi.,CASE0035
EV04782,P00162,Property Transfer,2024-08-21 05:56:52,Property Transfer noted near Indore Hub 63 in Lucknow.,CASE0214
EV04783,P01233,Property Transfer,2024-09-01 09:10:16,Property Transfer noted near Visakhapatnam Colony 6 in Surat.,CASE0035
EV04784,P01437,Meeting,2024-05-24 01:33:28,Meeting noted near Lucknow Colony 73 in Kolkata.,CASE0190
EV04785,P00748,Property Transfer,2023-08-10 05:27:52,Property Transfer noted near Bengaluru Market 43 in Bhopal.,CASE0052
EV04786,P01267,Travel,2022-11-10 03:24:59,Travel noted near Indore Hub 2 in Chennai.,CASE0124
EV04787,P01814,Travel,2023-07-11 09:32:37,Travel noted near Nagpur Hub 26 in Bhopal.,CASE0055
EV04788,P00327,Meeting,2022-09-01 03:05:24,Meeting noted near Indore Market 93 in Ranchi.,CASE0117
EV04789,P01993,Travel,2022-01-22 08:15:26,Travel noted near Bhopal Park 68 in Kochi.,CASE0054
EV04790,P00394,Financial Activity,2022-07-14 21:38:27,Financial Activity noted near Indore Market 93 in Guwahati.,CASE0015
EV04791,P00477,Incident,2025-09-28 22:00:16,Incident noted near Guwahati Junction 159 in Kochi.,CASE0087
EV04792,P01993,Property Transfer,2024-02-16 22:52:01,Property Transfer noted near Guwahati Junction 159 in Kochi.,CASE0076
EV04793,P00319,Meeting,2024-12-02 10:04:52,Meeting noted near Visakhapatnam Colony 72 in Bengaluru.,CASE0134
EV04794,P01517,Financial Activity,2022-01-30 12:36:11,Financial Activity noted near Ahmedabad Plaza 35 in Lucknow.,CASE0229
EV04795,P00452,Incident,2024-05-12 06:12:32,Incident noted near Hyderabad Colony 145 in Chandigarh.,CASE0222
EV04796,P01430,Incident,2022-08-01 16:41:02,Incident noted near Kochi Market 28 in Mumbai.,CASE0210
EV04797,P00164,Incident,2022-06-30 19:26:48,Incident noted near Chennai Colony 69 in Indore.,CASE0115
EV04798,P01814,Property Transfer,2022-04-26 14:59:22,Property Transfer noted near Bengaluru Market 43 in Bhopal.,CASE0058
EV04799,P00286,Observation,2024-09-26 02:39:40,Observation noted near Visakhapatnam Tower 42 in Mumbai.,CASE0027
EV04800,P00014,Financial Activity,2022-11-03 17:28:11,Financial Activity noted near Delhi Colony 133 in Hyderabad.,CASE0098
EV04801,P01210,Travel,2024-10-29 05:53:40,Travel noted near Bhopal Junction 58 in Patna.,CASE0129
EV04802,P01765,Incident,2023-01-20 20:19:09,Incident noted near Jaipur Colony 56 in Delhi.,CASE0224
EV04803,P00697,Incident,2025-11-04 04:40:05,Incident noted near Ahmedabad Tower 98 in Chennai.,CASE0095
EV04804,P01355,Property Transfer,2024-12-05 23:30:03,Property Transfer noted near Delhi Hub 3 in Visakhapatnam.,CASE0126
EV04805,P01993,Property Transfer,2025-09-24 17:38:43,Property Transfer noted near Lucknow Colony 87 in Kochi.,CASE0019
EV04806,P00055,Travel,2025-04-26 15:13:56,Travel noted near Bhopal Hub 113 in Nagpur.,CASE0146
EV04807,P01889,Incident,2024-05-12 10:23:19,Incident noted near Visakhapatnam Tower 124 in Patna.,CASE0092
EV04808,P00776,Meeting,2024-03-25 14:56:23,Meeting noted near Kochi Park 115 in Delhi.,CASE0017
EV04809,P00593,Financial Activity,2025-05-30 12:42:07,Financial Activity noted near Visakhapatnam Junction 21 in Hyderabad.,CASE0148
EV04810,P00207,Observation,2025-08-12 01:27:19,Observation noted near Kolkata Plaza 119 in Mumbai.,CASE0172
EV04811,P01150,Travel,2025-12-09 06:03:05,Travel noted near Mumbai Plaza 27 in Guwahati.,CASE0239
EV04812,P00327,Meeting,2025-07-02 05:15:36,Meeting noted near Chennai Park 96 in Ranchi.,CASE0079
EV04813,P01564,Incident,2023-01-28 06:54:25,Incident noted near Kolkata Tower 75 in Kolkata.,CASE0063
EV04814,P01889,Observation,2024-09-28 02:02:58,Observation noted near Chennai Park 96 in Patna.,CASE0194
EV04815,P00741,Observation,2022-11-15 09:29:07,Observation noted near Ahmedabad Plaza 33 in Ahmedabad.,CASE0174
EV04816,P00094,Meeting,2022-06-14 01:23:27,Meeting noted near Guwahati Colony 11 in Lucknow.,CASE0029
EV04817,P00062,Meeting,2024-02-21 04:45:17,Meeting noted near Kolkata Park 15 in Lucknow.,CASE0164
EV04818,P00094,Travel,2023-10-06 18:33:56,Travel noted near Visakhapatnam Hub 38 in Lucknow.,CASE0173
EV04819,P01781,Incident,2023-11-27 17:54:06,Incident noted near Hyderabad Market 131 in Kochi.,CASE0131
EV04820,P00199,Financial Activity,2024-08-29 22:24:38,Financial Activity noted near Delhi Junction 46 in Ranchi.,CASE0098
EV04821,P01267,Observation,2023-10-29 05:30:37,Observation noted near Chennai Colony 69 in Chennai.,CASE0144
EV04822,P01443,Meeting,2025-03-15 16:49:27,Meeting noted near Indore Junction 101 in Delhi.,CASE0232
EV04823,P00441,Property Transfer,2025-09-20 19:41:53,Property Transfer noted near Chandigarh Market 54 in Kolkata.,CASE0190
EV04824,P00207,Property Transfer,2022-10-31 00:28:08,Property Transfer noted near Visakhapatnam Junction 21 in Mumbai.,CASE0074
EV04825,P00929,Meeting,2023-05-05 05:20:27,Meeting noted near Chandigarh Hub 74 in Chandigarh.,CASE0073
EV04826,P01288,Incident,2024-08-28 20:49:07,Incident noted near Nagpur Market 32 in Guwahati.,CASE0157
EV04827,P00467,Property Transfer,2024-12-01 22:16:49,Property Transfer noted near Delhi Hub 82 in Chennai.,CASE0203
EV04828,P00199,Meeting,2025-04-29 11:09:23,Meeting noted near Indore Market 93 in Ranchi.,CASE0162
EV04829,P01519,Property Transfer,2024-02-02 00:06:57,Property Transfer noted near Mumbai Hub 138 in Delhi.,CASE0175
EV04830,P00089,Financial Activity,2023-07-04 11:15:53,Financial Activity noted near Hyderabad Plaza 22 in Guwahati.,CASE0235
EV04831,P01961,Meeting,2025-12-03 06:20:05,Meeting noted near Pune Market 65 in Guwahati.,CASE0033
EV04832,P01035,Observation,2023-12-17 15:39:04,Observation noted near Jaipur Colony 114 in Chennai.,CASE0016
EV04833,P01288,Observation,2022-12-17 04:17:43,Observation noted near Pune Junction 25 in Guwahati.,CASE0113
EV04834,P01889,Property Transfer,2024-11-10 22:19:25,Property Transfer noted near Surat Plaza 40 in Patna.,CASE0174
EV04835,P00199,Travel,2023-11-20 05:31:41,Travel noted near Nagpur Hub 103 in Ranchi.,CASE0007
EV04836,P01302,Travel,2024-03-31 04:21:07,Travel noted near Hyderabad Park 81 in Kolkata.,CASE0207
EV04837,P01814,Financial Activity,2024-01-31 22:12:47,Financial Activity noted near Visakhapatnam Plaza 120 in Bhopal.,CASE0129
EV04838,P00941,Financial Activity,2023-12-15 12:01:37,Financial Activity noted near Guwahati Hub 129 in Ahmedabad.,CASE0085
EV04839,P00192,Travel,2022-08-18 13:36:06,Travel noted near Chandigarh Plaza 89 in Delhi.,CASE0014
EV04840,P01131,Property Transfer,2022-11-07 06:57:53,Property Transfer noted near Visakhapatnam Junction 34 in Kochi.,CASE0078
EV04841,P01653,Observation,2025-05-04 22:35:54,Observation noted near Kochi Plaza 107 in Delhi.,CASE0173
EV04842,P00430,Observation,2022-03-19 10:19:46,Observation noted near Indore Tower 146 in Chennai.,CASE0216
EV04843,P01117,Financial Activity,2024-10-04 04:50:47,Financial Activity noted near Hyderabad Colony 145 in Bengaluru.,CASE0173
EV04844,P00779,Observation,2023-03-02 11:59:59,Observation noted near Ranchi Colony 111 in Delhi.,CASE0128
EV04845,P00601,Financial Activity,2022-06-26 05:57:55,Financial Activity noted near Hyderabad Tower 85 in Chennai.,CASE0164
EV04846,P01495,Property Transfer,2023-11-19 11:22:22,Property Transfer noted near Visakhapatnam Plaza 120 in Hyderabad.,CASE0113
EV04847,P00055,Incident,2023-01-11 15:20:30,Incident noted near Indore Park 109 in Nagpur.,CASE0102
EV04848,P01765,Travel,2025-12-29 09:16:26,Travel noted near Hyderabad Hub 16 in Delhi.,CASE0124
EV04849,P01233,Meeting,2022-07-23 20:52:29,Meeting noted near Patna Hub 91 in Surat.,CASE0083
EV04850,P01233,Observation,2024-05-20 21:47:38,Observation noted near Guwahati Plaza 92 in Surat.,CASE0115
EV04851,P00448,Meeting,2023-01-07 22:18:24,Meeting noted near Lucknow Park 79 in Surat.,CASE0006
EV04852,P00860,Incident,2023-01-15 16:02:55,Incident noted near Chandigarh Market 54 in Kochi.,CASE0057
EV04853,P00728,Observation,2025-12-09 22:29:48,Observation noted near Hyderabad Hub 16 in Patna.,CASE0120
EV04854,P00164,Property Transfer,2023-12-22 06:03:46,Property Transfer noted near Nagpur Hub 118 in Indore.,CASE0124
EV04855,P00866,Observation,2024-08-24 19:04:03,Observation noted near Kolkata Colony 127 in Guwahati.,CASE0180
EV04856,P01131,Financial Activity,2024-01-26 16:56:04,Financial Activity noted near Chandigarh Market 54 in Kochi.,CASE0083
EV04857,P00564,Incident,2023-12-31 22:13:51,Incident noted near Delhi Hub 3 in Surat.,CASE0125
EV04858,P01373,Financial Activity,2024-03-29 12:13:09,Financial Activity noted near Nagpur Plaza 106 in Jaipur.,CASE0003
EV04859,P00207,Incident,2023-02-12 19:21:46,Incident noted near Chandigarh Hub 1 in Mumbai.,CASE0042
EV04860,P01438,Property Transfer,2024-11-29 13:20:15,Property Transfer noted near Bengaluru Tower 66 in Delhi.,CASE0090
EV04861,P00162,Observation,2025-01-14 10:50:03,Observation noted near Kochi Plaza 107 in Lucknow.,CASE0080
EV04862,P00190,Travel,2024-09-18 18:12:43,Travel noted near Visakhapatnam Colony 72 in Pune.,CASE0057
EV04863,P00192,Property Transfer,2024-12-31 22:27:06,Property Transfer noted near Chandigarh Junction 44 in Delhi.,CASE0232
EV04864,P00199,Meeting,2022-09-19 08:35:09,Meeting noted near Indore Hub 2 in Ranchi.,CASE0009
EV04865,P00736,Financial Activity,2022-12-28 08:53:59,Financial Activity noted near Surat Plaza 122 in Ahmedabad.,CASE0136
EV04866,P01517,Observation,2022-09-22 04:39:21,Observation noted near Kolkata Park 18 in Lucknow.,CASE0205
EV04867,P01555,Travel,2023-03-25 04:47:32,Travel noted near Chennai Plaza 139 in Guwahati.,CASE0230
EV04868,P00736,Financial Activity,2022-09-23 10:55:39,Financial Activity noted near Kolkata Hub 143 in Ahmedabad.,CASE0092
EV04869,P01919,Meeting,2024-11-10 20:33:32,Meeting noted near Bengaluru Tower 105 in Ahmedabad.,CASE0093
EV04870,P00736,Travel,2022-06-21 07:39:16,Travel noted near Patna Market 4 in Ahmedabad.,CASE0169
EV04871,P01919,Meeting,2024-06-04 04:17:10,Meeting noted near Nagpur Junction 116 in Ahmedabad.,CASE0027
EV04872,P01814,Meeting,2025-02-07 18:21:22,Meeting noted near Hyderabad Colony 145 in Bhopal.,CASE0215
EV04873,P00458,Property Transfer,2025-03-09 09:20:39,Property Transfer noted near Nagpur Tower 104 in Ranchi.,CASE0193
EV04874,P00062,Incident,2025-02-26 22:56:34,Incident noted near Indore Market 83 in Lucknow.,CASE0011
EV04875,P00408,Travel,2025-09-21 06:43:16,Travel noted near Kolkata Tower 30 in Delhi.,CASE0176
EV04876,P01183,Observation,2022-05-04 03:04:45,Observation noted near Chandigarh Hub 1 in Bhopal.,CASE0029
EV04877,P00164,Financial Activity,2024-07-02 22:30:34,Financial Activity noted near Visakhapatnam Hub 38 in Indore.,CASE0239
EV04878,P01131,Incident,2025-05-05 03:39:21,Incident noted near Visakhapatnam Junction 21 in Kochi.,CASE0176
EV04879,P00542,Incident,2022-12-05 21:15:04,Incident noted near Chandigarh Market 54 in Nagpur.,CASE0235
EV04880,P01373,Financial Activity,2023-10-15 01:02:20,Financial Activity noted near Mumbai Hub 76 in Jaipur.,CASE0109
EV04881,P01373,Property Transfer,2022-06-18 11:00:14,Property Transfer noted near Kochi Tower 144 in Jaipur.,CASE0089
EV04882,P00179,Incident,2024-12-26 09:58:16,Incident noted near Lucknow Colony 29 in Bengaluru.,CASE0162
EV04883,P00452,Meeting,2023-07-09 14:29:59,Meeting noted near Chennai Park 96 in Chandigarh.,CASE0095
EV04884,P01752,Incident,2022-12-31 06:28:34,Incident noted near Hyderabad Junction 86 in Indore.,CASE0073
EV04885,P00179,Incident,2023-01-27 14:46:44,Incident noted near Indore Hub 2 in Bengaluru.,CASE0031
EV04886,P01355,Travel,2024-09-02 05:18:32,Travel noted near Kolkata Park 15 in Visakhapatnam.,CASE0125
EV04887,P00448,Property Transfer,2023-10-20 03:24:50,Property Transfer noted near Surat Park 155 in Surat.,CASE0240
EV04888,P00408,Travel,2023-07-23 20:50:22,Travel noted near Kolkata Tower 75 in Delhi.,CASE0144
EV04889,P01658,Meeting,2025-07-05 01:04:20,Meeting noted near Pune Colony 59 in Nagpur.,CASE0051
EV04890,P00179,Property Transfer,2023-03-23 01:45:24,Property Transfer noted near Hyderabad Park 81 in Bengaluru.,CASE0181
EV04891,P00327,Property Transfer,2024-02-01 10:02:36,Property Transfer noted near Lucknow Colony 87 in Ranchi.,CASE0050
EV04892,P00207,Travel,2025-12-27 17:44:13,Travel noted near Mumbai Hub 76 in Mumbai.,CASE0026
EV04893,P01443,Property Transfer,2025-06-29 10:12:04,Property Transfer noted near Delhi Hub 82 in Delhi.,CASE0188
EV04894,P01775,Financial Activity,2022-03-15 06:32:39,Financial Activity noted near Bhopal Junction 58 in Kolkata.,CASE0179
EV04895,P01183,Travel,2023-12-09 00:17:42,Travel noted near Guwahati Junction 159 in Bhopal.,CASE0077
EV04896,P01752,Travel,2022-06-30 20:41:48,Travel noted near Kolkata Tower 75 in Indore.,CASE0031
EV04897,P01509,Incident,2022-12-18 22:20:15,Incident noted near Chennai Park 96 in Lucknow.,CASE0193
EV04898,P01355,Financial Activity,2024-07-25 05:47:56,Financial Activity noted near Surat Tower 108 in Visakhapatnam.,CASE0054
EV04899,P01150,Property Transfer,2024-04-12 12:38:47,Property Transfer noted near Delhi Park 49 in Guwahati.,CASE0151
EV04900,P01736,Property Transfer,2024-08-16 01:20:01,Property Transfer noted near Patna Market 67 in Lucknow.,CASE0200
EV04901,P00477,Observation,2022-09-05 02:04:24,Observation noted near Kolkata Tower 75 in Kochi.,CASE0087
EV04902,P01207,Property Transfer,2025-02-11 13:07:12,Property Transfer noted near Guwahati Hub 60 in Kochi.,CASE0195
EV04903,P00229,Financial Activity,2024-02-26 17:27:02,Financial Activity noted near Indore Hub 2 in Visakhapatnam.,CASE0159
EV04904,P00502,Incident,2025-06-27 11:58:04,Incident noted near Visakhapatnam Junction 21 in Patna.,CASE0095
EV04905,P00207,Travel,2025-07-08 03:14:20,Travel noted near Lucknow Colony 149 in Mumbai.,CASE0240
EV04906,P01699,Financial Activity,2025-01-26 19:55:41,Financial Activity noted near Surat Market 150 in Surat.,CASE0062
EV04907,P01430,Financial Activity,2024-01-14 17:24:35,Financial Activity noted near Ranchi Junction 140 in Mumbai.,CASE0180
EV04908,P00164,Financial Activity,2022-01-15 13:00:01,Financial Activity noted near Hyderabad Plaza 22 in Indore.,CASE0160
EV04909,P00066,Travel,2024-01-07 07:07:17,Travel noted near Indore Market 83 in Patna.,CASE0064
EV04910,P00865,Observation,2023-04-19 16:58:02,Observation noted near Visakhapatnam Hub 38 in Bengaluru.,CASE0096
EV04911,P00229,Travel,2023-06-20 00:12:16,Travel noted near Chandigarh Plaza 89 in Visakhapatnam.,CASE0039
EV04912,P00143,Property Transfer,2025-02-23 03:56:27,Property Transfer noted near Surat Plaza 122 in Mumbai.,CASE0184
EV04913,P01814,Observation,2023-09-13 08:45:45,Observation noted near Bhopal Hub 64 in Bhopal.,CASE0217
EV04914,P01653,Observation,2023-10-01 10:32:10,Observation noted near Lucknow Park 79 in Delhi.,CASE0136
EV04915,P01267,Observation,2022-01-30 03:39:02,Observation noted near Hyderabad Hub 12 in Chennai.,CASE0065
EV04916,P00601,Financial Activity,2024-04-20 16:05:58,Financial Activity noted near Mumbai Junction 88 in Chennai.,CASE0202
EV04917,P01765,Financial Activity,2024-01-28 16:26:34,Financial Activity noted near Delhi Colony 133 in Delhi.,CASE0190
EV04918,P00458,Financial Activity,2025-04-06 03:45:57,Financial Activity noted near Surat Plaza 40 in Ranchi.,CASE0085
EV04919,P01302,Incident,2022-09-16 11:43:08,Incident noted near Hyderabad Hub 12 in Kolkata.,CASE0175
EV04920,P01699,Travel,2024-02-03 21:46:17,Travel noted near Chandigarh Hub 74 in Surat.,CASE0223
EV04921,P01443,Financial Activity,2022-12-19 15:43:17,Financial Activity noted near Bengaluru Tower 105 in Delhi.,CASE0093
EV04922,P00865,Travel,2025-07-28 07:13:45,Travel noted near Delhi Colony 133 in Bengaluru.,CASE0146
EV04923,P00319,Meeting,2024-02-17 17:30:21,Meeting noted near Visakhapatnam Tower 42 in Bengaluru.,CASE0126
EV04924,P01517,Travel,2024-07-30 10:09:13,Travel noted near Jaipur Market 31 in Lucknow.,CASE0060
EV04925,P00748,Property Transfer,2024-04-02 14:41:03,Property Transfer noted near Delhi Hub 3 in Bhopal.,CASE0024
EV04926,P01775,Observation,2024-10-06 03:09:06,Observation noted near Ranchi Colony 111 in Kolkata.,CASE0238
EV04927,P00690,Observation,2025-05-27 20:49:55,Observation noted near Bhopal Hub 64 in Kolkata.,CASE0019
EV04928,P00448,Observation,2025-10-30 09:07:12,Observation noted near Ranchi Colony 111 in Surat.,CASE0114
EV04929,P01373,Meeting,2023-08-23 03:26:45,Meeting noted near Chandigarh Market 54 in Jaipur.,CASE0098
EV04930,P00929,Incident,2022-02-02 02:24:28,Incident noted near Indore Market 83 in Chandigarh.,CASE0113
EV04931,P01653,Observation,2022-10-05 09:13:11,Observation noted near Chandigarh Market 54 in Delhi.,CASE0233
EV04932,P00286,Property Transfer,2023-01-23 08:48:24,Property Transfer noted near Hyderabad Park 81 in Mumbai.,CASE0060
EV04933,P01653,Property Transfer,2023-10-03 17:42:57,Property Transfer noted near Nagpur Junction 37 in Delhi.,CASE0105
EV04934,P00697,Financial Activity,2023-03-27 06:31:46,Financial Activity noted near Visakhapatnam Hub 38 in Chennai.,CASE0153
EV04935,P00697,Meeting,2024-09-06 13:14:05,Meeting noted near Surat Market 150 in Chennai.,CASE0074
EV04936,P01555,Incident,2023-08-11 05:47:04,Incident noted near Kolkata Park 15 in Guwahati.,CASE0127
EV04937,P00865,Incident,2024-06-05 15:35:57,Incident noted near Chennai Colony 48 in Bengaluru.,CASE0216
EV04938,P00286,Travel,2024-06-01 18:49:33,Travel noted near Mumbai Park 41 in Mumbai.,CASE0054
EV04939,P00458,Property Transfer,2024-12-01 20:34:35,Property Transfer noted near Surat Plaza 156 in Ranchi.,CASE0142
EV04940,P00192,Financial Activity,2022-06-25 23:42:16,Financial Activity noted near Nagpur Colony 80 in Delhi.,CASE0057
EV04941,P01828,Property Transfer,2025-01-14 11:33:33,Property Transfer noted near Mumbai Junction 88 in Chandigarh.,CASE0166
EV04942,P01765,Financial Activity,2024-09-21 11:26:27,Financial Activity noted near Lucknow Colony 87 in Delhi.,CASE0024
EV04943,P00690,Travel,2023-05-08 16:29:59,Travel noted near Indore Market 136 in Kolkata.,CASE0200
EV04944,P00199,Incident,2023-09-06 14:58:21,Incident noted near Delhi Market 141 in Ranchi.,CASE0049
EV04945,P01288,Incident,2023-09-15 08:31:48,Incident noted near Delhi Park 49 in Guwahati.,CASE0189
EV04946,P00920,Observation,2023-06-27 06:52:15,Observation noted near Mumbai Hub 76 in Nagpur.,CASE0178
EV04947,P01658,Travel,2023-06-23 22:17:27,Travel noted near Mumbai Hub 55 in Nagpur.,CASE0205
EV04948,P00162,Observation,2025-10-14 00:54:18,Observation noted near Kochi Tower 126 in Lucknow.,CASE0158
EV04949,P00052,Observation,2024-11-16 23:11:37,Observation noted near Delhi Junction 46 in Bengaluru.,CASE0093
EV04950,P01495,Property Transfer,2022-06-30 08:47:54,Property Transfer noted near Surat Hub 154 in Hyderabad.,CASE0166
EV04951,P01495,Incident,2024-09-21 12:44:05,Incident noted near Surat Park 62 in Hyderabad.,CASE0103
EV04952,P01331,Financial Activity,2025-03-15 10:05:38,Financial Activity noted near Kochi Tower 126 in Mumbai.,CASE0160
EV04953,P00164,Incident,2024-03-29 02:52:41,Incident noted near Nagpur Hub 26 in Indore.,CASE0147
EV04954,P01267,Financial Activity,2025-04-14 19:51:24,Financial Activity noted near Indore Park 109 in Chennai.,CASE0191
EV04955,P00394,Property Transfer,2023-09-27 17:28:58,Property Transfer noted near Nagpur Market 32 in Guwahati.,CASE0119
EV04956,P00179,Meeting,2025-05-10 11:19:27,Meeting noted near Kochi Plaza 107 in Bengaluru.,CASE0208
EV04957,P00089,Property Transfer,2022-05-27 19:56:31,Property Transfer noted near Bhopal Plaza 160 in Guwahati.,CASE0182
EV04958,P00570,Property Transfer,2022-03-29 10:54:40,Property Transfer noted near Nagpur Hub 103 in Chennai.,CASE0164
EV04959,P00920,Meeting,2025-10-17 22:51:46,Meeting noted near Chennai Park 96 in Nagpur.,CASE0017
EV04960,P01814,Meeting,2025-05-25 13:38:06,Meeting noted near Mumbai Plaza 27 in Bhopal.,CASE0065
EV04961,P00448,Travel,2024-01-24 17:01:15,Travel noted near Guwahati Park 61 in Surat.,CASE0021
EV04962,P00164,Observation,2024-10-29 11:17:19,Observation noted near Kolkata Plaza 119 in Indore.,CASE0032
EV04963,P00728,Incident,2025-10-26 19:28:29,Incident noted near Pune Tower 71 in Patna.,CASE0135
EV04964,P00199,Observation,2022-07-27 02:57:02,Observation noted near Visakhapatnam Market 50 in Ranchi.,CASE0207
EV04965,P00941,Financial Activity,2022-07-19 23:33:28,Financial Activity noted near Nagpur Junction 36 in Ahmedabad.,CASE0218
EV04966,P00705,Observation,2024-06-17 16:14:38,Observation noted near Visakhapatnam Hub 112 in Visakhapatnam.,CASE0215
EV04967,P01653,Incident,2025-11-06 04:06:23,Incident noted near Indore Hub 2 in Delhi.,CASE0125
EV04968,P01919,Financial Activity,2025-02-18 21:55:13,Financial Activity noted near Surat Market 150 in Ahmedabad.,CASE0121
EV04969,P00199,Financial Activity,2025-06-13 16:10:53,Financial Activity noted near Indore Market 83 in Ranchi.,CASE0061
EV04970,P00229,Financial Activity,2025-03-03 22:56:16,Financial Activity noted near Bhopal Colony 97 in Visakhapatnam.,CASE0053
EV04971,P01658,Observation,2024-10-24 09:33:37,Observation noted near Indore Tower 128 in Nagpur.,CASE0172
EV04972,P01302,Travel,2022-10-05 07:11:12,Travel noted near Hyderabad Park 81 in Kolkata.,CASE0067
EV04973,P01310,Incident,2025-10-19 09:09:32,Incident noted near Hyderabad Hub 16 in Ranchi.,CASE0030
EV04974,P00143,Observation,2023-08-30 08:45:10,Observation noted near Lucknow Park 94 in Mumbai.,CASE0116
EV04975,P00601,Meeting,2023-02-10 10:47:41,Meeting noted near Guwahati Plaza 92 in Chennai.,CASE0039
EV04976,P00748,Incident,2024-11-29 21:57:43,Incident noted near Jaipur Colony 114 in Bhopal.,CASE0126
EV04977,P01267,Incident,2025-07-16 06:57:10,Incident noted near Patna Colony 77 in Chennai.,CASE0117
EV04978,P00055,Meeting,2023-08-18 05:08:56,Meeting noted near Chandigarh Hub 74 in Nagpur.,CASE0148
EV04979,P01765,Observation,2023-10-19 16:32:23,Observation noted near Jaipur Market 31 in Delhi.,CASE0184
EV04980,P01207,Financial Activity,2022-07-03 00:04:06,Financial Activity noted near Guwahati Park 158 in Kochi.,CASE0165
EV04981,P00458,Travel,2022-05-08 11:09:10,Travel noted near Visakhapatnam Plaza 120 in Ranchi.,CASE0084
EV04982,P00728,Incident,2025-03-14 16:48:10,Incident noted near Jaipur Colony 114 in Patna.,CASE0200
EV04983,P00052,Incident,2023-04-19 18:56:34,Incident noted near Hyderabad Plaza 22 in Bengaluru.,CASE0172
EV04984,P00164,Financial Activity,2022-06-12 12:18:21,Financial Activity noted near Indore Market 135 in Indore.,CASE0102
EV04985,P00690,Financial Activity,2025-01-04 07:09:05,Financial Activity noted near Kochi Tower 144 in Kolkata.,CASE0009
EV04986,P00055,Observation,2022-11-13 07:17:54,Observation noted near Indore Tower 39 in Nagpur.,CASE0116
EV04987,P01555,Observation,2025-07-10 04:45:19,Observation noted near Delhi Hub 3 in Guwahati.,CASE0116
EV04988,P00286,Financial Activity,2025-05-03 08:57:09,Financial Activity noted near Mumbai Hub 76 in Mumbai.,CASE0079
EV04989,P00164,Observation,2025-07-14 10:01:11,Observation noted near Nagpur Junction 51 in Indore.,CASE0064
EV04990,P01131,Meeting,2025-06-27 14:27:05,Meeting noted near Pune Tower 71 in Kochi.,CASE0053
EV04991,P01386,Financial Activity,2023-12-02 12:51:32,Financial Activity noted near Surat Tower 108 in Ahmedabad.,CASE0223
EV04992,P00448,Travel,2022-11-11 10:40:51,Travel noted near Chandigarh Plaza 89 in Surat.,CASE0215
EV04993,P01889,Property Transfer,2022-08-31 14:41:01,Property Transfer noted near Patna Market 4 in Patna.,CASE0188
EV04994,P01099,Meeting,2023-12-08 18:17:54,Meeting noted near Patna Hub 91 in Hyderabad.,CASE0184
EV04995,P01775,Incident,2023-02-03 20:41:13,Incident noted near Delhi Hub 82 in Kolkata.,CASE0117
EV04996,P01467,Meeting,2025-01-15 03:22:46,Meeting noted near Mumbai Hub 55 in Chandigarh.,CASE0159
EV04997,P00143,Travel,2023-05-17 15:56:01,Travel noted near Ahmedabad Tower 98 in Mumbai.,CASE0115
EV04998,P00697,Travel,2025-08-03 12:04:41,Travel noted near Pune Junction 125 in Chennai.,CASE0038
EV04999,P00052,Meeting,2022-05-28 22:34:40,Meeting noted near Jaipur Colony 114 in Bengaluru.,CASE0105
EV05000,P00229,Meeting,2025-12-30 04:45:43,Meeting noted near Lucknow Junction 137 in Visakhapatnam.,CASE0231
