relationship_id,person_id_a,person_id_b,relationship_type,case_id
REL00001,P01781,P00408,facilitator,CASE0201
REL00002,P01814,P01267,family,CASE0148
REL00003,P00929,P01233,employer,CASE0238
REL00004,P00779,P01699,employer,CASE0048
REL00005,P01495,P01331,business_partner,CASE0227
REL00006,P00542,P00055,employer,CASE0170
REL00007,P00207,P00690,tenant,CASE0181
REL00008,P01443,P01814,associate,CASE0143
REL00009,P01495,P01658,associate,CASE0112
REL00010,P00327,P00190,business_partner,CASE0230
REL00011,P00319,P01467,family,CASE0135
REL00012,P01658,P00319,family,CASE0203
REL00013,P01653,P00192,business_partner,CASE0240
REL00014,P00162,P01781,associate,CASE0074
REL00015,P01564,P00865,tenant,CASE0115
REL00016,P00199,P00748,employer,CASE0024
REL00017,P00286,P00408,associate,CASE0223
REL00018,P01035,P01765,employer,CASE0020
REL00019,P00728,P00779,facilitator,CASE0096
REL00020,P00866,P00741,associate,CASE0067
REL00021,P01653,P00865,employer,CASE0099
REL00022,P00776,P00741,associate,CASE0089
REL00023,P01099,P00094,business_partner,CASE0180
REL00024,P01183,P00256,family,CASE0097
REL00025,P01555,P00593,employer,CASE0079
REL00026,P01386,P00502,associate,CASE0157
REL00027,P00229,P01430,associate,CASE0124
REL00028,P01035,P01210,associate,CASE0180
REL00029,P00690,P01736,facilitator,CASE0112
REL00030,P00327,P00441,business_partner,CASE0028
REL00031,P00207,P01564,facilitator,CASE0196
REL00032,P01288,P00327,facilitator,CASE0179
REL00033,P00334,P00564,tenant,CASE0141
REL00034,P00697,P00741,tenant,CASE0031
REL00035,P01467,P01961,business_partner,CASE0173
REL00036,P00408,P01117,employer,CASE0029
REL00037,P00164,P00477,associate,CASE0089
REL00038,P00210,P01775,employer,CASE0112
REL00039,P01210,P01267,tenant,CASE0039
REL00040,P00477,P01993,business_partner,CASE0093
REL00041,P00164,P00458,business_partner,CASE0051
REL00042,P00394,P01150,business_partner,CASE0152
REL00043,P00256,P00458,business_partner,CASE0021
REL00044,P01653,P01517,tenant,CASE0073
REL00045,P00089,P00458,tenant,CASE0016
REL00046,P01509,P01961,facilitator,CASE0185
REL00047,P01207,P01386,employer,CASE0131
REL00048,P00705,P00162,facilitator,CASE0077
REL00049,P01651,P00776,family,CASE0172
REL00050,P01267,P01386,business_partner,CASE0046
REL00051,P01288,P00452,tenant,CASE0098
REL00052,P00860,P00542,facilitator,CASE0119
REL00053,P00055,P01555,tenant,CASE0131
REL00054,P00929,P00477,employer,CASE0240
REL00055,P01183,P01437,business_partner,CASE0056
REL00056,P00430,P01430,business_partner,CASE0168
REL00057,P01430,P00741,facilitator,CASE0098
REL00058,P00570,P00319,family,CASE0059
REL00059,P00164,P00690,business_partner,CASE0149
REL00060,P00089,P01331,associate,CASE0119
REL00061,P00394,P00256,business_partner,CASE0133
REL00062,P00143,P00430,facilitator,CASE0149
REL00063,P01765,P01233,family,CASE0123
REL00064,P01267,P00207,tenant,CASE0105
REL00065,P00408,P00452,facilitator,CASE0105
REL00066,P00601,P01437,business_partner,CASE0100
REL00067,P01467,P01775,associate,CASE0120
REL00068,P00705,P01210,tenant,CASE0067
REL00069,P01736,P00066,associate,CASE0053
REL00070,P01781,P00865,employer,CASE0035
REL00071,P00319,P00143,employer,CASE0210
REL00072,P01765,P01775,family,CASE0052
REL00073,P00920,P00062,employer,CASE0231
REL00074,P00920,P00066,family,CASE0234
REL00075,P01207,P00741,tenant,CASE0240
REL00076,P00570,P01781,business_partner,CASE0068
REL00077,P00286,P00748,family,CASE0188
REL00078,P00502,P01555,facilitator,CASE0128
REL00079,P01438,P01386,associate,CASE0194
REL00080,P00705,P00502,associate,CASE0237
REL00081,P01519,P01373,facilitator,CASE0173
REL00082,P00190,P01099,tenant,CASE0081
REL00083,P01210,P01519,tenant,CASE0115
REL00084,P00319,P00448,associate,CASE0118
REL00085,P00593,P00697,business_partner,CASE0169
REL00086,P01653,P01495,tenant,CASE0052
REL00087,P00094,P01709,business_partner,CASE0025
REL00088,P01699,P00256,family,CASE0008
REL00089,P00920,P00430,tenant,CASE0113
REL00090,P00143,P01131,facilitator,CASE0138
REL00091,P00190,P00748,tenant,CASE0048
REL00092,P00164,P01310,associate,CASE0097
REL00093,P01467,P01207,employer,CASE0086
REL00094,P00256,P01919,facilitator,CASE0203
REL00095,P00779,P01519,employer,CASE0073
REL00096,P00866,P00547,associate,CASE0236
REL00097,P00759,P01183,business_partner,CASE0228
REL00098,P01355,P00052,tenant,CASE0099
REL00099,P00865,P00430,associate,CASE0111
REL00100,P01765,P00593,tenant,CASE0232
REL00101,P01519,P01889,tenant,CASE0171
REL00102,P00776,P01509,family,CASE0088
REL00103,P00467,P00929,associate,CASE0207
REL00104,P00143,P00502,tenant,CASE0114
REL00105,P00690,P01373,employer,CASE0026
REL00106,P00865,P00542,business_partner,CASE0089
REL00107,P00920,P01658,tenant,CASE0008
REL00108,P00286,P00143,associate,CASE0203
REL00109,P00736,P00448,family,CASE0030
REL00110,P01035,P00593,associate,CASE0178
REL00111,P00094,P01183,tenant,CASE0229
REL00112,P01752,P00865,business_partner,CASE0132
REL00113,P01430,P00162,business_partner,CASE0145
REL00114,P01131,P00866,business_partner,CASE0176
REL00115,P00179,P01430,associate,CASE0183
REL00116,P00192,P01210,business_partner,CASE0148
REL00117,P01467,P01555,family,CASE0221
REL00118,P01302,P00430,employer,CASE0150
REL00119,P01131,P01267,business_partner,CASE0122
REL00120,P01699,P00062,tenant,CASE0067
REL00121,P01210,P00143,employer,CASE0146
REL00122,P01131,P01765,associate,CASE0007
REL00123,P00601,P00286,business_partner,CASE0172
REL00124,P00319,P01183,facilitator,CASE0098
REL00125,P01517,P00779,tenant,CASE0179
REL00126,P01961,P00728,family,CASE0188
REL00127,P00601,P01584,facilitator,CASE0032
REL00128,P00094,P01183,business_partner,CASE0079
REL00129,P00458,P00094,family,CASE0209
REL00130,P01555,P00394,associate,CASE0142
REL00131,P00207,P01781,business_partner,CASE0008
REL00132,P00179,P01302,business_partner,CASE0029
REL00133,P01386,P00920,facilitator,CASE0230
REL00134,P00690,P00408,family,CASE0052
REL00135,P00779,P01443,employer,CASE0007
REL00136,P00748,P00448,facilitator,CASE0216
REL00137,P01653,P01709,tenant,CASE0108
REL00138,P01961,P01709,family,CASE0077
REL00139,P01288,P01517,employer,CASE0083
REL00140,P00593,P01288,family,CASE0240
REL00141,P01509,P00601,tenant,CASE0212
REL00142,P01117,P00207,family,CASE0107
REL00143,P01993,P00477,business_partner,CASE0041
REL00144,P01919,P00941,employer,CASE0038
REL00145,P00564,P00452,employer,CASE0024
REL00146,P01651,P00601,associate,CASE0131
REL00147,P00408,P01386,facilitator,CASE0105
REL00148,P00920,P00502,facilitator,CASE0024
REL00149,P01373,P01443,family,CASE0150
REL00150,P00014,P00199,business_partner,CASE0200
REL00151,P00542,P00601,associate,CASE0018
REL00152,P01814,P00690,associate,CASE0027
REL00153,P00736,P00256,facilitator,CASE0187
REL00154,P00728,P01709,associate,CASE0055
REL00155,P00089,P01658,associate,CASE0186
REL00156,P00866,P01519,business_partner,CASE0222
REL00157,P00865,P00542,facilitator,CASE0026
REL00158,P01237,P00502,associate,CASE0172
REL00159,P00441,P00741,tenant,CASE0009
REL00160,P01467,P01509,business_partner,CASE0181
REL00161,P01709,P00741,facilitator,CASE0226
REL00162,P00865,P01207,facilitator,CASE0042
REL00163,P01775,P00860,tenant,CASE0022
REL00164,P00162,P01709,associate,CASE0232
REL00165,P00062,P00601,associate,CASE0065
REL00166,P00741,P01736,associate,CASE0116
REL00167,P00697,P01443,associate,CASE0106
REL00168,P00547,P01993,facilitator,CASE0112
REL00169,P00441,P00759,facilitator,CASE0215
REL00170,P01781,P00179,associate,CASE0074
REL00171,P01775,P01709,associate,CASE0025
REL00172,P01467,P00094,tenant,CASE0214
REL00173,P00690,P01386,business_partner,CASE0055
REL00174,P01517,P00502,associate,CASE0056
REL00175,P01564,P01386,tenant,CASE0081
REL00176,P00779,P01117,associate,CASE0175
REL00177,P01183,P01584,tenant,CASE0179
REL00178,P00690,P00477,employer,CASE0087
REL00179,P00728,P00458,family,CASE0063
REL00180,P00319,P01117,family,CASE0050
REL00181,P01150,P01467,associate,CASE0136
REL00182,P00052,P00408,business_partner,CASE0212
REL00183,P00089,P01519,family,CASE0188
REL00184,P01653,P00319,employer,CASE0102
REL00185,P00776,P00286,tenant,CASE0167
REL00186,P01993,P00334,employer,CASE0074
REL00187,P01355,P00199,family,CASE0169
REL00188,P00210,P00319,family,CASE0066
REL00189,P00452,P00052,facilitator,CASE0068
REL00190,P01437,P01736,facilitator,CASE0098
REL00191,P01267,P00705,employer,CASE0174
REL00192,P00690,P01519,business_partner,CASE0172
REL00193,P01752,P00179,facilitator,CASE0049
REL00194,P00229,P00394,facilitator,CASE0015
REL00195,P01210,P00164,associate,CASE0139
REL00196,P01961,P00542,family,CASE0091
REL00197,P00860,P00759,tenant,CASE0150
REL00198,P00319,P01355,business_partner,CASE0200
REL00199,P01267,P01302,facilitator,CASE0030
REL00200,P00759,P01495,associate,CASE0213
REL00201,P01099,P01775,associate,CASE0149
REL00202,P00229,P01438,facilitator,CASE0040
REL00203,P01889,P00394,associate,CASE0067
REL00204,P00334,P00866,business_partner,CASE0133
REL00205,P00570,P01709,employer,CASE0177
REL00206,P01919,P00941,business_partner,CASE0018
REL00207,P01183,P00477,associate,CASE0070
REL00208,P00192,P00143,tenant,CASE0161
REL00209,P01310,P01564,employer,CASE0138
REL00210,P00458,P00697,employer,CASE0233
REL00211,P00192,P01373,tenant,CASE0080
REL00212,P00748,P00408,business_partner,CASE0063
REL00213,P00593,P01699,facilitator,CASE0081
REL00214,P00286,P00690,family,CASE0213
REL00215,P00920,P01288,associate,CASE0021
REL00216,P01233,P00143,tenant,CASE0053
REL00217,P01355,P01183,tenant,CASE0121
REL00218,P01889,P00052,associate,CASE0205
REL00219,P00564,P01709,associate,CASE0140
REL00220,P00736,P00430,family,CASE0030
REL00221,P01814,P01207,business_partner,CASE0119
REL00222,P00759,P00162,business_partner,CASE0211
REL00223,P01699,P00920,tenant,CASE0095
REL00224,P00570,P00860,associate,CASE0127
REL00225,P00920,P01584,facilitator,CASE0137
REL00226,P00286,P00441,associate,CASE0164
REL00227,P00601,P01993,business_partner,CASE0115
REL00228,P01099,P00210,associate,CASE0014
REL00229,P00319,P00408,business_partner,CASE0022
REL00230,P00601,P00920,business_partner,CASE0139
REL00231,P00690,P00190,family,CASE0217
REL00232,P01828,P00334,employer,CASE0155
REL00233,P01131,P01564,associate,CASE0124
REL00234,P01651,P01653,tenant,CASE0221
REL00235,P00477,P00394,tenant,CASE0197
REL00236,P00779,P01288,employer,CASE0070
REL00237,P00408,P01233,associate,CASE0167
REL00238,P00728,P01131,associate,CASE0029
REL00239,P00860,P01584,family,CASE0155
REL00240,P00601,P00458,employer,CASE0104
REL00241,P00705,P00199,associate,CASE0234
REL00242,P00229,P01653,family,CASE0121
REL00243,P00697,P01131,family,CASE0018
REL00244,P01495,P01310,employer,CASE0074
REL00245,P00062,P00920,family,CASE0027
REL00246,P00748,P00256,facilitator,CASE0128
REL00247,P00502,P01889,facilitator,CASE0227
REL00248,P01355,P00190,tenant,CASE0220
REL00249,P00776,P00741,employer,CASE0145
REL00250,P00736,P01919,business_partner,CASE0095
REL00251,P01131,P01775,associate,CASE0198
REL00252,P01237,P00776,family,CASE0103
REL00253,P00190,P00564,family,CASE0047
REL00254,P00089,P01117,tenant,CASE0129
REL00255,P00394,P01233,family,CASE0009
REL00256,P01183,P00319,family,CASE0184
REL00257,P00066,P01150,associate,CASE0092
REL00258,P00441,P00542,family,CASE0002
REL00259,P01709,P00319,employer,CASE0204
REL00260,P00467,P00593,facilitator,CASE0158
REL00261,P00860,P00089,employer,CASE0006
REL00262,P01699,P01302,facilitator,CASE0085
REL00263,P00192,P01443,business_partner,CASE0164
REL00264,P00179,P00334,associate,CASE0196
REL00265,P00066,P01993,family,CASE0032
REL00266,P00705,P00728,family,CASE0142
REL00267,P00430,P00207,employer,CASE0031
REL00268,P00759,P00477,tenant,CASE0213
REL00269,P00089,P01302,family,CASE0013
REL00270,P00327,P00448,employer,CASE0199
REL00271,P01709,P01210,tenant,CASE0105
REL00272,P00697,P00564,family,CASE0160
REL00273,P01699,P01519,associate,CASE0045
REL00274,P00014,P01775,tenant,CASE0185
REL00275,P01564,P00229,family,CASE0173
REL00276,P01131,P00207,employer,CASE0214
REL00277,P00094,P00458,business_partner,CASE0073
REL00278,P01288,P00014,employer,CASE0019
REL00279,P01438,P01517,tenant,CASE0061
REL00280,P00210,P01517,employer,CASE0205
REL00281,P00542,P00143,employer,CASE0099
REL00282,P00062,P00164,business_partner,CASE0174
REL00283,P00089,P00055,business_partner,CASE0195
REL00284,P01781,P01584,family,CASE0135
REL00285,P00776,P01752,family,CASE0133
REL00286,P00941,P01438,associate,CASE0068
REL00287,P00207,P00448,family,CASE0177
REL00288,P01699,P01210,associate,CASE0078
REL00289,P00502,P01919,tenant,CASE0027
REL00290,P01117,P01438,tenant,CASE0228
REL00291,P00430,P00066,family,CASE0034
REL00292,P00448,P01889,associate,CASE0032
REL00293,P00094,P01517,family,CASE0131
REL00294,P01207,P01331,tenant,CASE0234
REL00295,P00190,P00408,facilitator,CASE0147
REL00296,P00776,P00865,business_partner,CASE0177
REL00297,P00865,P00441,business_partner,CASE0150
REL00298,P01233,P00319,tenant,CASE0055
REL00299,P01699,P00164,family,CASE0235
REL00300,P01651,P00430,employer,CASE0227
REL00301,P01267,P01443,family,CASE0160
REL00302,P01210,P01584,business_partner,CASE0111
REL00303,P01438,P01889,tenant,CASE0140
REL00304,P00920,P00593,employer,CASE0192
REL00305,P00164,P01555,business_partner,CASE0166
REL00306,P01467,P00542,tenant,CASE0113
REL00307,P00570,P01889,employer,CASE0225
REL00308,P01430,P01828,family,CASE0064
REL00309,P01150,P01961,employer,CASE0198
REL00310,P00062,P00190,employer,CASE0158
REL00311,P00697,P00502,business_partner,CASE0209
REL00312,P00458,P01961,family,CASE0127
REL00313,P01331,P01765,associate,CASE0069
REL00314,P01331,P01438,associate,CASE0115
REL00315,P01699,P00286,tenant,CASE0197
REL00316,P01775,P00448,associate,CASE0187
REL00317,P00286,P00319,tenant,CASE0196
REL00318,P00865,P01386,family,CASE0081
REL00319,P00190,P00286,associate,CASE0166
REL00320,P00542,P01814,facilitator,CASE0041
REL00321,P00779,P00941,family,CASE0078
REL00322,P00690,P00430,associate,CASE0048
REL00323,P00210,P01752,employer,CASE0235
REL00324,P01752,P01438,associate,CASE0151
REL00325,P00143,P01183,tenant,CASE0051
REL00326,P01438,P01653,employer,CASE0145
REL00327,P01564,P00062,employer,CASE0178
REL00328,P01555,P01355,facilitator,CASE0240
REL00329,P00319,P01373,employer,CASE0214
REL00330,P00055,P01709,employer,CASE0101
REL00331,P00394,P00736,tenant,CASE0157
REL00332,P01961,P00929,family,CASE0231
REL00333,P00199,P00570,tenant,CASE0047
REL00334,P00865,P00179,facilitator,CASE0073
REL00335,P00327,P00759,associate,CASE0155
REL00336,P00593,P01584,tenant,CASE0106
REL00337,P01709,P01237,business_partner,CASE0226
REL00338,P00860,P01775,facilitator,CASE0139
REL00339,P00452,P00866,family,CASE0220
REL00340,P00441,P00502,associate,CASE0153
REL00341,P01736,P01699,family,CASE0052
REL00342,P00477,P01355,family,CASE0201
REL00343,P01653,P00690,employer,CASE0099
REL00344,P00062,P01495,facilitator,CASE0050
REL00345,P01233,P00502,family,CASE0221
REL00346,P01373,P00327,associate,CASE0170
REL00347,P00207,P00705,business_partner,CASE0177
REL00348,P00094,P01099,employer,CASE0091
REL00349,P01584,P00334,associate,CASE0216
REL00350,P00210,P01765,tenant,CASE0107
REL00351,P00066,P00477,facilitator,CASE0037
REL00352,P00207,P00697,business_partner,CASE0189
REL00353,P00920,P00705,business_partner,CASE0073
REL00354,P01495,P01467,tenant,CASE0182
REL00355,P00866,P01443,associate,CASE0177
REL00356,P00866,P00741,family,CASE0043
REL00357,P01207,P00327,associate,CASE0078
REL00358,P00502,P01310,facilitator,CASE0020
REL00359,P00601,P00190,family,CASE0017
REL00360,P00570,P00776,business_partner,CASE0108
REL00361,P00941,P00601,business_partner,CASE0215
REL00362,P01775,P00776,employer,CASE0172
REL00363,P01150,P00319,associate,CASE0001
REL00364,P01386,P00055,business_partner,CASE0005
REL00365,P01653,P01288,associate,CASE0067
REL00366,P00759,P01331,tenant,CASE0092
REL00367,P00570,P00319,tenant,CASE0086
REL00368,P00408,P00452,associate,CASE0084
REL00369,P01331,P01443,tenant,CASE0134
REL00370,P00430,P01658,family,CASE0037
REL00371,P00690,P00327,tenant,CASE0067
REL00372,P01443,P01117,family,CASE0138
REL00373,P00865,P00941,employer,CASE0017
REL00374,P00941,P01961,associate,CASE0020
REL00375,P00066,P01183,tenant,CASE0080
REL00376,P01658,P01775,business_partner,CASE0003
REL00377,P01509,P01564,tenant,CASE0214
REL00378,P00759,P00547,tenant,CASE0151
REL00379,P00190,P00776,employer,CASE0158
REL00380,P01781,P00759,employer,CASE0205
REL00381,P00162,P01430,business_partner,CASE0228
REL00382,P01207,P00408,associate,CASE0196
REL00383,P01736,P01961,employer,CASE0217
REL00384,P01302,P01919,tenant,CASE0069
REL00385,P00014,P01993,family,CASE0181
REL00386,P00860,P01709,employer,CASE0170
REL00387,P01993,P01233,facilitator,CASE0104
REL00388,P00705,P00570,family,CASE0135
REL00389,P01267,P00728,family,CASE0219
REL00390,P01267,P00066,business_partner,CASE0052
REL00391,P00441,P00547,family,CASE0040
REL00392,P00860,P00741,facilitator,CASE0218
REL00393,P01267,P01373,family,CASE0122
REL00394,P00929,P01267,tenant,CASE0032
REL00395,P00748,P00052,facilitator,CASE0137
REL00396,P01267,P00759,associate,CASE0219
REL00397,P00094,P00334,tenant,CASE0159
REL00398,P01517,P00094,employer,CASE0115
REL00399,P00941,P00759,tenant,CASE0036
REL00400,P01331,P00094,facilitator,CASE0118
REL00401,P01828,P00286,employer,CASE0062
REL00402,P00779,P01355,employer,CASE0114
REL00403,P00690,P00286,tenant,CASE0239
REL00404,P00066,P01775,business_partner,CASE0216
REL00405,P01302,P01310,employer,CASE0146
REL00406,P00199,P00736,associate,CASE0217
REL00407,P00430,P00014,tenant,CASE0201
REL00408,P00190,P01519,family,CASE0121
REL00409,P00179,P01781,family,CASE0137
REL00410,P00477,P01237,tenant,CASE0010
REL00411,P00089,P00055,family,CASE0126
REL00412,P00430,P01775,employer,CASE0213
REL00413,P00458,P01150,facilitator,CASE0152
REL00414,P00458,P00741,facilitator,CASE0140
REL00415,P01919,P01438,business_partner,CASE0231
REL00416,P00542,P01658,associate,CASE0067
REL00417,P00477,P01183,family,CASE0087
REL00418,P01467,P01267,business_partner,CASE0149
REL00419,P00570,P01993,facilitator,CASE0028
REL00420,P01443,P00256,family,CASE0212
REL00421,P01288,P01430,family,CASE0197
REL00422,P01355,P01653,business_partner,CASE0189
REL00423,P00066,P00394,employer,CASE0237
REL00424,P00570,P01781,facilitator,CASE0153
REL00425,P00547,P00094,employer,CASE0181
REL00426,P01814,P00066,employer,CASE0115
REL00427,P01993,P01302,family,CASE0119
REL00428,P00089,P00467,tenant,CASE0051
REL00429,P01495,P00865,facilitator,CASE0143
REL00430,P01237,P01775,employer,CASE0240
REL00431,P01150,P00192,family,CASE0038
REL00432,P00430,P01150,family,CASE0147
REL00433,P00256,P00327,associate,CASE0054
REL00434,P01555,P00143,employer,CASE0236
REL00435,P00779,P00055,facilitator,CASE0165
REL00436,P00776,P01775,employer,CASE0015
REL00437,P00256,P01035,employer,CASE0011
REL00438,P01207,P01430,associate,CASE0045
REL00439,P01509,P01302,associate,CASE0118
REL00440,P01373,P00179,family,CASE0189
REL00441,P01653,P00179,employer,CASE0007
REL00442,P00697,P01765,tenant,CASE0010
REL00443,P00210,P01386,facilitator,CASE0196
REL00444,P01443,P00327,employer,CASE0217
REL00445,P00741,P00094,associate,CASE0059
REL00446,P01517,P01430,associate,CASE0093
REL00447,P00860,P01355,family,CASE0221
REL00448,P00697,P00448,business_partner,CASE0239
REL00449,P01131,P00192,facilitator,CASE0031
REL00450,P00448,P00705,facilitator,CASE0028
REL00451,P00430,P01443,business_partner,CASE0222
REL00452,P01752,P01495,family,CASE0213
REL00453,P01237,P01828,business_partner,CASE0099
REL00454,P01373,P00192,employer,CASE0039
REL00455,P00014,P00319,employer,CASE0133
REL00456,P01267,P01752,family,CASE0114
REL00457,P00190,P00748,employer,CASE0202
REL00458,P00190,P00564,associate,CASE0104
REL00459,P01495,P00334,business_partner,CASE0215
REL00460,P01237,P00210,associate,CASE0037
REL00461,P00502,P00741,associate,CASE0119
REL00462,P00467,P00741,tenant,CASE0085
REL00463,P01233,P00319,business_partner,CASE0195
REL00464,P00593,P01889,tenant,CASE0050
REL00465,P01150,P00865,facilitator,CASE0229
REL00466,P00430,P00162,facilitator,CASE0052
REL00467,P00164,P00143,tenant,CASE0095
REL00468,P01555,P00748,employer,CASE0012
REL00469,P00697,P01438,tenant,CASE0022
REL00470,P01237,P00866,business_partner,CASE0076
REL00471,P01651,P01564,tenant,CASE0078
REL00472,P00162,P01131,employer,CASE0113
REL00473,P00779,P01331,family,CASE0060
REL00474,P00192,P01035,business_partner,CASE0137
REL00475,P00941,P00564,employer,CASE0239
REL00476,P00089,P00394,employer,CASE0008
REL00477,P00179,P01993,employer,CASE0141
REL00478,P00089,P00542,employer,CASE0205
REL00479,P00564,P00441,employer,CASE0150
REL00480,P01564,P00593,facilitator,CASE0098
REL00481,P01386,P00143,business_partner,CASE0074
REL00482,P01889,P01564,facilitator,CASE0103
REL00483,P00467,P00741,facilitator,CASE0071
REL00484,P00179,P00728,family,CASE0012
REL00485,P00705,P00430,facilitator,CASE0136
REL00486,P01099,P00477,employer,CASE0119
REL00487,P00334,P00779,family,CASE0191
REL00488,P01467,P01564,family,CASE0184
REL00489,P01430,P00162,facilitator,CASE0078
REL00490,P01099,P01509,employer,CASE0135
REL00491,P00748,P00164,family,CASE0216
REL00492,P00920,P01993,employer,CASE0058
REL00493,P01443,P00055,facilitator,CASE0135
REL00494,P01519,P01099,tenant,CASE0217
REL00495,P01584,P00542,facilitator,CASE0059
REL00496,P01584,P01310,family,CASE0125
REL00497,P00542,P00089,facilitator,CASE0041
REL00498,P00776,P01709,business_partner,CASE0045
REL00499,P01919,P01331,business_partner,CASE0181
REL00500,P00066,P01651,associate,CASE0209
REL00501,P00458,P01519,business_partner,CASE0056
REL00502,P00286,P00564,business_partner,CASE0082
REL00503,P01117,P00929,tenant,CASE0137
REL00504,P01828,P00502,family,CASE0083
REL00505,P00190,P00866,employer,CASE0010
REL00506,P01237,P01210,family,CASE0134
REL00507,P01035,P00866,employer,CASE0050
REL00508,P01183,P01288,tenant,CASE0235
REL00509,P00929,P01765,facilitator,CASE0140
REL00510,P01752,P00865,employer,CASE0028
REL00511,P01495,P01765,employer,CASE0027
REL00512,P01775,P00430,family,CASE0004
REL00513,P01495,P01584,family,CASE0060
REL00514,P01961,P00408,facilitator,CASE0106
REL00515,P01233,P01207,family,CASE0042
REL00516,P01210,P01658,employer,CASE0223
REL00517,P01237,P00286,family,CASE0041
REL00518,P00452,P00334,tenant,CASE0218
REL00519,P01555,P00014,employer,CASE0087
REL00520,P01658,P01781,employer,CASE0136
REL00521,P00207,P01386,tenant,CASE0196
REL00522,P00164,P01430,business_partner,CASE0083
REL00523,P01207,P01131,business_partner,CASE0223
REL00524,P00547,P01117,employer,CASE0179
REL00525,P01495,P00929,associate,CASE0191
REL00526,P01517,P00066,associate,CASE0107
REL00527,P01495,P00394,associate,CASE0007
REL00528,P01509,P01564,tenant,CASE0062
REL00529,P01775,P00143,tenant,CASE0228
REL00530,P00286,P00601,business_partner,CASE0012
REL00531,P00014,P00697,tenant,CASE0103
REL00532,P01331,P01233,facilitator,CASE0189
REL00533,P00094,P01302,tenant,CASE0059
REL00534,P01099,P01709,associate,CASE0101
REL00535,P01919,P00229,family,CASE0043
REL00536,P01131,P01555,associate,CASE0012
REL00537,P01814,P00394,employer,CASE0024
REL00538,P01099,P01437,business_partner,CASE0055
REL00539,P01919,P00690,family,CASE0047
REL00540,P01517,P00741,associate,CASE0184
REL00541,P00865,P01651,business_partner,CASE0101
REL00542,P00062,P00190,business_partner,CASE0206
REL00543,P00759,P00210,employer,CASE0112
REL00544,P00014,P01207,family,CASE0138
REL00545,P01430,P01651,tenant,CASE0224
REL00546,P01564,P00865,business_partner,CASE0132
REL00547,P00467,P00094,tenant,CASE0132
REL00548,P00458,P01099,employer,CASE0168
REL00549,P00690,P01814,associate,CASE0217
REL00550,P00941,P00779,associate,CASE0207
REL00551,P01207,P01765,employer,CASE0094
REL00552,P00866,P01210,family,CASE0138
REL00553,P01993,P00748,employer,CASE0095
REL00554,P00162,P01131,associate,CASE0073
REL00555,P00759,P00334,family,CASE0080
REL00556,P00162,P00564,facilitator,CASE0171
REL00557,P01443,P00207,facilitator,CASE0185
REL00558,P00143,P01437,associate,CASE0161
REL00559,P00728,P00452,tenant,CASE0213
REL00560,P00055,P00593,associate,CASE0015
REL00561,P00564,P01781,business_partner,CASE0067
REL00562,P00199,P01373,associate,CASE0201
REL00563,P01183,P01035,tenant,CASE0059
REL00564,P00741,P00143,tenant,CASE0197
REL00565,P00452,P01752,employer,CASE0238
REL00566,P01555,P00066,associate,CASE0202
REL00567,P00866,P00705,tenant,CASE0109
REL00568,P01709,P01288,facilitator,CASE0166
REL00569,P01443,P00408,family,CASE0227
REL00570,P01781,P00458,employer,CASE0155
REL00571,P00286,P00055,employer,CASE0052
REL00572,P01331,P00062,employer,CASE0208
REL00573,P00866,P01438,employer,CASE0160
REL00574,P01237,P00319,tenant,CASE0009
REL00575,P00143,P00860,business_partner,CASE0062
REL00576,P01658,P01555,tenant,CASE0211
REL00577,P01653,P00697,family,CASE0133
REL00578,P00319,P00502,tenant,CASE0206
REL00579,P01035,P00467,tenant,CASE0032
REL00580,P00920,P01765,family,CASE0228
REL00581,P01961,P01355,tenant,CASE0219
REL00582,P01828,P01267,facilitator,CASE0132
REL00583,P01117,P00055,business_partner,CASE0034
REL00584,P01210,P00866,tenant,CASE0051
REL00585,P01131,P01519,family,CASE0228
REL00586,P00736,P00547,tenant,CASE0210
REL00587,P01564,P00865,employer,CASE0218
REL00588,P01437,P00192,business_partner,CASE0201
REL00589,P00256,P00705,business_partner,CASE0079
REL00590,P00286,P00728,facilitator,CASE0202
REL00591,P00728,P00748,facilitator,CASE0154
REL00592,P01438,P00319,facilitator,CASE0213
REL00593,P01302,P00741,facilitator,CASE0061
REL00594,P00441,P01658,tenant,CASE0229
REL00595,P01237,P00920,business_partner,CASE0163
REL00596,P01210,P00779,tenant,CASE0037
REL00597,P00542,P00062,tenant,CASE0059
REL00598,P00547,P00192,business_partner,CASE0131
REL00599,P01709,P00741,tenant,CASE0054
REL00600,P01438,P00430,employer,CASE0103
REL00601,P00094,P00736,business_partner,CASE0170
REL00602,P01555,P00430,employer,CASE0187
REL00603,P01288,P00327,tenant,CASE0027
REL00604,P00728,P01430,business_partner,CASE0005
REL00605,P01183,P01828,associate,CASE0109
REL00606,P00229,P01150,tenant,CASE0200
REL00607,P00779,P00601,employer,CASE0070
REL00608,P00286,P01437,associate,CASE0096
REL00609,P01210,P01310,tenant,CASE0092
REL00610,P01584,P01302,facilitator,CASE0188
REL00611,P00547,P00319,tenant,CASE0218
REL00612,P00736,P00394,business_partner,CASE0158
REL00613,P00929,P01150,family,CASE0097
REL00614,P01438,P00865,associate,CASE0154
REL00615,P01519,P00192,family,CASE0050
REL00616,P01961,P01355,associate,CASE0086
REL00617,P00089,P01302,facilitator,CASE0236
REL00618,P01752,P00502,family,CASE0081
REL00619,P00055,P00697,family,CASE0090
REL00620,P01310,P01919,facilitator,CASE0202
REL00621,P00759,P01736,family,CASE0162
REL00622,P01651,P01373,facilitator,CASE0102
REL00623,P01267,P00430,business_partner,CASE0032
REL00624,P00162,P01517,associate,CASE0187
REL00625,P00448,P01584,business_partner,CASE0207
REL00626,P01430,P00441,employer,CASE0205
REL00627,P01752,P00776,employer,CASE0061
REL00628,P01288,P01373,business_partner,CASE0100
REL00629,P01355,P00748,family,CASE0174
REL00630,P00190,P01814,tenant,CASE0177
REL00631,P00477,P00748,business_partner,CASE0167
REL00632,P01035,P01584,business_partner,CASE0190
REL00633,P00334,P01517,family,CASE0122
REL00634,P01651,P01150,tenant,CASE0046
REL00635,P00441,P00920,tenant,CASE0018
REL00636,P00477,P00179,business_partner,CASE0063
REL00637,P00697,P00229,associate,CASE0065
REL00638,P00334,P00697,tenant,CASE0194
REL00639,P00458,P01781,tenant,CASE0117
REL00640,P01099,P01310,business_partner,CASE0233
REL00641,P01653,P01651,tenant,CASE0065
REL00642,P01509,P00062,associate,CASE0226
REL00643,P00052,P00860,facilitator,CASE0227
REL00644,P00089,P01519,family,CASE0038
REL00645,P01781,P00408,tenant,CASE0238
REL00646,P00860,P01438,tenant,CASE0158
REL00647,P00448,P01993,associate,CASE0178
REL00648,P01961,P01814,business_partner,CASE0083
REL00649,P00860,P01736,employer,CASE0040
REL00650,P00728,P00408,tenant,CASE0045
REL00651,P01555,P00759,associate,CASE0162
REL00652,P00860,P00690,facilitator,CASE0098
REL00653,P01775,P00736,family,CASE0166
REL00654,P00014,P00190,tenant,CASE0235
REL00655,P00430,P01331,business_partner,CASE0173
REL00656,P00542,P00062,business_partner,CASE0115
REL00657,P01752,P01775,employer,CASE0182
REL00658,P00759,P00190,business_partner,CASE0044
REL00659,P01765,P00705,employer,CASE0099
REL00660,P00408,P01373,tenant,CASE0081
REL00661,P00319,P00759,family,CASE0197
REL00662,P00089,P00394,associate,CASE0105
REL00663,P01210,P00430,tenant,CASE0222
REL00664,P00014,P00690,employer,CASE0106
REL00665,P01131,P01814,employer,CASE0205
REL00666,P01355,P01584,family,CASE0156
REL00667,P00143,P00179,tenant,CASE0054
REL00668,P01736,P01310,business_partner,CASE0191
REL00669,P00570,P00143,family,CASE0177
REL00670,P01517,P00143,associate,CASE0014
REL00671,P00441,P01519,business_partner,CASE0158
REL00672,P00094,P00408,family,CASE0203
REL00673,P00736,P01467,associate,CASE0192
REL00674,P00920,P00162,tenant,CASE0143
REL00675,P01752,P01207,family,CASE0033
REL00676,P00452,P01555,facilitator,CASE0091
REL00677,P01584,P00467,facilitator,CASE0013
REL00678,P00458,P00929,employer,CASE0149
REL00679,P01373,P00502,family,CASE0131
REL00680,P01658,P01430,associate,CASE0100
REL00681,P00941,P01889,associate,CASE0034
REL00682,P00865,P01564,tenant,CASE0208
REL00683,P00199,P00207,facilitator,CASE0192
REL00684,P01331,P00408,facilitator,CASE0079
REL00685,P01437,P01736,facilitator,CASE0050
REL00686,P01775,P00319,tenant,CASE0191
REL00687,P01658,P00452,family,CASE0085
REL00688,P00728,P01150,facilitator,CASE0233
REL00689,P00601,P00697,business_partner,CASE0162
REL00690,P00941,P01438,family,CASE0095
REL00691,P01331,P00458,business_partner,CASE0065
REL00692,P00164,P00143,facilitator,CASE0051
REL00693,P00334,P01781,employer,CASE0119
REL00694,P01373,P01150,tenant,CASE0109
REL00695,P01752,P00941,associate,CASE0032
REL00696,P00477,P00014,associate,CASE0207
REL00697,P00542,P00593,business_partner,CASE0075
REL00698,P00207,P00094,business_partner,CASE0240
REL00699,P01386,P01828,employer,CASE0136
REL00700,P01517,P00055,employer,CASE0057
REL00701,P01150,P00866,employer,CASE0018
REL00702,P01781,P00547,business_partner,CASE0234
REL00703,P01736,P01310,tenant,CASE0014
REL00704,P00865,P00705,tenant,CASE0059
REL00705,P01150,P01517,family,CASE0215
REL00706,P00014,P00162,family,CASE0227
REL00707,P01699,P01658,associate,CASE0016
REL00708,P00736,P01765,employer,CASE0028
REL00709,P01099,P01919,tenant,CASE0187
REL00710,P01495,P00690,family,CASE0145
REL00711,P00190,P01752,tenant,CASE0201
REL00712,P01781,P00728,employer,CASE0144
REL00713,P01099,P01889,employer,CASE0077
REL00714,P01584,P01355,facilitator,CASE0073
REL00715,P01131,P00736,tenant,CASE0101
REL00716,P01781,P00286,associate,CASE0135
REL00717,P01233,P00736,business_partner,CASE0176
REL00718,P00055,P01555,employer,CASE0193
REL00719,P00705,P01233,associate,CASE0182
REL00720,P00319,P00601,business_partner,CASE0143
REL00721,P00748,P00319,employer,CASE0127
REL00722,P01993,P00210,family,CASE0004
REL00723,P01584,P00748,tenant,CASE0193
REL00724,P01207,P01035,associate,CASE0215
REL00725,P01355,P01584,facilitator,CASE0010
REL00726,P00207,P00776,facilitator,CASE0096
REL00727,P00210,P00448,family,CASE0076
REL00728,P00192,P00334,family,CASE0185
REL00729,P01709,P00162,business_partner,CASE0013
REL00730,P01658,P00448,family,CASE0122
REL00731,P01564,P01233,employer,CASE0171
REL00732,P01699,P00542,facilitator,CASE0204
REL00733,P01207,P00690,employer,CASE0122
REL00734,P00477,P01814,tenant,CASE0156
REL00735,P00941,P01775,associate,CASE0003
REL00736,P00094,P00430,family,CASE0009
REL00737,P00860,P00866,family,CASE0020
REL00738,P01519,P01736,employer,CASE0206
REL00739,P01699,P01183,associate,CASE0176
REL00740,P00229,P00319,tenant,CASE0013
REL00741,P00690,P01752,business_partner,CASE0033
REL00742,P00570,P00210,employer,CASE0108
REL00743,P00089,P01889,employer,CASE0044
REL00744,P01467,P01765,tenant,CASE0214
REL00745,P01288,P01443,business_partner,CASE0087
REL00746,P00430,P01919,business_partner,CASE0085
REL00747,P01233,P00748,employer,CASE0136
REL00748,P00458,P00601,tenant,CASE0047
REL00749,P01564,P00286,employer,CASE0123
REL00750,P01310,P01467,family,CASE0067
REL00751,P01310,P00542,facilitator,CASE0059
REL00752,P00441,P00452,family,CASE0104
REL00753,P00286,P00564,tenant,CASE0147
REL00754,P00094,P00014,associate,CASE0211
REL00755,P00192,P01467,associate,CASE0148
REL00756,P00448,P01386,employer,CASE0207
REL00757,P01584,P00929,facilitator,CASE0169
REL00758,P01584,P00179,facilitator,CASE0170
REL00759,P01889,P00697,employer,CASE0049
REL00760,P00448,P00408,facilitator,CASE0033
REL00761,P00143,P01653,employer,CASE0191
REL00762,P01653,P00441,facilitator,CASE0058
REL00763,P01437,P01509,business_partner,CASE0169
REL00764,P00458,P00570,associate,CASE0002
REL00765,P00477,P01993,facilitator,CASE0192
REL00766,P00547,P01775,business_partner,CASE0090
REL00767,P01709,P01775,business_partner,CASE0015
REL00768,P00199,P00547,business_partner,CASE0053
REL00769,P00143,P01658,employer,CASE0170
REL00770,P01889,P01584,facilitator,CASE0056
REL00771,P01889,P00094,associate,CASE0045
REL00772,P00256,P01443,associate,CASE0014
REL00773,P01653,P01117,employer,CASE0063
REL00774,P01210,P01651,facilitator,CASE0205
REL00775,P01099,P00728,business_partner,CASE0095
REL00776,P00066,P01919,business_partner,CASE0228
REL00777,P00697,P01781,employer,CASE0196
REL00778,P00408,P00394,associate,CASE0195
REL00779,P01658,P00430,employer,CASE0155
REL00780,P01467,P01443,business_partner,CASE0122
REL00781,P01765,P00748,family,CASE0214
REL00782,P01302,P00089,facilitator,CASE0046
REL00783,P01495,P01438,tenant,CASE0027
REL00784,P01775,P01752,family,CASE0163
REL00785,P00055,P00229,tenant,CASE0220
REL00786,P00094,P00327,associate,CASE0059
REL00787,P00394,P01699,employer,CASE0071
REL00788,P01752,P00014,associate,CASE0186
REL00789,P00199,P00866,employer,CASE0036
REL00790,P01288,P01517,family,CASE0114
REL00791,P01437,P01564,facilitator,CASE0062
REL00792,P01752,P00143,tenant,CASE0024
REL00793,P01658,P00759,business_partner,CASE0091
REL00794,P00066,P01183,tenant,CASE0198
REL00795,P01035,P00192,facilitator,CASE0064
REL00796,P01658,P00094,tenant,CASE0084
REL00797,P01288,P01752,facilitator,CASE0190
REL00798,P00776,P00055,facilitator,CASE0014
REL00799,P00207,P01699,employer,CASE0110
REL00800,P01775,P01437,family,CASE0238
REL00801,P00066,P01709,tenant,CASE0159
REL00802,P01828,P00089,employer,CASE0041
REL00803,P01889,P01150,tenant,CASE0236
REL00804,P00014,P01517,facilitator,CASE0004
REL00805,P01564,P01288,business_partner,CASE0224
REL00806,P00286,P00741,tenant,CASE0074
REL00807,P00929,P00441,associate,CASE0187
REL00808,P01310,P01437,employer,CASE0079
REL00809,P01099,P01437,employer,CASE0048
REL00810,P00593,P00430,business_partner,CASE0029
REL00811,P00477,P00547,tenant,CASE0145
REL00812,P01495,P01828,family,CASE0086
REL00813,P00759,P00601,tenant,CASE0091
REL00814,P01437,P00779,family,CASE0144
REL00815,P01509,P00319,associate,CASE0111
REL00816,P01775,P01233,family,CASE0034
REL00817,P01736,P01828,family,CASE0078
REL00818,P00062,P00394,tenant,CASE0118
REL00819,P01443,P01651,business_partner,CASE0118
REL00820,P00430,P01035,family,CASE0205
REL00821,P01555,P01150,business_partner,CASE0155
REL00822,P01430,P00728,family,CASE0035
REL00823,P00564,P01889,facilitator,CASE0098
REL00824,P00865,P01373,tenant,CASE0204
REL00825,P00920,P01237,employer,CASE0178
REL00826,P01919,P00164,family,CASE0105
REL00827,P00179,P01150,family,CASE0105
REL00828,P01961,P01430,facilitator,CASE0105
REL00829,P00741,P00542,associate,CASE0162
REL00830,P00441,P00728,employer,CASE0196
REL00831,P01288,P01150,business_partner,CASE0184
REL00832,P00256,P01509,associate,CASE0036
REL00833,P01438,P01765,family,CASE0005
REL00834,P00601,P00441,associate,CASE0021
REL00835,P01658,P01709,family,CASE0009
REL00836,P00190,P00286,associate,CASE0203
REL00837,P00759,P00776,associate,CASE0010
REL00838,P00207,P01207,facilitator,CASE0200
REL00839,P01437,P00327,family,CASE0084
REL00840,P01993,P01814,employer,CASE0106
REL00841,P01584,P00564,associate,CASE0135
REL00842,P01210,P00547,family,CASE0155
REL00843,P00570,P01765,tenant,CASE0202
REL00844,P01373,P00066,employer,CASE0072
REL00845,P01555,P01919,facilitator,CASE0199
REL00846,P00089,P00866,tenant,CASE0196
REL00847,P00728,P01355,associate,CASE0227
REL00848,P01651,P01519,employer,CASE0210
REL00849,P01709,P01467,tenant,CASE0195
REL00850,P00564,P00477,business_partner,CASE0164
REL00851,P01443,P00776,tenant,CASE0219
REL00852,P01210,P01467,business_partner,CASE0133
REL00853,P01961,P00334,facilitator,CASE0215
REL00854,P00477,P00319,business_partner,CASE0121
REL00855,P00162,P00190,business_partner,CASE0112
REL00856,P00229,P01519,employer,CASE0122
REL00857,P00286,P00014,tenant,CASE0173
REL00858,P00094,P01150,facilitator,CASE0152
REL00859,P00690,P01355,family,CASE0082
REL00860,P00779,P00430,tenant,CASE0021
REL00861,P00052,P00866,employer,CASE0231
REL00862,P00866,P00190,family,CASE0142
REL00863,P00199,P00860,business_partner,CASE0032
REL00864,P00458,P00408,facilitator,CASE0231
REL00865,P00062,P01430,facilitator,CASE0175
REL00866,P00866,P00448,facilitator,CASE0200
REL00867,P00705,P01355,facilitator,CASE0196
REL00868,P01150,P01961,tenant,CASE0040
REL00869,P00164,P00286,tenant,CASE0085
REL00870,P01509,P00190,employer,CASE0004
REL00871,P00467,P01430,tenant,CASE0141
REL00872,P01467,P01653,tenant,CASE0153
REL00873,P00062,P00776,facilitator,CASE0043
REL00874,P00192,P00741,family,CASE0096
REL00875,P01775,P01207,business_partner,CASE0029
REL00876,P01509,P00408,family,CASE0227
REL00877,P01961,P01438,associate,CASE0081
REL00878,P00441,P00564,facilitator,CASE0112
REL00879,P00179,P01509,associate,CASE0153
REL00880,P01331,P01131,tenant,CASE0118
REL00881,P00736,P01386,family,CASE0240
REL00882,P01131,P00430,business_partner,CASE0176
REL00883,P00929,P00394,family,CASE0045
REL00884,P00865,P00207,associate,CASE0003
REL00885,P00408,P01207,associate,CASE0052
REL00886,P00210,P01709,business_partner,CASE0194
REL00887,P00690,P01828,family,CASE0089
REL00888,P01919,P01752,associate,CASE0015
REL00889,P01814,P00207,facilitator,CASE0223
REL00890,P00190,P00089,tenant,CASE0194
REL00891,P00052,P01961,associate,CASE0224
REL00892,P00776,P00448,facilitator,CASE0232
REL00893,P01117,P00094,facilitator,CASE0192
REL00894,P01430,P01288,facilitator,CASE0098
REL00895,P01658,P01651,associate,CASE0197
REL00896,P01210,P00229,facilitator,CASE0155
REL00897,P00394,P01993,tenant,CASE0133
REL00898,P00452,P00256,family,CASE0168
REL00899,P01438,P01310,family,CASE0195
REL00900,P01233,P00601,employer,CASE0020
REL00901,P00394,P00334,associate,CASE0119
REL00902,P00094,P01131,family,CASE0019
REL00903,P01517,P01233,associate,CASE0123
REL00904,P00728,P01752,employer,CASE0102
REL00905,P00408,P01288,family,CASE0113
REL00906,P01495,P00860,employer,CASE0093
REL00907,P00860,P00920,family,CASE0180
REL00908,P01150,P00866,family,CASE0189
REL00909,P01131,P00441,family,CASE0224
REL00910,P00736,P00542,employer,CASE0037
REL00911,P01919,P01814,business_partner,CASE0008
REL00912,P00162,P01310,tenant,CASE0018
REL00913,P00776,P01517,facilitator,CASE0159
REL00914,P00192,P00052,tenant,CASE0176
REL00915,P00741,P00941,facilitator,CASE0192
REL00916,P01555,P01331,tenant,CASE0098
REL00917,P00207,P00736,business_partner,CASE0095
REL00918,P00430,P00705,associate,CASE0192
REL00919,P00477,P00728,facilitator,CASE0187
REL00920,P01437,P00327,associate,CASE0118
REL00921,P00866,P00941,employer,CASE0153
REL00922,P01302,P01709,tenant,CASE0160
REL00923,P01443,P00929,tenant,CASE0066
REL00924,P00256,P01237,business_partner,CASE0192
REL00925,P01386,P00601,facilitator,CASE0162
REL00926,P00865,P01993,employer,CASE0163
REL00927,P00229,P00441,business_partner,CASE0069
REL00928,P01467,P00866,family,CASE0035
REL00929,P01150,P01355,employer,CASE0100
REL00930,P00179,P01961,tenant,CASE0179
REL00931,P01210,P00014,business_partner,CASE0123
REL00932,P00062,P01310,associate,CASE0016
REL00933,P01438,P00164,family,CASE0078
REL00934,P00441,P00690,family,CASE0150
REL00935,P00941,P00697,family,CASE0025
REL00936,P00319,P00207,tenant,CASE0164
REL00937,P01355,P00728,associate,CASE0135
REL00938,P00319,P00190,facilitator,CASE0169
REL00939,P00920,P00547,family,CASE0013
REL00940,P00052,P00094,tenant,CASE0001
REL00941,P01443,P01331,employer,CASE0173
REL00942,P01658,P01331,employer,CASE0204
REL00943,P01467,P01117,family,CASE0138
REL00944,P00014,P01509,tenant,CASE0095
REL00945,P01131,P01310,facilitator,CASE0030
REL00946,P01993,P01814,associate,CASE0026
REL00947,P00014,P00477,business_partner,CASE0064
REL00948,P00143,P00547,tenant,CASE0067
REL00949,P01210,P00929,tenant,CASE0128
REL00950,P01752,P00430,tenant,CASE0124
REL00951,P00210,P00920,business_partner,CASE0125
REL00952,P01517,P01775,tenant,CASE0003
REL00953,P01517,P01237,business_partner,CASE0037
REL00954,P01736,P01752,family,CASE0063
REL00955,P00776,P00066,family,CASE0146
REL00956,P00210,P00430,facilitator,CASE0160
REL00957,P00458,P01584,facilitator,CASE0016
REL00958,P00408,P01961,family,CASE0149
REL00959,P00327,P01752,tenant,CASE0018
REL00960,P00690,P01430,employer,CASE0119
REL00961,P00477,P00452,associate,CASE0011
REL00962,P00920,P00055,associate,CASE0211
REL00963,P01438,P00866,family,CASE0023
REL00964,P00776,P01438,facilitator,CASE0164
REL00965,P00564,P01889,tenant,CASE0009
REL00966,P00728,P01302,employer,CASE0203
REL00967,P01765,P01699,tenant,CASE0028
REL00968,P01584,P01509,business_partner,CASE0097
REL00969,P00477,P01437,family,CASE0208
REL00970,P01555,P01267,facilitator,CASE0106
REL00971,P00741,P00199,employer,CASE0009
REL00972,P00542,P01331,facilitator,CASE0104
REL00973,P01437,P01889,associate,CASE0042
REL00974,P01509,P00094,employer,CASE0085
REL00975,P01736,P01331,family,CASE0139
REL00976,P00408,P00207,associate,CASE0240
REL00977,P00458,P00759,tenant,CASE0032
REL00978,P01519,P00866,associate,CASE0050
REL00979,P00920,P01961,business_partner,CASE0126
REL00980,P00052,P00728,tenant,CASE0231
REL00981,P00601,P01736,tenant,CASE0044
REL00982,P01709,P01467,family,CASE0157
REL00983,P01302,P00542,employer,CASE0141
REL00984,P00430,P00741,associate,CASE0027
REL00985,P00929,P01443,family,CASE0155
REL00986,P01658,P00477,family,CASE0206
REL00987,P01564,P01099,associate,CASE0083
REL00988,P01430,P00089,employer,CASE0047
REL00989,P01099,P01035,facilitator,CASE0166
REL00990,P01752,P01653,facilitator,CASE0185
REL00991,P01210,P00162,employer,CASE0035
REL00992,P01653,P00705,employer,CASE0040
REL00993,P00860,P01099,facilitator,CASE0092
REL00994,P01210,P01331,associate,CASE0099
REL00995,P00779,P01150,business_partner,CASE0205
REL00996,P00779,P01288,associate,CASE0038
REL00997,P01267,P01564,family,CASE0213
REL00998,P00570,P00089,facilitator,CASE0215
REL00999,P01555,P00256,facilitator,CASE0188
REL01000,P00192,P00066,associate,CASE0234
REL01001,P01443,P01961,facilitator,CASE0045
REL01002,P00430,P01775,employer,CASE0013
REL01003,P00319,P00941,employer,CASE0147
REL01004,P01658,P00199,tenant,CASE0225
REL01005,P00207,P00776,employer,CASE0044
REL01006,P00865,P00741,family,CASE0170
REL01007,P01555,P01775,associate,CASE0177
REL01008,P00448,P01099,business_partner,CASE0175
REL01009,P01736,P00327,facilitator,CASE0068
REL01010,P00448,P01430,business_partner,CASE0053
REL01011,P00736,P01035,facilitator,CASE0139
REL01012,P01584,P00542,facilitator,CASE0006
REL01013,P00066,P00920,facilitator,CASE0204
REL01014,P01961,P00748,facilitator,CASE0138
REL01015,P00860,P00164,business_partner,CASE0213
REL01016,P01267,P00542,family,CASE0088
REL01017,P01386,P01584,facilitator,CASE0031
REL01018,P00697,P01517,associate,CASE0175
REL01019,P01267,P01310,facilitator,CASE0037
REL01020,P00601,P00448,employer,CASE0204
REL01021,P01814,P01752,employer,CASE0091
REL01022,P01709,P01658,tenant,CASE0009
REL01023,P00089,P00865,employer,CASE0041
REL01024,P00334,P01233,employer,CASE0022
REL01025,P01709,P00319,associate,CASE0003
REL01026,P00334,P00094,facilitator,CASE0126
REL01027,P00690,P00502,facilitator,CASE0033
REL01028,P00190,P00143,business_partner,CASE0111
REL01029,P01509,P01752,associate,CASE0221
REL01030,P00210,P01993,employer,CASE0027
REL01031,P00920,P00564,business_partner,CASE0070
REL01032,P00601,P00210,associate,CASE0182
REL01033,P00394,P01919,business_partner,CASE0019
REL01034,P01131,P00452,facilitator,CASE0198
REL01035,P01302,P01564,business_partner,CASE0022
REL01036,P01564,P01233,business_partner,CASE0008
REL01037,P01651,P00408,family,CASE0124
REL01038,P01355,P00458,facilitator,CASE0027
REL01039,P00210,P00865,tenant,CASE0088
REL01040,P00286,P00502,business_partner,CASE0188
REL01041,P01752,P01495,facilitator,CASE0182
REL01042,P00430,P01430,family,CASE0168
REL01043,P00334,P00143,tenant,CASE0015
REL01044,P00458,P00327,business_partner,CASE0016
REL01045,P01814,P00062,employer,CASE0043
REL01046,P01699,P01919,facilitator,CASE0028
REL01047,P00256,P00199,tenant,CASE0234
REL01048,P01131,P01373,facilitator,CASE0183
REL01049,P00728,P00601,facilitator,CASE0045
REL01050,P01210,P00014,family,CASE0006
REL01051,P01443,P00690,business_partner,CASE0088
REL01052,P01150,P00542,facilitator,CASE0109
REL01053,P00441,P01517,tenant,CASE0222
REL01054,P00055,P01919,business_partner,CASE0196
REL01055,P00477,P01775,family,CASE0029
REL01056,P01658,P01035,tenant,CASE0038
REL01057,P00062,P01150,employer,CASE0134
REL01058,P00779,P00334,employer,CASE0086
REL01059,P00502,P00256,facilitator,CASE0010
REL01060,P00866,P01564,associate,CASE0212
REL01061,P00430,P00690,associate,CASE0234
REL01062,P01889,P01495,family,CASE0181
REL01063,P01150,P00199,family,CASE0057
REL01064,P01430,P01150,facilitator,CASE0067
REL01065,P00741,P00066,family,CASE0031
REL01066,P00601,P00776,family,CASE0028
REL01067,P00190,P00779,tenant,CASE0122
REL01068,P00690,P01509,employer,CASE0143
REL01069,P01555,P01099,facilitator,CASE0164
REL01070,P00941,P00593,family,CASE0157
REL01071,P00199,P00452,family,CASE0208
REL01072,P00920,P00164,business_partner,CASE0094
REL01073,P00741,P00143,tenant,CASE0044
REL01074,P00705,P00570,associate,CASE0135
REL01075,P00467,P00690,business_partner,CASE0020
REL01076,P00286,P01430,associate,CASE0167
REL01077,P01517,P00728,tenant,CASE0164
REL01078,P01207,P00089,tenant,CASE0088
REL01079,P00394,P01099,family,CASE0097
REL01080,P01993,P01564,family,CASE0114
REL01081,P00564,P00394,family,CASE0083
REL01082,P01386,P00705,family,CASE0148
REL01083,P00941,P00477,business_partner,CASE0007
REL01084,P00319,P01438,tenant,CASE0136
REL01085,P00452,P01699,facilitator,CASE0212
REL01086,P00741,P00736,employer,CASE0217
REL01087,P00014,P01519,tenant,CASE0228
REL01088,P01653,P01131,business_partner,CASE0116
REL01089,P00929,P00728,family,CASE0135
REL01090,P00920,P01386,family,CASE0176
REL01091,P01355,P00547,family,CASE0041
REL01092,P00570,P01210,facilitator,CASE0204
REL01093,P01035,P00190,associate,CASE0080
REL01094,P00458,P00547,family,CASE0131
REL01095,P00458,P00477,business_partner,CASE0007
REL01096,P00929,P01310,tenant,CASE0123
REL01097,P01658,P01584,business_partner,CASE0076
REL01098,P01658,P00542,employer,CASE0214
REL01099,P01386,P01653,employer,CASE0032
REL01100,P01131,P00570,tenant,CASE0002
REL01101,P01509,P01653,business_partner,CASE0220
REL01102,P00705,P00327,tenant,CASE0198
REL01103,P01355,P00014,employer,CASE0024
REL01104,P01233,P01517,employer,CASE0181
REL01105,P00776,P00448,family,CASE0017
REL01106,P01117,P01555,associate,CASE0151
REL01107,P00207,P00199,employer,CASE0201
REL01108,P01207,P01564,tenant,CASE0105
REL01109,P01828,P01653,business_partner,CASE0155
REL01110,P01709,P01765,employer,CASE0080
REL01111,P01781,P00860,facilitator,CASE0084
REL01112,P01302,P01651,tenant,CASE0158
REL01113,P01775,P00690,tenant,CASE0037
REL01114,P00164,P01658,business_partner,CASE0127
REL01115,P00779,P01331,business_partner,CASE0114
REL01116,P00143,P01781,business_partner,CASE0008
REL01117,P01437,P01961,tenant,CASE0171
REL01118,P01814,P01781,family,CASE0102
REL01119,P00570,P01555,family,CASE0219
REL01120,P00866,P01509,facilitator,CASE0010
REL01121,P00229,P01765,business_partner,CASE0205
REL01122,P01302,P00705,business_partner,CASE0225
REL01123,P01919,P00408,business_partner,CASE0017
REL01124,P00929,P00210,family,CASE0210
REL01125,P01438,P00728,business_partner,CASE0008
REL01126,P00190,P01131,tenant,CASE0181
REL01127,P00779,P00776,tenant,CASE0134
REL01128,P01555,P01814,tenant,CASE0144
REL01129,P00477,P00542,family,CASE0123
REL01130,P00089,P00334,business_partner,CASE0222
REL01131,P00162,P00089,business_partner,CASE0044
REL01132,P01267,P00477,business_partner,CASE0157
REL01133,P00929,P01775,family,CASE0052
REL01134,P00143,P00094,family,CASE0218
REL01135,P01117,P00547,associate,CASE0128
REL01136,P00394,P01210,associate,CASE0065
REL01137,P01919,P01210,employer,CASE0141
REL01138,P00062,P01517,employer,CASE0004
REL01139,P00408,P01736,associate,CASE0020
REL01140,P00759,P01386,associate,CASE0200
REL01141,P00408,P01519,tenant,CASE0208
REL01142,P01207,P00094,business_partner,CASE0115
REL01143,P01437,P01752,facilitator,CASE0049
REL01144,P00229,P00055,facilitator,CASE0005
REL01145,P00229,P01781,business_partner,CASE0040
REL01146,P01035,P01555,facilitator,CASE0053
REL01147,P00866,P00502,family,CASE0102
REL01148,P00164,P01302,business_partner,CASE0118
REL01149,P01099,P01828,associate,CASE0098
REL01150,P01467,P01651,family,CASE0128
REL01151,P00199,P01709,facilitator,CASE0171
REL01152,P00334,P00199,tenant,CASE0057
REL01153,P00705,P01781,facilitator,CASE0053
REL01154,P01355,P00570,associate,CASE0045
REL01155,P01117,P00458,associate,CASE0007
REL01156,P00941,P01828,family,CASE0144
REL01157,P00192,P01961,business_partner,CASE0032
REL01158,P01302,P01993,associate,CASE0182
REL01159,P01961,P00570,tenant,CASE0236
REL01160,P01658,P01099,family,CASE0122
REL01161,P01210,P00089,facilitator,CASE0044
REL01162,P01237,P00094,associate,CASE0162
REL01163,P00394,P00210,associate,CASE0008
REL01164,P01651,P01889,business_partner,CASE0141
REL01165,P00062,P01438,tenant,CASE0209
REL01166,P01310,P01781,family,CASE0100
REL01167,P01828,P00327,employer,CASE0105
REL01168,P01889,P00705,employer,CASE0216
REL01169,P01386,P00066,business_partner,CASE0231
REL01170,P00286,P01355,business_partner,CASE0004
REL01171,P00441,P01331,tenant,CASE0188
REL01172,P00779,P00458,employer,CASE0121
REL01173,P00164,P01150,employer,CASE0082
REL01174,P00448,P00564,employer,CASE0059
REL01175,P01302,P00502,business_partner,CASE0046
REL01176,P01584,P00199,business_partner,CASE0163
REL01177,P00162,P01310,facilitator,CASE0009
REL01178,P01584,P00547,facilitator,CASE0203
REL01179,P01183,P00199,tenant,CASE0139
REL01180,P00467,P00062,family,CASE0182
REL01181,P01709,P00199,associate,CASE0028
REL01182,P00179,P01993,family,CASE0119
REL01183,P00547,P01237,associate,CASE0170
REL01184,P00705,P00601,associate,CASE0172
REL01185,P01495,P01310,business_partner,CASE0162
REL01186,P01781,P00866,employer,CASE0011
REL01187,P00860,P01814,family,CASE0022
REL01188,P00779,P00542,business_partner,CASE0101
REL01189,P01781,P00601,employer,CASE0156
REL01190,P01919,P01183,employer,CASE0028
REL01191,P01355,P00705,employer,CASE0162
REL01192,P00601,P00477,tenant,CASE0229
REL01193,P01099,P00929,family,CASE0092
REL01194,P00094,P00334,tenant,CASE0072
REL01195,P01919,P00728,associate,CASE0140
REL01196,P01564,P01889,associate,CASE0130
REL01197,P00741,P00477,tenant,CASE0018
REL01198,P01584,P00394,business_partner,CASE0063
REL01199,P01386,P01699,family,CASE0023
REL01200,P00199,P00564,associate,CASE0001
REL01201,P00089,P01467,facilitator,CASE0089
REL01202,P01183,P01310,family,CASE0185
REL01203,P01438,P00564,facilitator,CASE0174
REL01204,P00190,P01709,facilitator,CASE0159
REL01205,P01495,P01207,employer,CASE0082
REL01206,P01709,P00477,associate,CASE0169
REL01207,P00547,P01310,family,CASE0117
REL01208,P01709,P00256,associate,CASE0087
REL01209,P00748,P00089,family,CASE0152
REL01210,P01555,P01099,facilitator,CASE0129
REL01211,P01765,P00062,associate,CASE0018
REL01212,P00929,P01386,family,CASE0020
REL01213,P01355,P01150,business_partner,CASE0010
REL01214,P00865,P01814,business_partner,CASE0146
REL01215,P00319,P01775,family,CASE0011
REL01216,P01131,P00502,business_partner,CASE0169
REL01217,P01519,P00779,employer,CASE0033
REL01218,P00066,P00229,facilitator,CASE0167
REL01219,P00229,P01438,business_partner,CASE0148
REL01220,P00593,P00779,associate,CASE0050
REL01221,P01519,P00164,tenant,CASE0240
REL01222,P01355,P01438,business_partner,CASE0171
REL01223,P01555,P01651,tenant,CASE0193
REL01224,P00697,P01889,employer,CASE0226
REL01225,P01519,P01736,facilitator,CASE0226
REL01226,P01653,P00089,facilitator,CASE0121
REL01227,P00162,P01752,employer,CASE0062
REL01228,P00055,P01653,family,CASE0022
REL01229,P00759,P00920,facilitator,CASE0008
REL01230,P00199,P00448,facilitator,CASE0151
REL01231,P01443,P00542,facilitator,CASE0121
REL01232,P00920,P00741,tenant,CASE0131
REL01233,P00570,P00748,employer,CASE0103
REL01234,P00327,P00162,facilitator,CASE0161
REL01235,P00089,P01584,business_partner,CASE0041
REL01236,P00062,P01099,tenant,CASE0031
REL01237,P00052,P01765,employer,CASE0151
REL01238,P00941,P00199,family,CASE0141
REL01239,P01117,P01961,family,CASE0174
REL01240,P01775,P01584,business_partner,CASE0058
REL01241,P00728,P01210,associate,CASE0179
REL01242,P00190,P00055,facilitator,CASE0033
REL01243,P01828,P00467,business_partner,CASE0113
REL01244,P01150,P01709,associate,CASE0072
REL01245,P01207,P01775,family,CASE0171
REL01246,P01437,P00094,family,CASE0050
REL01247,P01302,P01355,associate,CASE0167
REL01248,P00452,P01430,facilitator,CASE0056
REL01249,P01131,P00256,tenant,CASE0154
REL01250,P01355,P00207,tenant,CASE0126
REL01251,P00866,P00502,family,CASE0222
REL01252,P00319,P01584,associate,CASE0220
REL01253,P00094,P01310,facilitator,CASE0023
REL01254,P01781,P00570,business_partner,CASE0012
REL01255,P01467,P00452,associate,CASE0106
REL01256,P01430,P01699,business_partner,CASE0140
REL01257,P00394,P01210,family,CASE0171
REL01258,P00179,P00542,tenant,CASE0074
REL01259,P00865,P00477,business_partner,CASE0102
REL01260,P00394,P01131,employer,CASE0024
REL01261,P00542,P01993,family,CASE0090
REL01262,P00690,P01961,employer,CASE0175
REL01263,P00502,P00467,associate,CASE0127
REL01264,P00229,P01207,facilitator,CASE0055
REL01265,P00162,P00256,facilitator,CASE0202
REL01266,P00741,P01099,tenant,CASE0221
REL01267,P01993,P00865,employer,CASE0025
REL01268,P01765,P00593,employer,CASE0229
REL01269,P01495,P00759,employer,CASE0029
REL01270,P00542,P00334,facilitator,CASE0101
REL01271,P00941,P01564,facilitator,CASE0163
REL01272,P01564,P00143,business_partner,CASE0059
REL01273,P00430,P01828,tenant,CASE0044
REL01274,P01775,P00052,family,CASE0057
REL01275,P01775,P00014,associate,CASE0154
REL01276,P01331,P01467,tenant,CASE0158
REL01277,P00448,P01443,employer,CASE0204
REL01278,P00207,P00736,employer,CASE0080
REL01279,P00601,P00458,facilitator,CASE0068
REL01280,P00229,P01373,tenant,CASE0025
REL01281,P01564,P01993,associate,CASE0131
REL01282,P00697,P00920,facilitator,CASE0175
REL01283,P00408,P01438,tenant,CASE0180
REL01284,P01781,P01584,family,CASE0004
REL01285,P00207,P00094,employer,CASE0033
REL01286,P00394,P01651,tenant,CASE0120
REL01287,P00207,P01828,associate,CASE0106
REL01288,P00593,P01310,tenant,CASE0168
REL01289,P01919,P01233,tenant,CASE0174
REL01290,P01495,P01331,family,CASE0058
REL01291,P01564,P01233,family,CASE0198
REL01292,P00408,P00062,family,CASE0092
REL01293,P00448,P00736,family,CASE0158
REL01294,P00941,P00705,facilitator,CASE0233
REL01295,P00593,P00014,family,CASE0179
REL01296,P01183,P01331,employer,CASE0211
REL01297,P00736,P01699,employer,CASE0011
REL01298,P01237,P00570,associate,CASE0108
REL01299,P01331,P01302,associate,CASE0162
REL01300,P00164,P00467,business_partner,CASE0105
REL01301,P01430,P01302,business_partner,CASE0023
REL01302,P01517,P01919,tenant,CASE0208
REL01303,P00741,P00779,family,CASE0136
REL01304,P01437,P00467,associate,CASE0173
REL01305,P01584,P01233,business_partner,CASE0164
REL01306,P00143,P01519,associate,CASE0217
REL01307,P01814,P01438,business_partner,CASE0105
REL01308,P01519,P00179,business_partner,CASE0144
REL01309,P01331,P00055,facilitator,CASE0020
REL01310,P01443,P00452,tenant,CASE0071
REL01311,P00441,P00601,tenant,CASE0062
REL01312,P01310,P01828,facilitator,CASE0123
REL01313,P00179,P00467,business_partner,CASE0077
REL01314,P00477,P01430,associate,CASE0088
REL01315,P01651,P01993,tenant,CASE0055
REL01316,P01564,P00929,employer,CASE0091
REL01317,P00467,P00759,tenant,CASE0068
REL01318,P01099,P00697,business_partner,CASE0123
REL01319,P00759,P00408,facilitator,CASE0110
REL01320,P01775,P00327,associate,CASE0222
REL01321,P01889,P01555,facilitator,CASE0050
REL01322,P00452,P01919,tenant,CASE0172
REL01323,P01210,P01889,tenant,CASE0104
REL01324,P00014,P00286,associate,CASE0079
REL01325,P00207,P00728,business_partner,CASE0165
REL01326,P01310,P00502,associate,CASE0029
REL01327,P01653,P01467,associate,CASE0179
REL01328,P00929,P00601,employer,CASE0058
REL01329,P00210,P00408,associate,CASE0190
REL01330,P00319,P01331,family,CASE0168
REL01331,P00458,P01775,associate,CASE0001
REL01332,P01752,P01509,associate,CASE0166
REL01333,P00866,P01443,family,CASE0151
REL01334,P00705,P00207,family,CASE0237
REL01335,P01555,P00564,facilitator,CASE0167
REL01336,P01509,P00052,tenant,CASE0046
REL01337,P01555,P01658,associate,CASE0134
REL01338,P01495,P01993,associate,CASE0016
REL01339,P01653,P00062,tenant,CASE0018
REL01340,P00502,P01961,family,CASE0096
REL01341,P00430,P00164,associate,CASE0039
REL01342,P01443,P01775,associate,CASE0178
REL01343,P00542,P01183,facilitator,CASE0044
REL01344,P01993,P01183,facilitator,CASE0004
REL01345,P00052,P00477,facilitator,CASE0168
REL01346,P00199,P01889,tenant,CASE0092
REL01347,P00164,P00430,family,CASE0094
REL01348,P01653,P00062,business_partner,CASE0062
REL01349,P00062,P00458,business_partner,CASE0104
REL01350,P00741,P01288,business_partner,CASE0094
REL01351,P00776,P01828,associate,CASE0195
REL01352,P00394,P00593,family,CASE0188
REL01353,P01099,P00066,business_partner,CASE0027
REL01354,P00199,P00066,family,CASE0114
REL01355,P01653,P00542,associate,CASE0144
REL01356,P01035,P01993,associate,CASE0205
REL01357,P01961,P00094,business_partner,CASE0163
REL01358,P00728,P00210,family,CASE0100
REL01359,P01752,P01035,business_partner,CASE0153
REL01360,P01210,P01386,facilitator,CASE0070
REL01361,P00690,P01658,family,CASE0124
REL01362,P01775,P00865,associate,CASE0010
REL01363,P01438,P01993,family,CASE0094
REL01364,P01993,P01430,business_partner,CASE0074
REL01365,P00779,P00327,tenant,CASE0207
REL01366,P01117,P01443,facilitator,CASE0164
REL01367,P00199,P00564,tenant,CASE0133
REL01368,P00164,P01651,facilitator,CASE0226
REL01369,P01814,P00448,business_partner,CASE0201
REL01370,P00192,P00779,employer,CASE0186
REL01371,P01443,P00192,tenant,CASE0224
REL01372,P00256,P01443,associate,CASE0045
REL01373,P01035,P01386,business_partner,CASE0126
REL01374,P01736,P00207,employer,CASE0162
REL01375,P01233,P00199,associate,CASE0010
REL01376,P00089,P01131,tenant,CASE0144
REL01377,P00759,P00164,tenant,CASE0046
REL01378,P01961,P01564,associate,CASE0138
REL01379,P00143,P00564,family,CASE0149
REL01380,P01443,P01099,tenant,CASE0041
REL01381,P01519,P01233,associate,CASE0115
REL01382,P01099,P01438,family,CASE0066
REL01383,P00452,P00207,employer,CASE0095
REL01384,P00286,P00458,associate,CASE0052
REL01385,P01781,P00779,facilitator,CASE0040
REL01386,P00941,P01736,associate,CASE0048
REL01387,P00570,P01267,employer,CASE0156
REL01388,P00860,P00929,family,CASE0170
REL01389,P00748,P01237,family,CASE0194
REL01390,P00697,P01993,facilitator,CASE0108
REL01391,P00286,P00467,family,CASE0201
REL01392,P01658,P01828,associate,CASE0102
REL01393,P01310,P00334,business_partner,CASE0236
REL01394,P01961,P00192,tenant,CASE0113
REL01395,P00736,P00502,family,CASE0225
REL01396,P00256,P01386,business_partner,CASE0009
REL01397,P01438,P00458,tenant,CASE0186
REL01398,P00542,P00286,family,CASE0094
REL01399,P00062,P00448,family,CASE0049
REL01400,P01035,P00728,employer,CASE0071
REL01401,P00190,P01355,associate,CASE0099
REL01402,P00319,P00448,associate,CASE0237
REL01403,P01467,P00334,employer,CASE0011
REL01404,P01237,P01288,facilitator,CASE0213
REL01405,P01658,P01584,employer,CASE0137
REL01406,P01467,P00179,associate,CASE0200
REL01407,P01699,P00052,tenant,CASE0202
REL01408,P01183,P00327,tenant,CASE0195
REL01409,P00408,P00542,family,CASE0149
REL01410,P01437,P01438,facilitator,CASE0013
REL01411,P00860,P00441,facilitator,CASE0206
REL01412,P01437,P00941,employer,CASE0116
REL01413,P00458,P01467,family,CASE0202
REL01414,P01584,P00458,facilitator,CASE0240
REL01415,P00408,P01555,business_partner,CASE0031
REL01416,P00210,P00334,employer,CASE0200
REL01417,P01267,P01658,family,CASE0062
REL01418,P00190,P01117,facilitator,CASE0073
REL01419,P00467,P00089,associate,CASE0125
REL01420,P00164,P01430,tenant,CASE0221
REL01421,P01775,P00162,associate,CASE0105
REL01422,P00728,P00162,facilitator,CASE0179
REL01423,P01207,P01781,business_partner,CASE0088
REL01424,P01373,P00089,tenant,CASE0201
REL01425,P01495,P01207,business_partner,CASE0223
REL01426,P00179,P01035,business_partner,CASE0190
REL01427,P01509,P00394,employer,CASE0059
REL01428,P00062,P00741,business_partner,CASE0150
REL01429,P00448,P00207,tenant,CASE0074
REL01430,P00229,P00929,associate,CASE0163
REL01431,P00286,P00199,tenant,CASE0025
REL01432,P01775,P00394,tenant,CASE0151
REL01433,P00776,P01584,employer,CASE0221
REL01434,P01288,P00759,tenant,CASE0158
REL01435,P00014,P00066,facilitator,CASE0020
REL01436,P00941,P01131,tenant,CASE0005
REL01437,P01117,P00448,tenant,CASE0087
REL01438,P00920,P01555,family,CASE0058
REL01439,P01889,P01961,tenant,CASE0025
REL01440,P01993,P00334,employer,CASE0194
REL01441,P01699,P01237,tenant,CASE0069
REL01442,P00094,P00207,employer,CASE0197
REL01443,P01814,P01386,tenant,CASE0179
REL01444,P01509,P01210,family,CASE0176
REL01445,P01993,P01131,business_partner,CASE0138
REL01446,P00759,P00860,associate,CASE0057
REL01447,P00865,P00327,employer,CASE0046
REL01448,P01386,P01117,family,CASE0076
REL01449,P00593,P01355,employer,CASE0101
REL01450,P00229,P00190,tenant,CASE0233
REL01451,P01658,P01302,family,CASE0198
REL01452,P00164,P00179,facilitator,CASE0039
REL01453,P00192,P01237,tenant,CASE0087
REL01454,P01443,P01765,associate,CASE0171
REL01455,P01736,P00192,family,CASE0217
REL01456,P00920,P01651,associate,CASE0038
REL01457,P00705,P00452,family,CASE0204
REL01458,P00564,P01373,business_partner,CASE0005
REL01459,P00748,P01438,tenant,CASE0220
REL01460,P00210,P00542,employer,CASE0228
REL01461,P00062,P01443,family,CASE0191
REL01462,P00866,P00779,associate,CASE0097
REL01463,P00570,P01961,tenant,CASE0210
REL01464,P00319,P00441,facilitator,CASE0127
REL01465,P01495,P00860,associate,CASE0222
REL01466,P01709,P00458,business_partner,CASE0126
REL01467,P01302,P00408,employer,CASE0189
REL01468,P00179,P01709,tenant,CASE0050
REL01469,P00327,P01437,business_partner,CASE0021
REL01470,P00164,P00190,facilitator,CASE0198
REL01471,P01814,P00929,tenant,CASE0109
REL01472,P00865,P01555,tenant,CASE0135
REL01473,P01775,P01495,associate,CASE0145
REL01474,P00697,P01467,business_partner,CASE0204
REL01475,P01752,P00164,employer,CASE0131
REL01476,P01781,P00094,business_partner,CASE0006
REL01477,P00748,P00089,facilitator,CASE0157
REL01478,P00334,P01752,family,CASE0126
REL01479,P01131,P00334,tenant,CASE0101
REL01480,P01099,P00502,business_partner,CASE0091
REL01481,P01555,P00467,associate,CASE0003
REL01482,P00570,P01237,associate,CASE0057
REL01483,P00210,P01765,tenant,CASE0073
REL01484,P01709,P00199,employer,CASE0078
REL01485,P01775,P00564,business_partner,CASE0050
REL01486,P00467,P00728,tenant,CASE0211
REL01487,P01961,P00690,family,CASE0078
REL01488,P01099,P01117,facilitator,CASE0015
REL01489,P01373,P00570,facilitator,CASE0081
REL01490,P00052,P00570,family,CASE0125
REL01491,P00441,P01210,associate,CASE0169
REL01492,P00229,P00728,employer,CASE0220
REL01493,P01437,P01775,tenant,CASE0022
REL01494,P00192,P00052,facilitator,CASE0065
REL01495,P01207,P01555,business_partner,CASE0208
REL01496,P01331,P00741,family,CASE0197
REL01497,P00199,P01288,family,CASE0078
REL01498,P01736,P00941,facilitator,CASE0212
REL01499,P01207,P00143,associate,CASE0118
REL01500,P01267,P01386,associate,CASE0060
REL01501,P00759,P01519,business_partner,CASE0056
REL01502,P00256,P00179,tenant,CASE0219
REL01503,P01961,P00164,family,CASE0108
REL01504,P00601,P00207,business_partner,CASE0012
REL01505,P01150,P01509,business_partner,CASE0105
REL01506,P01233,P01919,business_partner,CASE0163
REL01507,P01555,P01183,employer,CASE0146
REL01508,P01993,P00162,facilitator,CASE0046
REL01509,P00089,P00199,family,CASE0223
REL01510,P00736,P01288,family,CASE0075
REL01511,P00327,P00286,tenant,CASE0131
REL01512,P00286,P00860,facilitator,CASE0153
REL01513,P00929,P00192,tenant,CASE0168
REL01514,P00728,P01519,family,CASE0086
REL01515,P00542,P00779,tenant,CASE0113
REL01516,P00256,P01267,associate,CASE0050
REL01517,P01099,P00229,family,CASE0113
REL01518,P01035,P01183,tenant,CASE0044
REL01519,P01131,P01765,tenant,CASE0012
REL01520,P01653,P00741,business_partner,CASE0019
REL01521,P00452,P00430,associate,CASE0113
REL01522,P01443,P01814,business_partner,CASE0192
REL01523,P01035,P00319,family,CASE0208
REL01524,P01310,P00477,facilitator,CASE0105
REL01525,P01519,P00448,employer,CASE0148
REL01526,P00014,P00741,associate,CASE0125
REL01527,P00458,P00162,business_partner,CASE0070
REL01528,P01814,P00192,family,CASE0007
REL01529,P00601,P01117,business_partner,CASE0104
REL01530,P00502,P01467,business_partner,CASE0047
REL01531,P00542,P00920,facilitator,CASE0167
REL01532,P00865,P00430,facilitator,CASE0037
REL01533,P00179,P01961,employer,CASE0006
REL01534,P00448,P01267,associate,CASE0133
REL01535,P00014,P01131,family,CASE0206
REL01536,P00866,P01564,facilitator,CASE0225
REL01537,P00728,P00192,associate,CASE0230
REL01538,P00448,P00441,family,CASE0118
REL01539,P00564,P00547,tenant,CASE0121
REL01540,P01555,P00779,associate,CASE0031
REL01541,P00697,P01310,family,CASE0193
REL01542,P00190,P01828,tenant,CASE0137
REL01543,P00089,P01736,tenant,CASE0113
REL01544,P01509,P00066,facilitator,CASE0018
REL01545,P00564,P00502,employer,CASE0064
REL01546,P01781,P01961,business_partner,CASE0116
REL01547,P00564,P00052,associate,CASE0234
REL01548,P01555,P00192,family,CASE0040
REL01549,P01035,P00458,family,CASE0204
REL01550,P01653,P00094,associate,CASE0193
REL01551,P00164,P01495,facilitator,CASE0043
REL01552,P01443,P01814,facilitator,CASE0144
REL01553,P01310,P00089,tenant,CASE0220
REL01554,P00286,P01373,tenant,CASE0177
REL01555,P00229,P00066,associate,CASE0092
REL01556,P00736,P00062,tenant,CASE0091
REL01557,P00866,P01509,associate,CASE0129
REL01558,P01117,P01736,facilitator,CASE0095
REL01559,P01919,P01509,facilitator,CASE0216
REL01560,P00547,P00860,family,CASE0107
REL01561,P00164,P00452,family,CASE0039
REL01562,P00199,P01099,tenant,CASE0047
REL01563,P01331,P00052,facilitator,CASE0144
REL01564,P00179,P00860,family,CASE0025
REL01565,P01207,P00477,facilitator,CASE0005
REL01566,P00014,P00327,employer,CASE0018
REL01567,P00477,P00593,employer,CASE0033
REL01568,P01781,P00736,family,CASE0138
REL01569,P00570,P00593,family,CASE0111
REL01570,P01099,P00736,family,CASE0192
REL01571,P00143,P00542,associate,CASE0002
REL01572,P01889,P00394,employer,CASE0226
REL01573,P01302,P00055,family,CASE0064
REL01574,P00066,P01555,employer,CASE0194
REL01575,P00860,P01775,tenant,CASE0091
REL01576,P00089,P00055,tenant,CASE0120
REL01577,P00334,P01765,family,CASE0053
REL01578,P01709,P01430,business_partner,CASE0027
REL01579,P01207,P01331,facilitator,CASE0166
REL01580,P01386,P00055,facilitator,CASE0017
REL01581,P00547,P00448,associate,CASE0045
REL01582,P01709,P00319,family,CASE0211
REL01583,P01331,P01267,associate,CASE0155
REL01584,P01373,P00229,employer,CASE0073
REL01585,P01752,P00229,business_partner,CASE0135
REL01586,P00319,P01035,family,CASE0072
REL01587,P00570,P01651,tenant,CASE0101
REL01588,P00430,P01467,facilitator,CASE0131
REL01589,P01752,P01765,employer,CASE0121
REL01590,P01765,P00192,business_partner,CASE0097
REL01591,P00736,P00210,associate,CASE0196
REL01592,P00089,P00210,tenant,CASE0001
REL01593,P01961,P01781,family,CASE0081
REL01594,P01035,P01207,facilitator,CASE0186
REL01595,P01814,P00319,associate,CASE0085
REL01596,P00408,P00570,associate,CASE0148
REL01597,P00458,P01752,tenant,CASE0061
REL01598,P00759,P00256,employer,CASE0220
REL01599,P00705,P00920,associate,CASE0116
REL01600,P00179,P01651,family,CASE0147
REL01601,P01150,P01699,tenant,CASE0178
REL01602,P00860,P01233,family,CASE0194
REL01603,P01183,P01131,associate,CASE0240
REL01604,P00564,P00179,family,CASE0225
REL01605,P00728,P00920,family,CASE0196
REL01606,P00547,P01288,employer,CASE0201
REL01607,P01302,P00164,tenant,CASE0156
REL01608,P00441,P00759,employer,CASE0227
REL01609,P00334,P00759,employer,CASE0170
REL01610,P00502,P01233,associate,CASE0012
REL01611,P01267,P00319,business_partner,CASE0031
REL01612,P00327,P00430,tenant,CASE0204
REL01613,P00162,P01828,tenant,CASE0101
REL01614,P00408,P01035,facilitator,CASE0052
REL01615,P01584,P00467,employer,CASE0090
REL01616,P01993,P01775,family,CASE0174
REL01617,P01302,P01993,business_partner,CASE0125
REL01618,P01183,P01131,family,CASE0062
REL01619,P01584,P00865,family,CASE0054
REL01620,P00593,P00394,facilitator,CASE0090
REL01621,P01651,P01961,family,CASE0138
REL01622,P01467,P01035,employer,CASE0190
REL01623,P00014,P00920,business_partner,CASE0116
REL01624,P01781,P00741,family,CASE0040
REL01625,P00748,P01699,business_partner,CASE0215
REL01626,P01961,P01150,family,CASE0143
REL01627,P00229,P00593,associate,CASE0211
REL01628,P01131,P01443,facilitator,CASE0050
REL01629,P00860,P00736,family,CASE0196
REL01630,P01267,P01467,tenant,CASE0130
REL01631,P01355,P01736,business_partner,CASE0233
REL01632,P01555,P00728,associate,CASE0225
REL01633,P00776,P01919,tenant,CASE0042
REL01634,P01699,P00089,employer,CASE0184
REL01635,P00448,P00502,employer,CASE0016
REL01636,P00865,P01564,employer,CASE0159
REL01637,P00207,P00062,business_partner,CASE0035
REL01638,P01386,P00728,business_partner,CASE0208
REL01639,P01233,P01509,tenant,CASE0123
REL01640,P00441,P01765,family,CASE0203
REL01641,P00210,P01765,employer,CASE0039
REL01642,P01919,P01386,family,CASE0055
REL01643,P00062,P01331,tenant,CASE0171
REL01644,P00066,P01752,family,CASE0094
REL01645,P00779,P01509,tenant,CASE0143
REL01646,P01131,P00190,business_partner,CASE0199
REL01647,P00334,P00210,tenant,CASE0044
REL01648,P00467,P01781,employer,CASE0067
REL01649,P00865,P00866,employer,CASE0015
REL01650,P00593,P01709,business_partner,CASE0142
REL01651,P01467,P00542,business_partner,CASE0064
REL01652,P00319,P01355,business_partner,CASE0185
REL01653,P01781,P00458,business_partner,CASE0115
REL01654,P01288,P01736,tenant,CASE0068
REL01655,P01150,P01961,facilitator,CASE0029
REL01656,P00779,P01709,business_partner,CASE0029
REL01657,P00776,P01495,employer,CASE0001
REL01658,P01584,P00759,business_partner,CASE0199
REL01659,P00179,P00458,business_partner,CASE0090
REL01660,P00467,P00066,business_partner,CASE0185
REL01661,P00759,P01564,family,CASE0062
REL01662,P01736,P00705,employer,CASE0108
REL01663,P01752,P00779,employer,CASE0199
REL01664,P00286,P01035,facilitator,CASE0048
REL01665,P00759,P01919,employer,CASE0044
REL01666,P00866,P00759,tenant,CASE0086
REL01667,P01437,P00865,family,CASE0170
REL01668,P00736,P00866,facilitator,CASE0012
REL01669,P01288,P00190,associate,CASE0144
REL01670,P00728,P01117,tenant,CASE0210
REL01671,P01267,P00094,associate,CASE0079
REL01672,P00759,P01443,tenant,CASE0190
REL01673,P01288,P01438,family,CASE0071
REL01674,P00179,P01467,tenant,CASE0102
REL01675,P00162,P01131,facilitator,CASE0106
REL01676,P00593,P00564,family,CASE0034
REL01677,P01495,P00014,employer,CASE0105
REL01678,P00728,P01386,family,CASE0065
REL01679,P01752,P00593,facilitator,CASE0137
REL01680,P01443,P01288,employer,CASE0231
REL01681,P01183,P01781,business_partner,CASE0146
REL01682,P01386,P00741,business_partner,CASE0192
REL01683,P01331,P00759,associate,CASE0103
REL01684,P01183,P01653,tenant,CASE0204
REL01685,P00162,P00542,business_partner,CASE0112
REL01686,P00564,P01658,tenant,CASE0239
REL01687,P00601,P01564,business_partner,CASE0206
REL01688,P01443,P01467,family,CASE0068
REL01689,P01373,P01564,business_partner,CASE0153
REL01690,P01889,P01765,facilitator,CASE0213
REL01691,P01653,P00210,associate,CASE0112
REL01692,P00179,P00748,facilitator,CASE0059
REL01693,P00570,P00458,family,CASE0104
REL01694,P00865,P01207,associate,CASE0172
REL01695,P00394,P01373,facilitator,CASE0187
REL01696,P01310,P00179,associate,CASE0176
REL01697,P01117,P01437,associate,CASE0005
REL01698,P01302,P00542,tenant,CASE0225
REL01699,P00256,P00690,associate,CASE0128
REL01700,P01430,P00593,employer,CASE0175
REL01701,P01889,P00779,family,CASE0213
REL01702,P00408,P00748,employer,CASE0102
REL01703,P00334,P01509,business_partner,CASE0045
REL01704,P01658,P00448,associate,CASE0177
REL01705,P00776,P00458,associate,CASE0089
REL01706,P00179,P00467,family,CASE0127
REL01707,P00052,P01267,employer,CASE0212
REL01708,P00408,P00728,facilitator,CASE0176
REL01709,P00690,P00920,employer,CASE0040
REL01710,P00334,P00467,associate,CASE0139
REL01711,P01288,P00865,associate,CASE0086
REL01712,P01302,P01430,family,CASE0085
REL01713,P00094,P01207,associate,CASE0049
REL01714,P00430,P00441,tenant,CASE0193
REL01715,P00741,P01467,facilitator,CASE0119
REL01716,P00705,P00229,family,CASE0217
REL01717,P00776,P01919,employer,CASE0149
REL01718,P00865,P00779,tenant,CASE0054
REL01719,P00179,P00697,tenant,CASE0023
REL01720,P01828,P01150,associate,CASE0119
REL01721,P01207,P00759,facilitator,CASE0120
REL01722,P01781,P00570,associate,CASE0159
REL01723,P00458,P00865,facilitator,CASE0001
REL01724,P00408,P00690,family,CASE0009
REL01725,P00164,P00190,tenant,CASE0113
REL01726,P01658,P00066,family,CASE0082
REL01727,P01889,P00865,family,CASE0056
REL01728,P00860,P00697,associate,CASE0105
REL01729,P01814,P00448,tenant,CASE0106
REL01730,P00448,P01035,associate,CASE0236
REL01731,P00779,P01210,business_partner,CASE0122
REL01732,P00089,P01961,employer,CASE0106
REL01733,P01207,P00094,family,CASE0022
REL01734,P00089,P01736,business_partner,CASE0031
REL01735,P00207,P00179,facilitator,CASE0044
REL01736,P01233,P01775,employer,CASE0112
REL01737,P01961,P00199,family,CASE0131
REL01738,P00920,P01993,employer,CASE0037
REL01739,P01438,P00458,facilitator,CASE0143
REL01740,P01584,P01814,family,CASE0175
REL01741,P01653,P00759,tenant,CASE0230
REL01742,P01099,P00741,business_partner,CASE0138
REL01743,P01752,P00162,family,CASE0229
REL01744,P01267,P00564,tenant,CASE0235
REL01745,P01653,P00728,facilitator,CASE0086
REL01746,P00066,P00728,employer,CASE0064
REL01747,P00779,P01752,family,CASE0209
REL01748,P00014,P01709,employer,CASE0114
REL01749,P01302,P01117,family,CASE0144
REL01750,P00601,P00164,associate,CASE0007
REL01751,P01555,P01117,family,CASE0170
REL01752,P00697,P00286,tenant,CASE0071
REL01753,P00860,P01961,business_partner,CASE0193
REL01754,P00164,P01814,associate,CASE0209
REL01755,P01233,P00207,family,CASE0146
REL01756,P00430,P01355,employer,CASE0056
REL01757,P00143,P01961,tenant,CASE0173
REL01758,P00776,P01267,family,CASE0192
REL01759,P00748,P01437,family,CASE0159
REL01760,P01302,P00286,tenant,CASE0031
REL01761,P00327,P00286,tenant,CASE0017
REL01762,P01035,P01814,associate,CASE0174
REL01763,P01331,P00334,facilitator,CASE0055
REL01764,P00448,P01993,family,CASE0146
REL01765,P00542,P01651,associate,CASE0148
REL01766,P00570,P00865,associate,CASE0180
REL01767,P00014,P01210,tenant,CASE0167
REL01768,P00736,P00199,tenant,CASE0194
REL01769,P01919,P00199,business_partner,CASE0184
REL01770,P01150,P01775,employer,CASE0093
REL01771,P00066,P00564,associate,CASE0028
REL01772,P01517,P00052,business_partner,CASE0002
REL01773,P01237,P01302,family,CASE0030
REL01774,P00334,P00866,tenant,CASE0044
REL01775,P00256,P01775,family,CASE0148
REL01776,P01035,P00929,tenant,CASE0124
REL01777,P01653,P00229,tenant,CASE0054
REL01778,P00929,P00502,associate,CASE0187
REL01779,P01210,P01288,employer,CASE0140
REL01780,P00143,P01373,facilitator,CASE0130
REL01781,P01736,P01302,tenant,CASE0033
REL01782,P01584,P00452,tenant,CASE0218
REL01783,P00143,P01775,associate,CASE0236
REL01784,P00759,P00286,family,CASE0061
REL01785,P01288,P01437,family,CASE0231
REL01786,P00601,P00164,facilitator,CASE0042
REL01787,P01555,P00779,employer,CASE0050
REL01788,P01150,P00542,employer,CASE0239
REL01789,P00920,P00286,employer,CASE0108
REL01790,P00162,P01288,business_partner,CASE0186
REL01791,P00089,P01828,facilitator,CASE0128
REL01792,P01736,P00094,tenant,CASE0187
REL01793,P01237,P01653,family,CASE0118
REL01794,P00162,P00192,employer,CASE0019
REL01795,P01233,P00542,associate,CASE0063
REL01796,P00776,P01709,facilitator,CASE0040
REL01797,P01131,P00014,associate,CASE0136
REL01798,P01889,P01207,tenant,CASE0003
REL01799,P00452,P00408,business_partner,CASE0002
REL01800,P01699,P01993,tenant,CASE0124
REL01801,P00199,P00941,family,CASE0136
REL01802,P00477,P00570,employer,CASE0087
REL01803,P00697,P01331,associate,CASE0002
REL01804,P00286,P01509,associate,CASE0070
REL01805,P01099,P01237,family,CASE0105
REL01806,P00052,P01355,tenant,CASE0108
REL01807,P00143,P00164,employer,CASE0007
REL01808,P01210,P00256,family,CASE0054
REL01809,P01288,P01961,tenant,CASE0115
REL01810,P00066,P01355,tenant,CASE0187
REL01811,P00741,P00286,facilitator,CASE0213
REL01812,P00089,P01519,facilitator,CASE0157
REL01813,P01752,P01288,associate,CASE0192
REL01814,P00207,P01555,business_partner,CASE0159
REL01815,P00094,P01564,associate,CASE0234
REL01816,P00190,P01775,tenant,CASE0115
REL01817,P01993,P00190,associate,CASE0207
REL01818,P01495,P00207,family,CASE0163
REL01819,P00941,P01781,facilitator,CASE0113
REL01820,P00866,P00164,tenant,CASE0030
REL01821,P01386,P00334,tenant,CASE0178
REL01822,P01709,P00430,facilitator,CASE0023
REL01823,P00052,P01709,family,CASE0026
REL01824,P01437,P00448,tenant,CASE0190
REL01825,P01386,P01519,facilitator,CASE0019
REL01826,P00052,P01699,family,CASE0083
REL01827,P01210,P00697,associate,CASE0047
REL01828,P00452,P00162,business_partner,CASE0235
REL01829,P01651,P01237,employer,CASE0001
REL01830,P01233,P00458,family,CASE0239
REL01831,P00014,P00164,facilitator,CASE0159
REL01832,P00408,P01373,employer,CASE0162
REL01833,P01564,P00256,tenant,CASE0019
REL01834,P00502,P00207,facilitator,CASE0011
REL01835,P00458,P00190,employer,CASE0050
REL01836,P00062,P01519,tenant,CASE0140
REL01837,P00593,P01814,associate,CASE0129
REL01838,P01035,P00448,associate,CASE0189
REL01839,P01736,P01699,tenant,CASE0161
REL01840,P00502,P00920,business_partner,CASE0171
REL01841,P00705,P01386,tenant,CASE0088
REL01842,P01035,P01443,family,CASE0071
REL01843,P00547,P00066,employer,CASE0129
REL01844,P01331,P00728,tenant,CASE0108
REL01845,P01653,P00199,facilitator,CASE0182
REL01846,P01331,P01467,family,CASE0204
REL01847,P00210,P01430,family,CASE0150
REL01848,P00441,P00179,tenant,CASE0219
REL01849,P01709,P01288,family,CASE0110
REL01850,P01584,P00448,associate,CASE0049
REL01851,P00741,P01467,tenant,CASE0230
REL01852,P00547,P01699,associate,CASE0240
REL01853,P01699,P00199,family,CASE0059
REL01854,P01099,P00192,employer,CASE0101
REL01855,P00066,P00448,family,CASE0064
REL01856,P01430,P01131,facilitator,CASE0149
REL01857,P01699,P00052,facilitator,CASE0081
REL01858,P01658,P01310,tenant,CASE0105
REL01859,P00190,P00741,employer,CASE0181
REL01860,P01752,P00736,family,CASE0167
REL01861,P00192,P00256,family,CASE0076
REL01862,P00164,P00736,employer,CASE0123
REL01863,P00741,P01828,associate,CASE0210
REL01864,P00207,P00542,facilitator,CASE0218
REL01865,P01709,P01564,facilitator,CASE0069
REL01866,P00210,P00929,tenant,CASE0217
REL01867,P01709,P01430,family,CASE0010
REL01868,P01131,P01919,employer,CASE0179
REL01869,P00179,P00334,family,CASE0045
REL01870,P00210,P00334,employer,CASE0093
REL01871,P01519,P00066,tenant,CASE0195
REL01872,P01752,P00256,business_partner,CASE0216
REL01873,P00601,P01267,employer,CASE0165
REL01874,P01699,P01653,family,CASE0124
REL01875,P00408,P00286,employer,CASE0122
REL01876,P01564,P00089,facilitator,CASE0024
REL01877,P00728,P00776,tenant,CASE0010
REL01878,P00094,P01699,business_partner,CASE0052
REL01879,P01919,P01233,employer,CASE0166
REL01880,P00192,P00467,associate,CASE0189
REL01881,P01736,P01386,associate,CASE0220
REL01882,P01099,P01117,employer,CASE0171
REL01883,P00229,P01765,facilitator,CASE0239
REL01884,P00062,P01752,tenant,CASE0002
REL01885,P01517,P00865,business_partner,CASE0148
REL01886,P00327,P01699,employer,CASE0231
REL01887,P00192,P00860,employer,CASE0040
REL01888,P01752,P01495,employer,CASE0148
REL01889,P00210,P00458,employer,CASE0013
REL01890,P01430,P00705,facilitator,CASE0054
REL01891,P01509,P00448,business_partner,CASE0155
REL01892,P00408,P00452,associate,CASE0101
REL01893,P01207,P01467,business_partner,CASE0107
REL01894,P01131,P00452,family,CASE0017
REL01895,P00865,P01210,associate,CASE0164
REL01896,P01437,P01331,tenant,CASE0232
REL01897,P00697,P00866,employer,CASE0030
REL01898,P00467,P00477,facilitator,CASE0148
REL01899,P00256,P00941,family,CASE0134
REL01900,P01467,P00210,facilitator,CASE0174
REL01901,P01302,P00441,facilitator,CASE0123
REL01902,P01355,P01781,tenant,CASE0183
REL01903,P00741,P00408,employer,CASE0072
REL01904,P01509,P00256,facilitator,CASE0183
REL01905,P01781,P01919,business_partner,CASE0172
REL01906,P00542,P00779,facilitator,CASE0047
REL01907,P01736,P00759,family,CASE0066
REL01908,P00164,P00860,associate,CASE0100
REL01909,P01993,P00865,family,CASE0129
REL01910,P01233,P00408,family,CASE0146
REL01911,P00759,P00179,employer,CASE0177
REL01912,P00564,P00705,facilitator,CASE0018
REL01913,P01331,P00564,tenant,CASE0225
REL01914,P00164,P00477,family,CASE0191
REL01915,P01658,P01099,employer,CASE0166
REL01916,P00441,P00448,business_partner,CASE0074
REL01917,P00210,P00941,tenant,CASE0054
REL01918,P01117,P01386,facilitator,CASE0152
REL01919,P00286,P00866,business_partner,CASE0074
REL01920,P01495,P00776,family,CASE0126
REL01921,P01438,P01233,associate,CASE0175
REL01922,P01555,P01781,family,CASE0045
REL01923,P00062,P01699,family,CASE0018
REL01924,P00458,P00467,associate,CASE0001
REL01925,P00502,P00448,employer,CASE0064
REL01926,P01775,P01814,family,CASE0198
REL01927,P00865,P00190,tenant,CASE0020
REL01928,P00452,P00697,facilitator,CASE0060
REL01929,P00210,P01099,tenant,CASE0030
REL01930,P01765,P01210,family,CASE0049
REL01931,P01438,P01331,tenant,CASE0061
REL01932,P00334,P00748,business_partner,CASE0014
REL01933,P00192,P00164,tenant,CASE0200
REL01934,P01653,P00779,family,CASE0140
REL01935,P01150,P01233,employer,CASE0173
REL01936,P00477,P01267,family,CASE0085
REL01937,P00441,P01993,associate,CASE0121
REL01938,P01993,P01183,facilitator,CASE0182
REL01939,P01814,P01035,associate,CASE0026
REL01940,P00467,P00334,employer,CASE0186
REL01941,P01331,P00564,family,CASE0028
REL01942,P00179,P01519,business_partner,CASE0153
REL01943,P00052,P00941,associate,CASE0069
REL01944,P00860,P01183,tenant,CASE0063
REL01945,P00394,P00430,employer,CASE0121
REL01946,P00055,P00779,family,CASE0107
REL01947,P01765,P01555,associate,CASE0178
REL01948,P00055,P00736,associate,CASE0165
REL01949,P01519,P00779,associate,CASE0187
REL01950,P00441,P00547,tenant,CASE0016
REL01951,P01150,P01765,family,CASE0136
REL01952,P00334,P00759,business_partner,CASE0174
REL01953,P00179,P00697,employer,CASE0164
REL01954,P01430,P00089,facilitator,CASE0211
REL01955,P00929,P00190,business_partner,CASE0171
REL01956,P01961,P00477,family,CASE0186
REL01957,P01517,P00866,associate,CASE0050
REL01958,P00467,P00192,employer,CASE0047
REL01959,P00736,P00441,family,CASE0157
REL01960,P01237,P01555,associate,CASE0145
REL01961,P00143,P00319,facilitator,CASE0231
REL01962,P00256,P01584,family,CASE0052
REL01963,P00430,P00570,tenant,CASE0068
REL01964,P01564,P01099,associate,CASE0016
REL01965,P01035,P00089,family,CASE0001
REL01966,P00052,P01331,employer,CASE0058
REL01967,P01288,P00941,business_partner,CASE0151
REL01968,P01555,P01509,tenant,CASE0197
REL01969,P00334,P01237,tenant,CASE0037
REL01970,P00547,P00229,facilitator,CASE0135
REL01971,P01699,P01495,facilitator,CASE0183
REL01972,P01373,P00199,tenant,CASE0095
REL01973,P01961,P01699,employer,CASE0212
REL01974,P00094,P01495,associate,CASE0223
REL01975,P01699,P01355,tenant,CASE0069
REL01976,P00547,P00394,associate,CASE0102
REL01977,P01430,P00256,facilitator,CASE0187
REL01978,P00776,P00865,business_partner,CASE0033
REL01979,P01495,P00199,tenant,CASE0052
REL01980,P00014,P00779,facilitator,CASE0097
REL01981,P01210,P01699,business_partner,CASE0028
REL01982,P00547,P01765,employer,CASE0046
REL01983,P01919,P01035,facilitator,CASE0128
REL01984,P01355,P01765,tenant,CASE0015
REL01985,P00570,P00542,family,CASE0039
REL01986,P00052,P01517,employer,CASE0197
REL01987,P00866,P01386,tenant,CASE0065
REL01988,P01288,P00192,tenant,CASE0180
REL01989,P00055,P00430,family,CASE0017
REL01990,P01183,P01736,associate,CASE0209
REL01991,P01302,P01781,associate,CASE0049
REL01992,P01699,P00776,facilitator,CASE0205
REL01993,P00199,P01035,business_partner,CASE0229
REL01994,P00776,P00542,employer,CASE0220
REL01995,P00728,P00458,family,CASE0158
REL01996,P01658,P01564,facilitator,CASE0152
REL01997,P00164,P00866,associate,CASE0055
REL01998,P01183,P01564,facilitator,CASE0053
REL01999,P01709,P00199,associate,CASE0046
REL02000,P00779,P01651,associate,CASE0022
REL02001,P01709,P01131,family,CASE0229
REL02002,P00705,P00441,employer,CASE0127
REL02003,P01210,P01752,associate,CASE0048
REL02004,P00697,P01889,tenant,CASE0207
REL02005,P00229,P00066,facilitator,CASE0220
REL02006,P01288,P00728,business_partner,CASE0088
REL02007,P00697,P00759,tenant,CASE0093
REL02008,P00052,P00601,associate,CASE0144
REL02009,P00190,P00089,facilitator,CASE0172
REL02010,P01233,P00779,business_partner,CASE0203
REL02011,P00502,P01331,facilitator,CASE0120
REL02012,P01709,P00052,tenant,CASE0214
REL02013,P01267,P01651,family,CASE0127
REL02014,P01373,P00452,family,CASE0023
REL02015,P01437,P01355,associate,CASE0006
REL02016,P01495,P00458,employer,CASE0058
REL02017,P01288,P01653,facilitator,CASE0204
REL02018,P00143,P00477,family,CASE0197
REL02019,P01386,P01651,family,CASE0122
REL02020,P00210,P00441,family,CASE0126
REL02021,P01430,P00089,family,CASE0179
REL02022,P01699,P00467,family,CASE0044
REL02023,P00741,P01699,family,CASE0162
REL02024,P00089,P00690,tenant,CASE0018
REL02025,P00066,P00055,tenant,CASE0230
REL02026,P01495,P00207,business_partner,CASE0171
REL02027,P01961,P00776,tenant,CASE0238
REL02028,P01709,P00327,family,CASE0007
REL02029,P01653,P01373,employer,CASE0214
REL02030,P01889,P00055,employer,CASE0077
REL02031,P01828,P01709,family,CASE0115
REL02032,P01210,P00286,business_partner,CASE0148
REL02033,P00570,P01233,family,CASE0020
REL02034,P00601,P00199,family,CASE0193
REL02035,P01233,P00062,family,CASE0208
REL02036,P01519,P00286,tenant,CASE0174
REL02037,P00748,P01651,facilitator,CASE0204
REL02038,P01183,P01564,family,CASE0232
REL02039,P01355,P00860,business_partner,CASE0086
REL02040,P01509,P00062,family,CASE0116
REL02041,P01752,P01919,employer,CASE0206
REL02042,P01131,P00207,facilitator,CASE0167
REL02043,P01993,P00929,tenant,CASE0084
REL02044,P01302,P00143,tenant,CASE0074
REL02045,P01709,P01302,tenant,CASE0029
REL02046,P01207,P00286,tenant,CASE0102
REL02047,P00564,P00779,business_partner,CASE0021
REL02048,P01288,P01302,associate,CASE0073
REL02049,P01658,P00448,facilitator,CASE0017
REL02050,P00441,P00477,family,CASE0198
REL02051,P01373,P00319,tenant,CASE0023
REL02052,P01736,P01781,facilitator,CASE0020
REL02053,P01519,P01207,associate,CASE0016
REL02054,P01131,P00430,associate,CASE0194
REL02055,P00705,P00741,facilitator,CASE0096
REL02056,P00690,P00199,facilitator,CASE0225
REL02057,P00502,P01438,tenant,CASE0022
REL02058,P01233,P00192,business_partner,CASE0206
REL02059,P01035,P00564,family,CASE0024
REL02060,P01765,P00430,tenant,CASE0117
REL02061,P01993,P00690,family,CASE0221
REL02062,P00542,P00748,tenant,CASE0232
REL02063,P01331,P01658,tenant,CASE0037
REL02064,P00229,P01117,facilitator,CASE0174
REL02065,P00143,P01814,facilitator,CASE0127
REL02066,P00458,P00547,family,CASE0210
REL02067,P00458,P00394,employer,CASE0174
REL02068,P01889,P00319,family,CASE0033
REL02069,P00066,P00502,tenant,CASE0014
REL02070,P01651,P01310,facilitator,CASE0119
REL02071,P00860,P01651,employer,CASE0042
REL02072,P00728,P00593,facilitator,CASE0191
REL02073,P00697,P01438,associate,CASE0212
REL02074,P01117,P01443,family,CASE0035
REL02075,P01331,P00143,family,CASE0096
REL02076,P01828,P00199,business_partner,CASE0092
REL02077,P01373,P00866,family,CASE0073
REL02078,P01150,P00728,facilitator,CASE0118
REL02079,P00547,P00062,tenant,CASE0213
REL02080,P01099,P00207,employer,CASE0129
REL02081,P00860,P00408,facilitator,CASE0113
REL02082,P01564,P01150,business_partner,CASE0161
REL02083,P01035,P00593,family,CASE0072
REL02084,P00865,P01386,family,CASE0008
REL02085,P01117,P01828,family,CASE0093
REL02086,P00190,P00052,business_partner,CASE0055
REL02087,P00542,P01564,employer,CASE0137
REL02088,P00547,P00759,employer,CASE0204
REL02089,P01919,P01386,employer,CASE0006
REL02090,P01651,P01653,associate,CASE0195
REL02091,P00690,P00256,employer,CASE0067
REL02092,P01517,P01430,tenant,CASE0105
REL02093,P00190,P00477,facilitator,CASE0058
REL02094,P01889,P01183,associate,CASE0132
REL02095,P01386,P01709,associate,CASE0067
REL02096,P01519,P00066,business_partner,CASE0200
REL02097,P00776,P00094,employer,CASE0173
REL02098,P01210,P00467,employer,CASE0051
REL02099,P00334,P01775,facilitator,CASE0204
REL02100,P00697,P01765,family,CASE0004
REL02101,P00448,P01099,employer,CASE0115
REL02102,P00207,P00547,tenant,CASE0038
REL02103,P00066,P00162,facilitator,CASE0238
REL02104,P01035,P01564,business_partner,CASE0123
REL02105,P01035,P00394,tenant,CASE0180
REL02106,P00705,P01233,facilitator,CASE0127
REL02107,P01131,P01752,family,CASE0143
REL02108,P01752,P00164,facilitator,CASE0057
REL02109,P00593,P00210,employer,CASE0074
REL02110,P00408,P01237,associate,CASE0105
REL02111,P01961,P00748,facilitator,CASE0123
REL02112,P00164,P01509,family,CASE0162
REL02113,P00327,P01331,facilitator,CASE0212
REL02114,P01736,P01814,facilitator,CASE0199
REL02115,P00542,P00601,family,CASE0140
REL02116,P00256,P01131,tenant,CASE0094
REL02117,P01653,P01509,employer,CASE0132
REL02118,P00467,P00164,employer,CASE0071
REL02119,P01355,P00327,employer,CASE0097
REL02120,P01709,P01373,associate,CASE0225
REL02121,P01993,P00143,associate,CASE0076
REL02122,P01517,P01355,family,CASE0229
REL02123,P00014,P00286,family,CASE0088
REL02124,P01519,P00014,employer,CASE0136
REL02125,P01709,P01467,business_partner,CASE0105
REL02126,P00759,P00199,tenant,CASE0207
REL02127,P00779,P00164,employer,CASE0098
REL02128,P01658,P00441,business_partner,CASE0170
REL02129,P00319,P00776,business_partner,CASE0067
REL02130,P00430,P01438,facilitator,CASE0227
REL02131,P00593,P00164,employer,CASE0194
REL02132,P00014,P00741,family,CASE0233
REL02133,P01310,P01237,family,CASE0198
REL02134,P00055,P00179,business_partner,CASE0185
REL02135,P00865,P01373,family,CASE0018
REL02136,P00286,P00593,facilitator,CASE0168
REL02137,P00448,P01651,facilitator,CASE0039
REL02138,P00055,P01443,family,CASE0018
REL02139,P01736,P01651,employer,CASE0056
REL02140,P01355,P01765,tenant,CASE0007
REL02141,P00256,P01651,family,CASE0037
REL02142,P01237,P01288,employer,CASE0145
REL02143,P00229,P00319,tenant,CASE0042
REL02144,P00467,P01653,associate,CASE0011
REL02145,P00502,P01699,facilitator,CASE0025
REL02146,P01495,P00179,associate,CASE0205
REL02147,P00327,P01035,facilitator,CASE0230
REL02148,P00776,P00593,family,CASE0017
REL02149,P00690,P00860,employer,CASE0213
REL02150,P01961,P01035,associate,CASE0099
REL02151,P01584,P00542,employer,CASE0038
REL02152,P01517,P00741,family,CASE0160
REL02153,P00477,P01386,facilitator,CASE0209
REL02154,P00542,P00394,employer,CASE0230
REL02155,P00593,P00143,associate,CASE0129
REL02156,P01302,P01993,employer,CASE0176
REL02157,P01509,P00179,employer,CASE0077
REL02158,P00408,P00014,employer,CASE0094
REL02159,P00394,P00728,employer,CASE0185
REL02160,P01919,P00502,employer,CASE0051
REL02161,P01752,P01310,facilitator,CASE0003
REL02162,P00430,P00162,associate,CASE0108
REL02163,P00408,P00190,family,CASE0179
REL02164,P01709,P01519,associate,CASE0146
REL02165,P01495,P01555,employer,CASE0101
REL02166,P00327,P00334,tenant,CASE0002
REL02167,P00941,P00467,facilitator,CASE0077
REL02168,P01919,P01210,facilitator,CASE0002
REL02169,P00210,P01651,facilitator,CASE0196
REL02170,P00477,P00920,family,CASE0200
REL02171,P00748,P00327,employer,CASE0171
REL02172,P01207,P00929,business_partner,CASE0048
REL02173,P01099,P00570,tenant,CASE0051
REL02174,P01430,P00143,facilitator,CASE0113
REL02175,P00162,P00458,family,CASE0155
REL02176,P01775,P01658,employer,CASE0087
REL02177,P01765,P00477,facilitator,CASE0191
REL02178,P00467,P00741,employer,CASE0054
REL02179,P01658,P00860,associate,CASE0013
REL02180,P00779,P01919,associate,CASE0138
REL02181,P00690,P01736,business_partner,CASE0013
REL02182,P00860,P01302,business_partner,CASE0079
REL02183,P00448,P00748,associate,CASE0010
REL02184,P01386,P00941,facilitator,CASE0142
REL02185,P00502,P01653,tenant,CASE0090
REL02186,P01373,P00779,associate,CASE0041
REL02187,P01564,P01495,tenant,CASE0006
REL02188,P00941,P00759,associate,CASE0012
REL02189,P00190,P00736,facilitator,CASE0156
REL02190,P00736,P01386,tenant,CASE0043
REL02191,P01519,P01373,tenant,CASE0112
REL02192,P01099,P01709,associate,CASE0154
REL02193,P00741,P00860,family,CASE0091
REL02194,P01430,P01302,family,CASE0168
REL02195,P00593,P01814,tenant,CASE0197
REL02196,P01517,P01658,business_partner,CASE0103
REL02197,P00941,P00929,family,CASE0124
REL02198,P00394,P00593,family,CASE0139
REL02199,P00094,P01775,business_partner,CASE0169
REL02200,P01653,P01267,associate,CASE0165
REL02201,P00430,P01131,employer,CASE0112
REL02202,P00779,P01555,associate,CASE0216
REL02203,P01210,P01288,family,CASE0174
REL02204,P00697,P00502,business_partner,CASE0143
REL02205,P00441,P01302,facilitator,CASE0054
REL02206,P00570,P01828,facilitator,CASE0135
REL02207,P00452,P00014,family,CASE0114
REL02208,P00199,P00334,business_partner,CASE0202
REL02209,P01709,P01386,facilitator,CASE0074
REL02210,P01709,P00759,facilitator,CASE0216
REL02211,P00601,P01775,family,CASE0019
REL02212,P01993,P01736,family,CASE0125
REL02213,P01961,P00570,family,CASE0238
REL02214,P00143,P00229,facilitator,CASE0217
REL02215,P01961,P01564,tenant,CASE0034
REL02216,P01288,P00179,facilitator,CASE0233
REL02217,P01775,P00066,tenant,CASE0176
REL02218,P01373,P01555,business_partner,CASE0061
REL02219,P01331,P00502,family,CASE0183
REL02220,P01699,P01519,associate,CASE0198
REL02221,P01752,P00430,family,CASE0021
REL02222,P00502,P01584,associate,CASE0148
REL02223,P00162,P00055,facilitator,CASE0196
REL02224,P01183,P00776,family,CASE0178
REL02225,P01210,P01386,tenant,CASE0193
REL02226,P00866,P00286,tenant,CASE0139
REL02227,P00593,P01210,tenant,CASE0175
REL02228,P00210,P01736,business_partner,CASE0238
REL02229,P01310,P01443,employer,CASE0143
REL02230,P00748,P01495,business_partner,CASE0040
REL02231,P00190,P01233,facilitator,CASE0161
REL02232,P00327,P00941,facilitator,CASE0161
REL02233,P00066,P01288,family,CASE0026
REL02234,P00448,P01519,business_partner,CASE0156
REL02235,P00179,P00334,tenant,CASE0206
REL02236,P01781,P01828,family,CASE0177
REL02237,P01961,P00467,associate,CASE0218
REL02238,P00052,P01150,tenant,CASE0074
REL02239,P00929,P01099,facilitator,CASE0155
REL02240,P01555,P00741,employer,CASE0182
REL02241,P00199,P01117,facilitator,CASE0023
REL02242,P01331,P00327,family,CASE0044
REL02243,P01237,P00448,tenant,CASE0143
REL02244,P00229,P01584,employer,CASE0225
REL02245,P01752,P01430,employer,CASE0234
REL02246,P01814,P00570,associate,CASE0063
REL02247,P01430,P01584,facilitator,CASE0113
REL02248,P00467,P00164,facilitator,CASE0216
REL02249,P01237,P00014,employer,CASE0114
REL02250,P00728,P01035,associate,CASE0079
REL02251,P01437,P01658,associate,CASE0073
REL02252,P01658,P01288,business_partner,CASE0140
REL02253,P00601,P00776,facilitator,CASE0035
REL02254,P00207,P00162,family,CASE0159
REL02255,P00697,P00570,family,CASE0089
REL02256,P00564,P00062,associate,CASE0112
REL02257,P00327,P01752,associate,CASE0164
REL02258,P01709,P01237,business_partner,CASE0195
REL02259,P01331,P01310,associate,CASE0153
REL02260,P00055,P01509,employer,CASE0008
REL02261,P01233,P00866,facilitator,CASE0015
REL02262,P01781,P00601,facilitator,CASE0091
REL02263,P00941,P00759,associate,CASE0029
REL02264,P00865,P00502,tenant,CASE0233
REL02265,P01814,P01653,facilitator,CASE0089
REL02266,P01814,P01207,family,CASE0018
REL02267,P01509,P01519,employer,CASE0195
REL02268,P01331,P01919,business_partner,CASE0118
REL02269,P01709,P00055,tenant,CASE0027
REL02270,P00564,P01699,business_partner,CASE0010
REL02271,P01267,P00256,facilitator,CASE0056
REL02272,P01131,P01765,tenant,CASE0062
REL02273,P01267,P00776,family,CASE0201
REL02274,P00860,P00448,facilitator,CASE0093
REL02275,P01736,P00441,family,CASE0089
REL02276,P01099,P00741,tenant,CASE0200
REL02277,P01430,P01437,family,CASE0202
REL02278,P01993,P01658,associate,CASE0113
REL02279,P00448,P00066,tenant,CASE0002
REL02280,P00164,P01752,tenant,CASE0191
REL02281,P00164,P00458,business_partner,CASE0211
REL02282,P01099,P01355,facilitator,CASE0224
REL02283,P00052,P00094,facilitator,CASE0059
REL02284,P00929,P01517,associate,CASE0094
REL02285,P00741,P00570,family,CASE0200
REL02286,P01035,P00143,family,CASE0112
REL02287,P01233,P00866,facilitator,CASE0174
REL02288,P00162,P00741,associate,CASE0144
REL02289,P01651,P00162,tenant,CASE0063
REL02290,P00502,P00190,facilitator,CASE0013
REL02291,P00564,P00467,business_partner,CASE0118
REL02292,P00570,P00865,business_partner,CASE0159
REL02293,P00190,P00452,associate,CASE0108
REL02294,P00430,P01288,associate,CASE0046
REL02295,P01373,P01651,tenant,CASE0105
REL02296,P00164,P01993,business_partner,CASE0209
REL02297,P01443,P01331,associate,CASE0150
REL02298,P00319,P00690,tenant,CASE0154
REL02299,P01302,P00741,business_partner,CASE0091
REL02300,P01237,P00697,tenant,CASE0152
REL02301,P01386,P01517,business_partner,CASE0118
REL02302,P01828,P00477,tenant,CASE0203
REL02303,P01267,P00143,facilitator,CASE0197
REL02304,P00408,P00759,business_partner,CASE0067
REL02305,P00564,P00055,tenant,CASE0107
REL02306,P01517,P01467,associate,CASE0231
REL02307,P01495,P01210,employer,CASE0220
REL02308,P01765,P00748,business_partner,CASE0205
REL02309,P01653,P00705,employer,CASE0194
REL02310,P01210,P01919,employer,CASE0156
REL02311,P00542,P00256,associate,CASE0228
REL02312,P00564,P01430,associate,CASE0150
REL02313,P00052,P01517,business_partner,CASE0148
REL02314,P00601,P01564,business_partner,CASE0065
REL02315,P00697,P00143,business_partner,CASE0111
REL02316,P00779,P00776,facilitator,CASE0090
REL02317,P01961,P00162,tenant,CASE0127
REL02318,P00207,P01233,associate,CASE0138
REL02319,P01919,P00256,family,CASE0189
REL02320,P00210,P00430,facilitator,CASE0006
REL02321,P00089,P01233,tenant,CASE0222
REL02322,P00210,P01814,business_partner,CASE0180
REL02323,P00256,P01233,employer,CASE0169
REL02324,P01355,P01233,associate,CASE0044
REL02325,P00229,P00860,facilitator,CASE0186
REL02326,P01814,P01310,facilitator,CASE0091
REL02327,P00570,P00143,family,CASE0125
REL02328,P01207,P00229,family,CASE0223
REL02329,P00564,P01288,facilitator,CASE0157
REL02330,P01775,P00143,facilitator,CASE0037
REL02331,P00860,P01653,family,CASE0028
REL02332,P01386,P00164,tenant,CASE0199
REL02333,P01386,P01443,family,CASE0077
REL02334,P00062,P01584,employer,CASE0127
REL02335,P01355,P01035,business_partner,CASE0173
REL02336,P00452,P01373,employer,CASE0165
REL02337,P00477,P00941,business_partner,CASE0081
REL02338,P01331,P01653,tenant,CASE0081
REL02339,P00564,P01517,facilitator,CASE0191
REL02340,P01035,P01207,associate,CASE0104
REL02341,P00055,P01310,tenant,CASE0006
REL02342,P00920,P00570,employer,CASE0209
REL02343,P01889,P00319,business_partner,CASE0170
REL02344,P00286,P00229,facilitator,CASE0182
REL02345,P00179,P01889,family,CASE0196
REL02346,P00210,P01736,business_partner,CASE0086
REL02347,P00062,P01709,tenant,CASE0013
REL02348,P00327,P00430,associate,CASE0116
REL02349,P01961,P01814,business_partner,CASE0235
REL02350,P00014,P00547,facilitator,CASE0155
REL02351,P00207,P00929,tenant,CASE0075
REL02352,P00286,P01035,associate,CASE0065
REL02353,P00014,P01331,facilitator,CASE0158
REL02354,P01781,P01509,facilitator,CASE0219
REL02355,P01183,P00759,family,CASE0061
REL02356,P00929,P00748,tenant,CASE0143
REL02357,P01509,P01781,employer,CASE0078
REL02358,P01709,P00502,family,CASE0043
REL02359,P01961,P00690,tenant,CASE0014
REL02360,P00162,P01150,tenant,CASE0054
REL02361,P00860,P00458,business_partner,CASE0197
REL02362,P01961,P00690,employer,CASE0011
REL02363,P00601,P00143,tenant,CASE0014
REL02364,P00929,P00477,tenant,CASE0210
REL02365,P00256,P01651,tenant,CASE0043
REL02366,P00477,P01331,family,CASE0207
REL02367,P00920,P01099,business_partner,CASE0104
REL02368,P00327,P00179,family,CASE0159
REL02369,P01438,P01519,tenant,CASE0234
REL02370,P00697,P00547,business_partner,CASE0014
REL02371,P01207,P01828,tenant,CASE0068
REL02372,P01651,P01889,tenant,CASE0205
REL02373,P00014,P00256,facilitator,CASE0231
REL02374,P01517,P00920,business_partner,CASE0156
REL02375,P00179,P01210,employer,CASE0021
REL02376,P01919,P00229,associate,CASE0077
REL02377,P00452,P00143,associate,CASE0202
REL02378,P00327,P01267,facilitator,CASE0220
REL02379,P00452,P01781,associate,CASE0099
REL02380,P01519,P00865,facilitator,CASE0133
REL02381,P00929,P01709,family,CASE0177
REL02382,P00477,P01267,associate,CASE0034
REL02383,P01131,P01183,business_partner,CASE0138
REL02384,P00697,P00452,associate,CASE0238
REL02385,P01519,P01302,tenant,CASE0045
REL02386,P00564,P00207,business_partner,CASE0234
REL02387,P01889,P00199,family,CASE0110
REL02388,P01495,P01437,tenant,CASE0238
REL02389,P01131,P01443,associate,CASE0169
REL02390,P00542,P00776,facilitator,CASE0079
REL02391,P01035,P00601,family,CASE0127
REL02392,P01828,P00502,tenant,CASE0180
REL02393,P01709,P00190,employer,CASE0126
REL02394,P00593,P01237,facilitator,CASE0218
REL02395,P00697,P00327,employer,CASE0098
REL02396,P01355,P00779,facilitator,CASE0085
REL02397,P00179,P00690,employer,CASE0183
REL02398,P00192,P00319,facilitator,CASE0189
REL02399,P00601,P00866,business_partner,CASE0129
REL02400,P00014,P01267,employer,CASE0141
REL02401,P00319,P00207,employer,CASE0161
REL02402,P01765,P00207,family,CASE0221
REL02403,P00736,P00327,facilitator,CASE0099
REL02404,P00697,P00319,business_partner,CASE0157
REL02405,P00199,P00736,facilitator,CASE0170
REL02406,P00601,P00441,family,CASE0149
REL02407,P01207,P00547,tenant,CASE0190
REL02408,P01736,P00062,tenant,CASE0181
REL02409,P01752,P01781,employer,CASE0113
REL02410,P00014,P01709,associate,CASE0104
REL02411,P01509,P00164,facilitator,CASE0129
REL02412,P00564,P01961,family,CASE0076
REL02413,P00741,P00190,employer,CASE0147
REL02414,P01653,P01889,family,CASE0146
REL02415,P00929,P01331,employer,CASE0114
REL02416,P01765,P00256,tenant,CASE0017
REL02417,P01373,P01781,tenant,CASE0076
REL02418,P00547,P00430,employer,CASE0233
REL02419,P00865,P00860,family,CASE0119
REL02420,P01183,P00286,tenant,CASE0100
REL02421,P00601,P01775,associate,CASE0163
REL02422,P01993,P01438,family,CASE0212
REL02423,P00286,P00327,family,CASE0079
REL02424,P01517,P01889,family,CASE0225
REL02425,P01035,P01267,associate,CASE0202
REL02426,P00452,P00286,family,CASE0066
REL02427,P00190,P00199,tenant,CASE0175
REL02428,P01651,P01288,facilitator,CASE0218
REL02429,P00458,P00286,business_partner,CASE0088
REL02430,P00286,P01555,employer,CASE0087
REL02431,P00860,P00327,tenant,CASE0079
REL02432,P00066,P01310,tenant,CASE0117
REL02433,P01035,P01653,business_partner,CASE0125
REL02434,P00690,P01495,business_partner,CASE0109
REL02435,P00741,P01467,business_partner,CASE0147
REL02436,P01828,P00448,associate,CASE0013
REL02437,P01099,P01495,tenant,CASE0215
REL02438,P01781,P00741,tenant,CASE0190
REL02439,P01386,P01775,employer,CASE0208
REL02440,P00210,P00452,tenant,CASE0030
REL02441,P00199,P00192,tenant,CASE0075
REL02442,P00570,P01467,facilitator,CASE0162
REL02443,P00334,P00441,family,CASE0110
REL02444,P00728,P00705,facilitator,CASE0010
REL02445,P01288,P00207,business_partner,CASE0064
REL02446,P00542,P00210,family,CASE0009
REL02447,P01775,P00199,employer,CASE0114
REL02448,P00334,P00736,associate,CASE0235
REL02449,P01183,P00458,facilitator,CASE0147
REL02450,P00441,P00164,facilitator,CASE0134
REL02451,P00430,P01099,business_partner,CASE0232
REL02452,P00192,P01828,business_partner,CASE0187
REL02453,P01035,P00286,family,CASE0222
REL02454,P01310,P01237,associate,CASE0177
REL02455,P01210,P01653,associate,CASE0055
REL02456,P00448,P01099,tenant,CASE0041
REL02457,P00327,P01658,business_partner,CASE0177
REL02458,P01437,P01828,business_partner,CASE0115
REL02459,P01709,P00319,tenant,CASE0225
REL02460,P01889,P01653,employer,CASE0094
REL02461,P01889,P00014,associate,CASE0167
REL02462,P01302,P01355,business_partner,CASE0011
REL02463,P00779,P00502,business_partner,CASE0069
REL02464,P00776,P00334,business_partner,CASE0094
REL02465,P00448,P00920,family,CASE0233
REL02466,P01814,P01752,family,CASE0144
REL02467,P00062,P01443,family,CASE0117
REL02468,P00776,P00179,business_partner,CASE0025
REL02469,P00052,P00705,facilitator,CASE0136
REL02470,P01555,P01651,employer,CASE0042
REL02471,P00776,P00564,family,CASE0150
REL02472,P00089,P01961,employer,CASE0239
REL02473,P00564,P00477,family,CASE0189
REL02474,P01781,P01302,facilitator,CASE0161
REL02475,P01467,P00229,employer,CASE0082
REL02476,P01564,P00860,family,CASE0050
REL02477,P00210,P01438,family,CASE0150
REL02478,P01509,P00319,facilitator,CASE0001
REL02479,P00162,P00736,facilitator,CASE0185
REL02480,P00094,P01555,facilitator,CASE0068
REL02481,P00179,P00256,facilitator,CASE0024
REL02482,P00741,P00055,employer,CASE0224
REL02483,P01355,P00593,facilitator,CASE0148
REL02484,P01386,P00327,facilitator,CASE0203
REL02485,P01765,P01564,facilitator,CASE0026
REL02486,P00697,P01438,facilitator,CASE0096
REL02487,P00210,P00408,tenant,CASE0068
REL02488,P01765,P01781,facilitator,CASE0046
REL02489,P00319,P00929,employer,CASE0199
REL02490,P01437,P01699,facilitator,CASE0029
REL02491,P01438,P01267,employer,CASE0044
REL02492,P00929,P00542,associate,CASE0085
REL02493,P01584,P01658,tenant,CASE0035
REL02494,P01288,P00334,employer,CASE0085
REL02495,P00705,P01828,associate,CASE0225
REL02496,P01651,P01430,family,CASE0204
REL02497,P00570,P01302,tenant,CASE0037
REL02498,P01210,P00207,tenant,CASE0080
REL02499,P00920,P01519,employer,CASE0015
REL02500,P01237,P01651,family,CASE0115
